industry,product,issue_type,language,channel,overall_sentiment,overall_urgency,outcome,primary_intent,Mes,Hora,Resuelto
SaaS,SSO,Course Access,en-IN,email,negative,high,Resolved,change_plan,2025-08,15,1
Travel,Flight,Seat Change,hi,whatsapp,neutral,medium,Pending Vendor,refund_status,2025-08,2,0
Telecom,International Pack,App Crash,en-IN,whatsapp,positive,medium,Closed - No Action,track_order,2025-08,5,0
Telecom,Roaming,Course Access,en,whatsapp,positive,medium,Escalated,refund_status,2025-08,2,0
Travel,Bus,App Crash,en,in_app,negative,low,Escalated,change_plan,2025-08,7,0
SaaS,Audit Logs,Wrong Item,en,voice_transcript,positive,medium,Pending Customer,download_report,2025-08,16,0
FoodTech,Refund,Service Not Activated,hi,whatsapp,positive,medium,Escalated,download_report,2025-08,13,0
EdTech,Certificate,Late Delivery,en-IN,whatsapp,positive,low,Pending Customer,cancel_order,2025-08,15,0
Travel,Insurance,App Crash,hi,voice_transcript,positive,low,Pending Vendor,download_report,2025-08,12,0
Fintech,Insurance,Payment Failure,en,voice_transcript,positive,high,Pending Vendor,update_kYC,2025-08,1,0
E-commerce,Gift Card,Network Outage,en,in_app,negative,high,Pending Vendor,api_rate_limit,2025-08,9,0
EdTech,Exam,KYC Verification,hi,in_app,negative,medium,Pending Vendor,reset_password,2025-08,22,0
HealthTech,Insurance Claim,Service Not Activated,en-IN,in_app,neutral,medium,Closed - No Action,api_rate_limit,2025-08,15,0
EdTech,Assignment,Refund Delay,en-IN,whatsapp,neutral,medium,Pending Customer,track_order,2025-08,20,0
Fintech,Credit Card,Refund Delay,hi,email,negative,low,Pending Vendor,download_report,2025-08,11,0
Travel,Refund,KYC Verification,hi,voice_transcript,neutral,high,Pending Vendor,activate_esim,2025-08,21,0
Fintech,Credit Card,Seat Change,hi,voice_transcript,negative,critical,Escalated,refund_status,2025-08,13,0
Telecom,Porting,Login Issue,hi,chat,neutral,critical,Closed - No Action,reactivate_subscription,2025-08,12,0
EdTech,Certificate,Technical Bug,hi,whatsapp,negative,critical,Pending Customer,activate_esim,2025-08,0,0
EdTech,Exam,Late Delivery,en,in_app,negative,medium,Resolved,cancel_order,2025-08,14,1
HealthTech,Lab Test,App Crash,hi,email,positive,medium,Closed - No Action,reschedule_flight,2025-08,1,0
EdTech,Certificate,Seat Change,en,in_app,negative,high,Resolved,track_order,2025-08,13,1
FoodTech,Refund,Payment Failure,en,whatsapp,positive,high,Pending Vendor,update_kYC,2025-08,8,0
Travel,Hotel,Payment Failure,en-IN,whatsapp,positive,critical,Closed - No Action,apply_coupon,2025-08,7,0
Telecom,International Pack,Login Issue,hi,whatsapp,negative,low,Pending Customer,api_rate_limit,2025-08,14,0
E-commerce,Coupon,Account Locked,en,email,negative,high,Escalated,refund_status,2025-08,21,0
EdTech,Assignment,Payment Failure,en-IN,whatsapp,negative,medium,Pending Vendor,reset_password,2025-08,22,0
Telecom,4G Pack,Account Locked,hi,email,negative,low,Closed - No Action,cancel_order,2025-09,1,0
FoodTech,Promo,Refund Delay,en-IN,whatsapp,neutral,high,Resolved,cancel_order,2025-08,0,1
Fintech,Insurance,Seat Change,hi,in_app,negative,medium,Pending Vendor,refund_status,2025-09,8,0
Telecom,International Pack,KYC Verification,en,whatsapp,negative,high,Closed - No Action,book_appointment,2025-09,23,0
SaaS,API,Wrong Item,hi,voice_transcript,positive,medium,Pending Customer,apply_coupon,2025-09,10,0
HealthTech,Lab Test,Billing Dispute,en,in_app,positive,medium,Pending Customer,change_plan,2025-09,0,0
FoodTech,Refund,OTP Not Received,hi,chat,negative,high,Resolved,cancel_order,2025-09,18,1
FoodTech,Refund,Billing Dispute,en-IN,in_app,negative,high,Pending Vendor,change_plan,2025-09,15,0
HealthTech,Prescription,Login Issue,en,whatsapp,positive,high,Closed - No Action,apply_coupon,2025-09,2,0
SaaS,SSO,KYC Verification,hi,whatsapp,positive,high,Resolved,update_kYC,2025-09,15,1
FoodTech,Partner Offer,KYC Verification,hi,chat,negative,high,Closed - No Action,refund_status,2025-09,18,0
SaaS,API,Account Locked,en,whatsapp,neutral,high,Closed - No Action,activate_esim,2025-09,19,0
SaaS,API,Course Access,en-IN,email,negative,medium,Escalated,api_rate_limit,2025-09,7,0
Telecom,Porting,Late Delivery,en-IN,chat,positive,low,Pending Customer,api_rate_limit,2025-09,18,0
SaaS,API,Account Locked,hi,whatsapp,positive,high,Pending Customer,reset_password,2025-09,1,0
Travel,Voucher,Payment Failure,en-IN,chat,negative,medium,Escalated,update_kYC,2025-09,5,0
E-commerce,Gift Card,Refund Delay,hi,in_app,positive,high,Resolved,change_plan,2025-09,7,1
EdTech,Mock Test,Wrong Item,en,email,negative,low,Escalated,book_appointment,2025-09,20,0
Travel,Flight,Network Outage,en,whatsapp,negative,high,Escalated,cancel_order,2025-09,2,0
Fintech,Loan,Payment Failure,hi,in_app,positive,high,Pending Vendor,api_rate_limit,2025-09,13,0
HealthTech,Insurance Claim,Wrong Item,en-IN,in_app,negative,critical,Resolved,download_report,2025-09,19,1
Telecom,International Pack,Network Outage,en,voice_transcript,negative,medium,Resolved,reschedule_flight,2025-09,10,1
SaaS,Webhooks,Seat Change,en-IN,chat,positive,high,Pending Customer,change_plan,2025-09,22,0
Telecom,Roaming,Network Outage,en-IN,voice_transcript,neutral,critical,Escalated,update_kYC,2025-09,17,0
Telecom,Roaming,Late Delivery,en,chat,positive,medium,Escalated,refund_status,2025-09,12,0
Fintech,FASTag,Payment Failure,hi,voice_transcript,positive,high,Resolved,reactivate_subscription,2025-09,1,1
HealthTech,Prescription,App Crash,en-IN,in_app,negative,medium,Escalated,update_kYC,2025-09,17,0
Fintech,Loan,KYC Verification,en,voice_transcript,negative,medium,Resolved,book_appointment,2025-09,21,1
HealthTech,Appointment,App Crash,hi,email,neutral,high,Closed - No Action,api_rate_limit,2025-09,17,0
SaaS,Analytics,Network Outage,hi,chat,neutral,critical,Resolved,reactivate_subscription,2025-09,13,1
Telecom,5G Upgrade,Technical Bug,en-IN,chat,neutral,high,Pending Vendor,cancel_order,2025-10,16,0
FoodTech,Wallet,Refund Delay,en,chat,neutral,medium,Closed - No Action,apply_coupon,2025-09,3,0
FoodTech,Wallet,KYC Verification,en-IN,voice_transcript,negative,high,Resolved,api_rate_limit,2025-10,21,1
EdTech,Subscription,Technical Bug,hi,voice_transcript,neutral,medium,Pending Vendor,track_order,2025-10,5,0
Fintech,Credit Card,KYC Verification,en,chat,negative,low,Pending Customer,apply_coupon,2025-10,4,0
SaaS,Analytics,Course Access,hi,whatsapp,negative,high,Closed - No Action,book_appointment,2025-10,5,0
Travel,Flight,Login Issue,en-IN,in_app,positive,high,Closed - No Action,book_appointment,2025-10,23,0
E-commerce,Return,Login Issue,en-IN,chat,positive,high,Escalated,invoice_copy,2025-10,1,0
SaaS,SSO,Network Outage,en-IN,in_app,negative,medium,Closed - No Action,download_report,2025-10,20,0
HealthTech,Report,KYC Verification,hi,voice_transcript,neutral,medium,Resolved,refund_status,2025-10,11,1
Travel,Hotel,Network Outage,en-IN,voice_transcript,positive,low,Pending Customer,invoice_copy,2025-10,15,0
FoodTech,Refund,KYC Verification,en-IN,chat,negative,high,Pending Vendor,download_report,2025-10,22,0
HealthTech,Lab Test,Refund Delay,hi,email,negative,medium,Resolved,activate_esim,2025-10,8,1
Fintech,FASTag,App Crash,hi,email,positive,medium,Escalated,track_order,2025-10,12,0
EdTech,Subscription,Service Not Activated,en,email,positive,critical,Pending Vendor,change_plan,2025-10,23,0
E-commerce,Wallet,App Crash,hi,chat,negative,medium,Pending Vendor,reschedule_flight,2025-10,10,0
Telecom,Porting,Seat Change,en,chat,negative,high,Pending Customer,refund_status,2025-10,22,0
Telecom,eSIM,Seat Change,en,voice_transcript,negative,low,Closed - No Action,api_rate_limit,2025-10,5,0
HealthTech,Report,Payment Failure,en-IN,in_app,negative,medium,Pending Vendor,update_kYC,2025-10,13,0
Telecom,4G Pack,Billing Dispute,hi,voice_transcript,negative,critical,Pending Customer,download_report,2025-10,22,0
Fintech,Insurance,Service Not Activated,hi,chat,negative,high,Pending Vendor,apply_coupon,2025-10,3,0
SaaS,Billing,Technical Bug,en-IN,whatsapp,neutral,medium,Pending Customer,reschedule_flight,2025-10,0,0
E-commerce,Gift Card,OTP Not Received,hi,in_app,negative,high,Closed - No Action,update_kYC,2025-10,5,0
SaaS,API,Late Delivery,en,voice_transcript,negative,high,Closed - No Action,track_order,2025-10,12,0
EdTech,Subscription,Network Outage,hi,voice_transcript,negative,medium,Escalated,track_order,2025-10,23,0
E-commerce,Order,Late Delivery,en-IN,in_app,negative,high,Resolved,reschedule_flight,2025-10,12,1
EdTech,Certificate,Refund Delay,en-IN,email,negative,high,Closed - No Action,invoice_copy,2025-10,4,0
HealthTech,Lab Test,Service Not Activated,en,in_app,neutral,medium,Escalated,activate_esim,2025-10,11,0
Telecom,5G Upgrade,Technical Bug,hi,in_app,negative,low,Resolved,apply_coupon,2025-10,8,1
HealthTech,Appointment,Late Delivery,hi,whatsapp,negative,high,Closed - No Action,invoice_copy,2025-10,6,0
Telecom,Porting,Account Locked,en-IN,in_app,positive,high,Escalated,activate_esim,2025-10,16,0
FoodTech,Partner Offer,Course Access,hi,in_app,negative,medium,Pending Vendor,track_order,2025-11,6,0
SaaS,Workspace,Seat Change,hi,email,neutral,medium,Pending Customer,update_kYC,2025-11,18,0
E-commerce,Coupon,Login Issue,hi,email,negative,critical,Resolved,change_plan,2025-10,13,1
EdTech,Career Track,Refund Delay,en,voice_transcript,negative,medium,Escalated,update_kYC,2025-11,6,0
Travel,Insurance,Technical Bug,hi,whatsapp,neutral,medium,Resolved,cancel_order,2025-11,11,1
Telecom,Roaming,Billing Dispute,hi,email,negative,critical,Escalated,update_kYC,2025-11,18,0
SaaS,Billing,Account Locked,en,chat,negative,medium,Escalated,change_plan,2025-11,4,0
Telecom,Broadband,App Crash,en-IN,voice_transcript,positive,high,Closed - No Action,activate_esim,2025-11,7,0
Telecom,International Pack,Service Not Activated,en-IN,in_app,negative,high,Resolved,update_kYC,2025-11,3,1
SaaS,Webhooks,Billing Dispute,en-IN,in_app,negative,critical,Pending Vendor,invoice_copy,2025-11,13,0
EdTech,Certificate,Refund Delay,en,email,positive,high,Closed - No Action,reschedule_flight,2025-11,5,0
E-commerce,Gift Card,Seat Change,en-IN,in_app,neutral,medium,Closed - No Action,activate_esim,2025-11,5,0
EdTech,Mock Test,Late Delivery,en-IN,voice_transcript,negative,high,Closed - No Action,invoice_copy,2025-11,2,0
Travel,Hotel,Payment Failure,en-IN,whatsapp,negative,critical,Pending Vendor,cancel_order,2025-11,23,0
HealthTech,Prescription,Course Access,hi,in_app,negative,high,Pending Customer,apply_coupon,2025-11,20,0
E-commerce,Exchange,Seat Change,en,email,neutral,medium,Resolved,api_rate_limit,2025-11,22,1
Fintech,UPI,App Crash,hi,chat,positive,medium,Resolved,reschedule_flight,2025-11,15,1
Fintech,Loan,App Crash,hi,in_app,negative,high,Pending Customer,refund_status,2025-11,8,0
EdTech,Subscription,Wrong Item,hi,email,neutral,medium,Resolved,reactivate_subscription,2025-11,14,1
SaaS,Webhooks,KYC Verification,hi,email,neutral,high,Resolved,book_appointment,2025-11,11,1
Travel,Flight,Late Delivery,hi,voice_transcript,neutral,medium,Pending Customer,api_rate_limit,2025-11,19,0
Fintech,Credit Card,Late Delivery,en-IN,whatsapp,negative,high,Pending Vendor,activate_esim,2025-11,8,0
HealthTech,Prescription,Account Locked,en,chat,positive,critical,Pending Customer,activate_esim,2025-11,1,0
HealthTech,Teleconsult,Account Locked,en,whatsapp,neutral,low,Resolved,reschedule_flight,2025-11,7,1
SaaS,SSO,Billing Dispute,en,whatsapp,positive,medium,Resolved,change_plan,2025-11,15,1
Travel,Voucher,App Crash,hi,whatsapp,negative,high,Resolved,activate_esim,2025-11,10,1
E-commerce,Return,Late Delivery,en,chat,negative,critical,Closed - No Action,download_report,2025-11,12,0
HealthTech,Report,App Crash,en,whatsapp,neutral,high,Escalated,download_report,2025-11,14,0
E-commerce,Return,Course Access,hi,whatsapp,neutral,high,Escalated,change_plan,2025-11,9,0
E-commerce,Gift Card,Login Issue,en,whatsapp,negative,critical,Closed - No Action,book_appointment,2025-11,18,0
Travel,Voucher,App Crash,hi,email,negative,high,Resolved,track_order,2025-12,10,1
Telecom,International Pack,Login Issue,hi,voice_transcript,neutral,low,Pending Customer,invoice_copy,2025-08,9,0
Fintech,FASTag,Late Delivery,hi,whatsapp,positive,low,Resolved,update_kYC,2025-08,16,1
Travel,Hotel,Course Access,en-IN,voice_transcript,positive,high,Resolved,change_plan,2025-08,20,1
FoodTech,Membership,Wrong Item,en,in_app,negative,high,Pending Customer,apply_coupon,2025-08,20,0
Fintech,UPI,Payment Failure,en,whatsapp,positive,medium,Closed - No Action,reactivate_subscription,2025-08,23,0
HealthTech,Lab Test,Technical Bug,en-IN,chat,negative,low,Pending Vendor,reactivate_subscription,2025-08,22,0
Fintech,FASTag,Login Issue,en,chat,negative,high,Pending Customer,activate_esim,2025-08,6,0
EdTech,Mock Test,Late Delivery,en-IN,email,positive,critical,Pending Customer,book_appointment,2025-08,15,0
Telecom,Porting,Account Locked,en,in_app,negative,high,Closed - No Action,refund_status,2025-08,5,0
Travel,Insurance,OTP Not Received,en-IN,in_app,negative,high,Escalated,change_plan,2025-08,23,0
SaaS,Webhooks,Payment Failure,hi,email,neutral,medium,Pending Vendor,invoice_copy,2025-08,5,0
E-commerce,Coupon,Seat Change,en-IN,chat,negative,critical,Resolved,api_rate_limit,2025-08,4,1
HealthTech,Report,Late Delivery,en,email,negative,medium,Escalated,cancel_order,2025-08,9,0
EdTech,Mock Test,App Crash,en-IN,chat,neutral,critical,Pending Customer,book_appointment,2025-08,15,0
FoodTech,Partner Offer,Course Access,en,in_app,negative,low,Resolved,update_kYC,2025-08,6,1
Fintech,FASTag,Account Locked,hi,chat,positive,high,Resolved,apply_coupon,2025-08,11,1
Telecom,Roaming,OTP Not Received,hi,whatsapp,neutral,medium,Pending Customer,api_rate_limit,2025-08,17,0
EdTech,Career Track,Billing Dispute,hi,chat,neutral,medium,Pending Customer,invoice_copy,2025-08,20,0
E-commerce,Prime Delivery,Course Access,hi,email,positive,high,Closed - No Action,reactivate_subscription,2025-08,18,0
EdTech,Career Track,Refund Delay,en,voice_transcript,positive,high,Resolved,reschedule_flight,2025-08,20,1
E-commerce,Wallet,Technical Bug,en-IN,email,negative,critical,Resolved,cancel_order,2025-08,4,1
E-commerce,Return,Course Access,en-IN,voice_transcript,neutral,critical,Pending Customer,reset_password,2025-08,18,0
EdTech,Mock Test,KYC Verification,en,chat,negative,high,Pending Customer,reschedule_flight,2025-08,22,0
E-commerce,Exchange,Account Locked,en,email,neutral,medium,Closed - No Action,refund_status,2025-08,0,0
SaaS,Analytics,KYC Verification,en,voice_transcript,negative,low,Escalated,activate_esim,2025-08,5,0
Fintech,Loan,KYC Verification,en-IN,voice_transcript,neutral,low,Escalated,activate_esim,2025-08,15,0
FoodTech,Order,Seat Change,en,voice_transcript,negative,medium,Resolved,book_appointment,2025-08,12,1
FoodTech,Priority Delivery,KYC Verification,hi,voice_transcript,positive,high,Closed - No Action,download_report,2025-08,18,0
SaaS,Webhooks,Technical Bug,en-IN,chat,negative,critical,Pending Vendor,reset_password,2025-08,20,0
Travel,Flight,App Crash,hi,chat,neutral,high,Closed - No Action,book_appointment,2025-08,23,0
HealthTech,Prescription,Technical Bug,hi,in_app,positive,high,Escalated,activate_esim,2025-08,17,0
Fintech,Savings,KYC Verification,en,whatsapp,neutral,medium,Pending Customer,refund_status,2025-09,22,0
HealthTech,Appointment,OTP Not Received,en,in_app,negative,critical,Closed - No Action,api_rate_limit,2025-09,22,0
HealthTech,Teleconsult,Billing Dispute,en-IN,chat,negative,high,Closed - No Action,book_appointment,2025-09,8,0
HealthTech,Lab Test,Payment Failure,en,in_app,neutral,high,Pending Vendor,download_report,2025-09,19,0
Travel,Hotel,Payment Failure,hi,chat,negative,low,Closed - No Action,track_order,2025-09,12,0
FoodTech,Priority Delivery,Late Delivery,en-IN,chat,neutral,low,Closed - No Action,reset_password,2025-09,16,0
Telecom,Broadband,Payment Failure,hi,in_app,neutral,high,Pending Vendor,reschedule_flight,2025-09,11,0
E-commerce,Gift Card,Technical Bug,hi,whatsapp,negative,high,Closed - No Action,reschedule_flight,2025-09,11,0
FoodTech,Membership,Seat Change,en-IN,email,positive,low,Escalated,activate_esim,2025-09,9,0
EdTech,Assignment,Wrong Item,en-IN,email,neutral,medium,Closed - No Action,invoice_copy,2025-09,22,0
Travel,Flight,Network Outage,hi,chat,negative,high,Resolved,reschedule_flight,2025-09,12,1
EdTech,Career Track,Network Outage,hi,whatsapp,negative,high,Escalated,reset_password,2025-09,6,0
E-commerce,Return,KYC Verification,en-IN,whatsapp,negative,high,Pending Vendor,apply_coupon,2025-09,0,0
EdTech,Career Track,OTP Not Received,en,voice_transcript,neutral,critical,Escalated,book_appointment,2025-09,12,0
Telecom,Broadband,Course Access,en-IN,chat,negative,medium,Resolved,track_order,2025-09,11,1
SaaS,Webhooks,Billing Dispute,hi,chat,negative,high,Escalated,invoice_copy,2025-09,12,0
HealthTech,Appointment,App Crash,en-IN,voice_transcript,neutral,critical,Pending Customer,apply_coupon,2025-09,5,0
Fintech,Savings,KYC Verification,en-IN,voice_transcript,negative,high,Pending Vendor,change_plan,2025-09,21,0
Travel,Refund,Refund Delay,en-IN,in_app,neutral,high,Resolved,reschedule_flight,2025-09,22,1
EdTech,Exam,Account Locked,en-IN,whatsapp,neutral,high,Pending Customer,track_order,2025-09,0,0
FoodTech,Membership,Course Access,hi,whatsapp,negative,high,Escalated,reset_password,2025-09,16,0
SaaS,Webhooks,KYC Verification,en,in_app,negative,high,Pending Vendor,track_order,2025-09,17,0
HealthTech,Teleconsult,KYC Verification,en-IN,email,negative,medium,Resolved,download_report,2025-09,4,1
HealthTech,Report,Network Outage,en-IN,whatsapp,neutral,high,Escalated,reset_password,2025-09,23,0
HealthTech,Lab Test,Service Not Activated,en-IN,whatsapp,neutral,medium,Escalated,book_appointment,2025-09,23,0
SaaS,Billing,Technical Bug,en-IN,voice_transcript,neutral,high,Pending Vendor,activate_esim,2025-09,6,0
E-commerce,Return,Seat Change,en-IN,email,negative,critical,Pending Vendor,api_rate_limit,2025-09,7,0
Telecom,Broadband,App Crash,en,in_app,negative,high,Pending Customer,book_appointment,2025-09,5,0
Travel,Hotel,Refund Delay,en-IN,voice_transcript,neutral,critical,Escalated,download_report,2025-09,22,0
SaaS,Webhooks,Technical Bug,en-IN,whatsapp,neutral,medium,Pending Vendor,reset_password,2025-10,6,0
FoodTech,Priority Delivery,Service Not Activated,en-IN,email,neutral,medium,Closed - No Action,book_appointment,2025-10,10,0
EdTech,Mock Test,Technical Bug,en-IN,voice_transcript,neutral,medium,Pending Customer,book_appointment,2025-10,15,0
Fintech,FASTag,Payment Failure,en-IN,email,negative,low,Pending Vendor,refund_status,2025-10,16,0
FoodTech,Membership,Login Issue,en,chat,neutral,medium,Resolved,change_plan,2025-10,17,1
FoodTech,Membership,Technical Bug,en,voice_transcript,negative,medium,Pending Customer,update_kYC,2025-10,20,0
EdTech,Career Track,Course Access,en-IN,in_app,negative,medium,Pending Customer,update_kYC,2025-10,9,0
E-commerce,Exchange,Account Locked,en,voice_transcript,neutral,critical,Pending Customer,book_appointment,2025-10,21,0
Travel,Cab,KYC Verification,en-IN,whatsapp,positive,high,Pending Customer,apply_coupon,2025-10,1,0
HealthTech,Insurance Claim,App Crash,en-IN,voice_transcript,negative,high,Closed - No Action,reactivate_subscription,2025-10,6,0
HealthTech,Insurance Claim,Technical Bug,hi,in_app,negative,high,Pending Vendor,download_report,2025-10,22,0
Telecom,Broadband,Payment Failure,hi,in_app,neutral,high,Resolved,reschedule_flight,2025-10,14,1
E-commerce,Prime Delivery,Payment Failure,hi,in_app,positive,high,Pending Customer,reset_password,2025-10,15,0
Travel,Voucher,Technical Bug,hi,email,negative,high,Pending Vendor,reset_password,2025-10,15,0
SaaS,Analytics,Billing Dispute,en,in_app,negative,low,Pending Customer,activate_esim,2025-10,6,0
HealthTech,Teleconsult,Payment Failure,en-IN,chat,positive,medium,Closed - No Action,update_kYC,2025-10,0,0
E-commerce,Wallet,Network Outage,en,in_app,negative,medium,Closed - No Action,change_plan,2025-10,8,0
Travel,Hotel,App Crash,en,in_app,negative,medium,Pending Vendor,reset_password,2025-10,17,0
FoodTech,Priority Delivery,Wrong Item,en-IN,email,neutral,medium,Pending Vendor,invoice_copy,2025-10,4,0
EdTech,Subscription,Late Delivery,hi,chat,negative,critical,Pending Vendor,reschedule_flight,2025-10,11,0
Telecom,5G Upgrade,App Crash,en,in_app,neutral,critical,Escalated,cancel_order,2025-10,5,0
Fintech,Mutual Fund,OTP Not Received,en-IN,chat,negative,medium,Resolved,reactivate_subscription,2025-10,16,1
Travel,Flight,Seat Change,en-IN,voice_transcript,positive,medium,Closed - No Action,activate_esim,2025-10,8,0
Travel,Voucher,Technical Bug,en,email,positive,high,Resolved,cancel_order,2025-10,4,1
FoodTech,Order,Late Delivery,hi,in_app,positive,medium,Pending Customer,cancel_order,2025-10,23,0
EdTech,Subscription,Course Access,en-IN,chat,neutral,medium,Pending Vendor,track_order,2025-10,13,0
HealthTech,Prescription,Billing Dispute,hi,chat,neutral,medium,Closed - No Action,cancel_order,2025-10,18,0
EdTech,Certificate,Billing Dispute,en,chat,neutral,critical,Escalated,download_report,2025-10,3,0
HealthTech,Teleconsult,Account Locked,en,chat,neutral,high,Pending Vendor,change_plan,2025-10,7,0
FoodTech,Partner Offer,Payment Failure,en-IN,chat,negative,critical,Pending Vendor,book_appointment,2025-10,2,0
Travel,Cab,Technical Bug,en,whatsapp,negative,high,Escalated,change_plan,2025-11,8,0
SaaS,API,Refund Delay,en,chat,negative,medium,Pending Vendor,apply_coupon,2025-11,20,0
FoodTech,Order,Billing Dispute,en-IN,email,negative,medium,Resolved,change_plan,2025-11,14,1
HealthTech,Insurance Claim,Wrong Item,en,in_app,negative,critical,Pending Customer,refund_status,2025-11,14,0
E-commerce,Wallet,Seat Change,hi,chat,negative,high,Pending Customer,cancel_order,2025-11,7,0
HealthTech,Report,KYC Verification,hi,in_app,negative,high,Pending Vendor,reschedule_flight,2025-11,11,0
E-commerce,Coupon,Account Locked,hi,chat,negative,medium,Pending Vendor,reset_password,2025-11,4,0
Telecom,International Pack,OTP Not Received,en,email,neutral,critical,Escalated,change_plan,2025-11,23,0
Travel,Insurance,Wrong Item,hi,email,negative,medium,Pending Vendor,apply_coupon,2025-11,22,0
E-commerce,Order,Refund Delay,en,voice_transcript,negative,medium,Pending Vendor,download_report,2025-11,9,0
EdTech,Assignment,Service Not Activated,en,email,negative,medium,Closed - No Action,refund_status,2025-11,6,0
Telecom,eSIM,Course Access,en-IN,chat,negative,medium,Resolved,reschedule_flight,2025-11,20,1
SaaS,Workspace,OTP Not Received,en-IN,in_app,positive,critical,Pending Vendor,cancel_order,2025-11,3,0
Fintech,FASTag,Login Issue,en,email,neutral,high,Closed - No Action,activate_esim,2025-11,9,0
SaaS,Billing,Login Issue,en-IN,voice_transcript,positive,medium,Pending Customer,activate_esim,2025-11,15,0
FoodTech,Refund,Network Outage,en-IN,whatsapp,positive,medium,Pending Customer,book_appointment,2025-11,21,0
EdTech,Mock Test,Seat Change,hi,whatsapp,negative,medium,Pending Customer,refund_status,2025-11,20,0
E-commerce,Order,Seat Change,en,chat,negative,high,Resolved,invoice_copy,2025-11,18,1
HealthTech,Lab Test,KYC Verification,en,voice_transcript,negative,medium,Pending Customer,reactivate_subscription,2025-11,6,0
Fintech,FASTag,Account Locked,en,whatsapp,negative,critical,Resolved,change_plan,2025-11,11,1
Fintech,Loan,Technical Bug,en-IN,in_app,negative,high,Pending Vendor,download_report,2025-11,21,0
Travel,Refund,Service Not Activated,en,in_app,negative,low,Pending Customer,book_appointment,2025-11,10,0
Travel,Insurance,OTP Not Received,en-IN,email,positive,medium,Closed - No Action,reschedule_flight,2025-11,8,0
Travel,Cab,Billing Dispute,hi,email,positive,high,Closed - No Action,download_report,2025-11,6,0
EdTech,Exam,Account Locked,en-IN,whatsapp,neutral,critical,Escalated,apply_coupon,2025-11,19,0
SaaS,Billing,Payment Failure,en,email,positive,high,Pending Customer,reschedule_flight,2025-11,19,0
EdTech,Subscription,Course Access,en-IN,email,negative,medium,Pending Customer,update_kYC,2025-11,0,0
FoodTech,Refund,Seat Change,en-IN,in_app,neutral,medium,Escalated,cancel_order,2025-11,8,0
Telecom,5G Upgrade,Login Issue,en-IN,chat,positive,high,Closed - No Action,download_report,2025-11,15,0
Travel,Refund,App Crash,en-IN,chat,neutral,critical,Closed - No Action,refund_status,2025-12,12,0
FoodTech,Refund,OTP Not Received,hi,chat,neutral,medium,Escalated,invoice_copy,2025-08,16,0
Telecom,eSIM,App Crash,en,chat,positive,high,Pending Vendor,activate_esim,2025-08,0,0
Telecom,5G Upgrade,Billing Dispute,hi,email,negative,high,Resolved,update_kYC,2025-08,11,1
Telecom,International Pack,KYC Verification,en-IN,voice_transcript,negative,critical,Pending Vendor,change_plan,2025-08,12,0
FoodTech,Wallet,KYC Verification,hi,chat,negative,critical,Pending Customer,reschedule_flight,2025-08,21,0
FoodTech,Promo,Login Issue,en,chat,neutral,medium,Escalated,cancel_order,2025-08,4,0
Telecom,Roaming,Wrong Item,en,chat,negative,medium,Pending Customer,reset_password,2025-08,12,0
SaaS,Webhooks,Course Access,en,chat,positive,medium,Pending Customer,track_order,2025-08,10,0
HealthTech,Report,App Crash,hi,whatsapp,negative,high,Pending Vendor,apply_coupon,2025-08,4,0
E-commerce,Wallet,Service Not Activated,hi,whatsapp,neutral,high,Closed - No Action,download_report,2025-08,21,0
Travel,Cab,Course Access,en,whatsapp,neutral,high,Pending Vendor,cancel_order,2025-08,8,0
Fintech,Mutual Fund,Payment Failure,hi,whatsapp,neutral,high,Pending Customer,change_plan,2025-08,12,0
Fintech,FASTag,Billing Dispute,hi,in_app,positive,low,Closed - No Action,update_kYC,2025-08,17,0
Telecom,International Pack,App Crash,hi,email,negative,high,Pending Customer,apply_coupon,2025-08,17,0
SaaS,SSO,Course Access,en-IN,in_app,negative,high,Pending Customer,reschedule_flight,2025-08,20,0
FoodTech,Refund,Network Outage,hi,voice_transcript,neutral,high,Escalated,activate_esim,2025-08,18,0
Telecom,International Pack,Payment Failure,hi,whatsapp,negative,medium,Pending Vendor,update_kYC,2025-08,14,0
FoodTech,Partner Offer,App Crash,hi,whatsapp,negative,high,Escalated,update_kYC,2025-08,17,0
Telecom,International Pack,Account Locked,hi,voice_transcript,negative,low,Pending Customer,update_kYC,2025-08,16,0
HealthTech,Teleconsult,Login Issue,en-IN,chat,neutral,critical,Pending Vendor,update_kYC,2025-08,21,0
HealthTech,Lab Test,Wrong Item,en,voice_transcript,negative,high,Pending Customer,activate_esim,2025-08,3,0
SaaS,Billing,Billing Dispute,en,voice_transcript,neutral,high,Closed - No Action,reset_password,2025-08,17,0
Fintech,Savings,Seat Change,hi,voice_transcript,positive,medium,Resolved,reset_password,2025-08,16,1
SaaS,API,App Crash,hi,chat,positive,critical,Pending Customer,update_kYC,2025-08,6,0
SaaS,Workspace,Account Locked,en-IN,whatsapp,negative,high,Pending Customer,track_order,2025-08,2,0
FoodTech,Partner Offer,Wrong Item,hi,chat,neutral,low,Escalated,track_order,2025-08,20,0
HealthTech,Report,Network Outage,hi,chat,negative,high,Closed - No Action,activate_esim,2025-08,12,0
FoodTech,Membership,Seat Change,en-IN,in_app,negative,high,Escalated,book_appointment,2025-08,10,0
EdTech,Course,Service Not Activated,hi,whatsapp,neutral,high,Closed - No Action,update_kYC,2025-08,8,0
EdTech,Course,Wrong Item,en,email,positive,low,Pending Customer,invoice_copy,2025-09,19,0
Travel,Hotel,Account Locked,en,in_app,negative,low,Pending Customer,refund_status,2025-09,13,0
EdTech,Course,Billing Dispute,en-IN,whatsapp,positive,medium,Resolved,apply_coupon,2025-09,7,1
E-commerce,Prime Delivery,Payment Failure,en-IN,email,positive,high,Pending Vendor,cancel_order,2025-09,22,0
Telecom,International Pack,Wrong Item,en,whatsapp,positive,high,Pending Vendor,download_report,2025-09,19,0
SaaS,Webhooks,KYC Verification,en-IN,whatsapp,positive,high,Closed - No Action,apply_coupon,2025-09,0,0
EdTech,Career Track,Network Outage,en,in_app,positive,high,Escalated,download_report,2025-09,21,0
SaaS,API,Seat Change,en-IN,whatsapp,neutral,medium,Resolved,reactivate_subscription,2025-09,23,1
Telecom,4G Pack,Wrong Item,hi,chat,negative,medium,Closed - No Action,book_appointment,2025-09,5,0
FoodTech,Partner Offer,Service Not Activated,hi,whatsapp,negative,medium,Resolved,update_kYC,2025-09,16,1
EdTech,Subscription,App Crash,en,chat,negative,medium,Resolved,invoice_copy,2025-09,9,1
Fintech,Mutual Fund,Refund Delay,en,voice_transcript,negative,high,Pending Vendor,invoice_copy,2025-09,8,0
EdTech,Mock Test,Login Issue,en-IN,chat,negative,high,Escalated,reactivate_subscription,2025-09,11,0
Travel,Voucher,Late Delivery,en-IN,whatsapp,neutral,medium,Pending Vendor,reset_password,2025-09,18,0
Telecom,Roaming,App Crash,en,chat,negative,medium,Escalated,download_report,2025-09,12,0
E-commerce,Coupon,App Crash,hi,in_app,negative,high,Pending Customer,invoice_copy,2025-09,1,0
E-commerce,Order,KYC Verification,hi,voice_transcript,negative,low,Closed - No Action,invoice_copy,2025-09,14,0
SaaS,SSO,Account Locked,hi,whatsapp,neutral,high,Pending Customer,api_rate_limit,2025-09,14,0
Travel,Refund,Late Delivery,en-IN,voice_transcript,negative,medium,Resolved,refund_status,2025-09,21,1
EdTech,Course,Course Access,en-IN,whatsapp,positive,high,Resolved,reschedule_flight,2025-09,18,1
Fintech,FASTag,Wrong Item,en,in_app,neutral,high,Pending Customer,reset_password,2025-09,8,0
Travel,Bus,Login Issue,hi,in_app,neutral,critical,Pending Vendor,api_rate_limit,2025-09,23,0
FoodTech,Partner Offer,Login Issue,en-IN,whatsapp,negative,medium,Escalated,reset_password,2025-09,10,0
HealthTech,Lab Test,Network Outage,hi,whatsapp,positive,critical,Pending Vendor,invoice_copy,2025-09,18,0
SaaS,SSO,OTP Not Received,hi,in_app,negative,high,Resolved,cancel_order,2025-09,13,1
HealthTech,Prescription,Payment Failure,hi,voice_transcript,positive,high,Pending Customer,change_plan,2025-09,23,0
E-commerce,Exchange,OTP Not Received,en,email,positive,low,Escalated,change_plan,2025-09,1,0
FoodTech,Priority Delivery,Technical Bug,hi,in_app,neutral,medium,Pending Vendor,cancel_order,2025-09,10,0
Fintech,Loan,Network Outage,hi,whatsapp,neutral,high,Closed - No Action,reschedule_flight,2025-09,20,0
Telecom,4G Pack,Billing Dispute,en-IN,whatsapp,negative,high,Pending Vendor,reset_password,2025-10,9,0
E-commerce,Wallet,Seat Change,hi,chat,negative,high,Pending Customer,reactivate_subscription,2025-09,19,0
Travel,Hotel,Wrong Item,hi,voice_transcript,negative,high,Pending Customer,apply_coupon,2025-10,11,0
FoodTech,Wallet,KYC Verification,en-IN,email,negative,low,Escalated,reschedule_flight,2025-10,22,0
Fintech,Credit Card,App Crash,en-IN,chat,negative,high,Closed - No Action,api_rate_limit,2025-10,4,0
E-commerce,Gift Card,Account Locked,en-IN,whatsapp,neutral,high,Pending Customer,change_plan,2025-10,16,0
Telecom,International Pack,Course Access,en-IN,whatsapp,negative,critical,Pending Vendor,refund_status,2025-10,10,0
FoodTech,Order,Login Issue,hi,chat,negative,high,Closed - No Action,invoice_copy,2025-10,8,0
SaaS,SSO,Wrong Item,en,in_app,negative,medium,Pending Vendor,book_appointment,2025-10,17,0
Telecom,eSIM,Wrong Item,en,whatsapp,negative,medium,Pending Vendor,change_plan,2025-10,0,0
Telecom,4G Pack,Technical Bug,en,whatsapp,negative,high,Escalated,cancel_order,2025-10,7,0
Telecom,Broadband,Network Outage,en,chat,negative,medium,Resolved,reset_password,2025-10,18,1
FoodTech,Partner Offer,Login Issue,en,email,positive,medium,Closed - No Action,refund_status,2025-10,17,0
SaaS,API,Login Issue,hi,voice_transcript,negative,critical,Escalated,apply_coupon,2025-10,6,0
HealthTech,Lab Test,Refund Delay,en,in_app,neutral,high,Pending Customer,reactivate_subscription,2025-10,15,0
HealthTech,Report,Course Access,en-IN,whatsapp,negative,high,Resolved,cancel_order,2025-10,18,1
Fintech,Savings,Service Not Activated,en-IN,email,negative,medium,Resolved,reschedule_flight,2025-10,0,1
Travel,Flight,App Crash,en-IN,in_app,negative,high,Escalated,update_kYC,2025-10,2,0
EdTech,Assignment,KYC Verification,hi,whatsapp,negative,high,Closed - No Action,reactivate_subscription,2025-10,12,0
HealthTech,Lab Test,Payment Failure,en-IN,chat,negative,high,Pending Vendor,invoice_copy,2025-10,8,0
Fintech,Insurance,Course Access,en,whatsapp,negative,medium,Escalated,invoice_copy,2025-10,14,0
FoodTech,Membership,KYC Verification,en-IN,in_app,negative,high,Pending Vendor,reset_password,2025-10,11,0
SaaS,API,Seat Change,hi,whatsapp,negative,high,Escalated,api_rate_limit,2025-10,8,0
Telecom,International Pack,Seat Change,hi,voice_transcript,neutral,medium,Pending Vendor,reset_password,2025-10,9,0
EdTech,Certificate,Course Access,en,whatsapp,positive,low,Pending Customer,api_rate_limit,2025-10,14,0
E-commerce,Wallet,Billing Dispute,hi,whatsapp,positive,medium,Pending Vendor,cancel_order,2025-10,7,0
EdTech,Mock Test,Account Locked,en-IN,email,negative,critical,Resolved,invoice_copy,2025-10,0,1
SaaS,SSO,Network Outage,en-IN,in_app,neutral,medium,Pending Vendor,reschedule_flight,2025-10,23,0
Fintech,FASTag,Seat Change,en,whatsapp,neutral,critical,Pending Customer,reset_password,2025-10,1,0
E-commerce,Coupon,Course Access,en-IN,in_app,negative,high,Escalated,book_appointment,2025-10,2,0
Fintech,FASTag,OTP Not Received,en-IN,in_app,neutral,high,Closed - No Action,refund_status,2025-11,7,0
EdTech,Career Track,Seat Change,hi,voice_transcript,neutral,medium,Pending Customer,cancel_order,2025-11,1,0
EdTech,Assignment,App Crash,hi,in_app,neutral,critical,Pending Customer,track_order,2025-11,20,0
FoodTech,Partner Offer,Network Outage,hi,whatsapp,neutral,medium,Resolved,activate_esim,2025-11,17,1
FoodTech,Order,App Crash,en-IN,chat,positive,medium,Pending Customer,reset_password,2025-11,16,0
E-commerce,Order,Late Delivery,hi,voice_transcript,neutral,medium,Pending Vendor,api_rate_limit,2025-11,2,0
FoodTech,Promo,Login Issue,en-IN,in_app,positive,high,Closed - No Action,invoice_copy,2025-11,19,0
Telecom,International Pack,Seat Change,hi,chat,negative,medium,Resolved,apply_coupon,2025-11,5,1
SaaS,Audit Logs,Payment Failure,en-IN,voice_transcript,negative,critical,Pending Vendor,reschedule_flight,2025-11,14,0
FoodTech,Priority Delivery,Service Not Activated,en-IN,email,positive,low,Resolved,change_plan,2025-11,21,1
E-commerce,Prime Delivery,Login Issue,en,chat,negative,high,Escalated,invoice_copy,2025-11,10,0
EdTech,Certificate,Account Locked,en,chat,negative,medium,Pending Vendor,reactivate_subscription,2025-11,13,0
SaaS,SSO,KYC Verification,en,whatsapp,negative,medium,Pending Vendor,update_kYC,2025-11,23,0
SaaS,API,Network Outage,en,email,positive,high,Resolved,activate_esim,2025-11,17,1
Travel,Flight,Login Issue,hi,voice_transcript,negative,high,Pending Vendor,refund_status,2025-11,20,0
EdTech,Assignment,Seat Change,en-IN,chat,negative,medium,Resolved,invoice_copy,2025-11,5,1
HealthTech,Report,Technical Bug,en,whatsapp,negative,high,Resolved,invoice_copy,2025-11,5,1
EdTech,Certificate,Login Issue,en,whatsapp,neutral,medium,Closed - No Action,refund_status,2025-11,6,0
SaaS,Webhooks,Wrong Item,en,email,negative,medium,Pending Customer,apply_coupon,2025-11,18,0
Travel,Cab,OTP Not Received,en-IN,email,negative,high,Resolved,change_plan,2025-11,6,1
E-commerce,Wallet,Late Delivery,hi,whatsapp,negative,medium,Escalated,cancel_order,2025-11,19,0
FoodTech,Partner Offer,Seat Change,en,in_app,neutral,critical,Closed - No Action,track_order,2025-11,16,0
FoodTech,Membership,Seat Change,en,in_app,negative,high,Escalated,cancel_order,2025-11,18,0
SaaS,Audit Logs,Refund Delay,en-IN,in_app,negative,medium,Pending Customer,refund_status,2025-11,5,0
E-commerce,Exchange,Course Access,hi,email,negative,high,Resolved,reschedule_flight,2025-11,21,1
EdTech,Course,Billing Dispute,hi,whatsapp,neutral,medium,Pending Customer,change_plan,2025-11,1,0
SaaS,Workspace,App Crash,hi,in_app,positive,low,Pending Vendor,track_order,2025-11,4,0
E-commerce,Prime Delivery,Seat Change,en-IN,email,negative,critical,Pending Vendor,invoice_copy,2025-11,16,0
SaaS,Audit Logs,Payment Failure,hi,in_app,negative,critical,Closed - No Action,update_kYC,2025-11,16,0
Fintech,Insurance,App Crash,en-IN,voice_transcript,negative,low,Pending Vendor,activate_esim,2025-11,16,0
Travel,Insurance,Billing Dispute,en,chat,neutral,high,Pending Vendor,refund_status,2025-11,22,0
Travel,Insurance,Login Issue,hi,whatsapp,neutral,high,Escalated,download_report,2025-12,4,0
Telecom,5G Upgrade,Wrong Item,hi,voice_transcript,neutral,medium,Closed - No Action,reactivate_subscription,2025-08,1,0
EdTech,Mock Test,Course Access,en,in_app,neutral,high,Pending Vendor,reactivate_subscription,2025-08,2,0
FoodTech,Wallet,Late Delivery,en-IN,whatsapp,negative,high,Pending Customer,refund_status,2025-08,14,0
SaaS,Webhooks,Seat Change,en,email,negative,high,Pending Vendor,reschedule_flight,2025-08,14,0
SaaS,Analytics,OTP Not Received,en,voice_transcript,positive,high,Pending Customer,reactivate_subscription,2025-08,22,0
HealthTech,Report,OTP Not Received,en-IN,in_app,neutral,medium,Closed - No Action,track_order,2025-08,0,0
Travel,Cab,OTP Not Received,en,voice_transcript,positive,medium,Closed - No Action,api_rate_limit,2025-08,17,0
Travel,Refund,OTP Not Received,en-IN,in_app,positive,critical,Resolved,invoice_copy,2025-08,7,1
Fintech,Credit Card,Refund Delay,en,whatsapp,negative,critical,Closed - No Action,apply_coupon,2025-08,4,0
E-commerce,Wallet,Service Not Activated,hi,email,positive,high,Pending Vendor,download_report,2025-08,9,0
EdTech,Subscription,Course Access,en-IN,chat,negative,low,Pending Vendor,book_appointment,2025-08,1,0
Fintech,Savings,Login Issue,en-IN,in_app,neutral,critical,Pending Vendor,activate_esim,2025-08,17,0
Telecom,4G Pack,Payment Failure,hi,in_app,negative,high,Pending Customer,reset_password,2025-08,8,0
Travel,Insurance,Billing Dispute,en-IN,email,positive,high,Pending Customer,refund_status,2025-08,9,0
Telecom,Roaming,Technical Bug,en,email,positive,critical,Pending Customer,cancel_order,2025-08,0,0
Fintech,Mutual Fund,Technical Bug,en,email,neutral,medium,Escalated,track_order,2025-08,23,0
SaaS,Billing,Technical Bug,hi,whatsapp,neutral,high,Escalated,cancel_order,2025-08,22,0
E-commerce,Prime Delivery,Wrong Item,hi,in_app,negative,high,Pending Customer,book_appointment,2025-08,9,0
FoodTech,Promo,Wrong Item,en-IN,chat,neutral,medium,Resolved,update_kYC,2025-08,12,1
E-commerce,Exchange,Account Locked,hi,whatsapp,positive,low,Pending Vendor,invoice_copy,2025-08,4,0
HealthTech,Report,App Crash,hi,in_app,neutral,critical,Escalated,cancel_order,2025-08,3,0
HealthTech,Prescription,Course Access,en,chat,negative,high,Pending Vendor,invoice_copy,2025-08,13,0
Telecom,eSIM,OTP Not Received,en-IN,chat,negative,low,Pending Vendor,refund_status,2025-08,10,0
Travel,Refund,Service Not Activated,en-IN,whatsapp,neutral,critical,Pending Customer,book_appointment,2025-08,16,0
E-commerce,Prime Delivery,Late Delivery,en-IN,chat,neutral,medium,Closed - No Action,change_plan,2025-08,3,0
E-commerce,Return,Network Outage,hi,in_app,positive,low,Closed - No Action,book_appointment,2025-08,22,0
Fintech,Credit Card,Network Outage,hi,email,positive,medium,Closed - No Action,apply_coupon,2025-08,6,0
Travel,Refund,App Crash,en-IN,chat,neutral,critical,Resolved,reschedule_flight,2025-08,21,1
Fintech,Mutual Fund,Payment Failure,hi,email,neutral,medium,Escalated,reschedule_flight,2025-08,1,0
HealthTech,Lab Test,Late Delivery,hi,email,positive,critical,Resolved,reset_password,2025-08,20,1
FoodTech,Priority Delivery,Wrong Item,en-IN,voice_transcript,positive,low,Escalated,activate_esim,2025-09,7,0
Travel,Bus,Technical Bug,en-IN,whatsapp,negative,medium,Resolved,update_kYC,2025-09,11,1
Telecom,International Pack,Wrong Item,en-IN,voice_transcript,positive,high,Escalated,download_report,2025-09,4,0
E-commerce,Wallet,Course Access,en,whatsapp,negative,high,Pending Customer,change_plan,2025-09,15,0
FoodTech,Refund,Seat Change,en-IN,voice_transcript,negative,critical,Pending Customer,download_report,2025-09,13,0
FoodTech,Promo,Account Locked,hi,email,negative,medium,Pending Customer,activate_esim,2025-09,21,0
E-commerce,Coupon,Payment Failure,en,whatsapp,positive,critical,Pending Vendor,change_plan,2025-09,8,0
Telecom,Roaming,KYC Verification,hi,voice_transcript,negative,critical,Closed - No Action,invoice_copy,2025-09,5,0
Fintech,Loan,KYC Verification,en,voice_transcript,positive,high,Pending Vendor,change_plan,2025-09,14,0
Telecom,Porting,Refund Delay,hi,email,negative,medium,Escalated,update_kYC,2025-09,12,0
EdTech,Mock Test,Refund Delay,en-IN,whatsapp,neutral,low,Closed - No Action,activate_esim,2025-09,8,0
FoodTech,Membership,Seat Change,en-IN,chat,negative,medium,Pending Vendor,update_kYC,2025-09,22,0
HealthTech,Teleconsult,Technical Bug,hi,whatsapp,negative,critical,Resolved,api_rate_limit,2025-09,11,1
E-commerce,Prime Delivery,OTP Not Received,en-IN,in_app,negative,medium,Pending Customer,reactivate_subscription,2025-09,20,0
FoodTech,Membership,Login Issue,en-IN,email,negative,low,Resolved,reactivate_subscription,2025-09,16,1
Telecom,Broadband,Payment Failure,en,email,positive,high,Pending Customer,api_rate_limit,2025-09,7,0
Telecom,eSIM,Login Issue,hi,voice_transcript,negative,high,Closed - No Action,api_rate_limit,2025-09,4,0
E-commerce,Return,KYC Verification,hi,in_app,positive,critical,Pending Vendor,reschedule_flight,2025-09,8,0
FoodTech,Promo,Course Access,hi,in_app,neutral,high,Resolved,apply_coupon,2025-09,23,1
Telecom,eSIM,Wrong Item,en-IN,voice_transcript,negative,critical,Resolved,api_rate_limit,2025-09,8,1
FoodTech,Refund,Wrong Item,en,email,negative,critical,Resolved,book_appointment,2025-09,23,1
EdTech,Certificate,Refund Delay,en,in_app,neutral,low,Pending Customer,book_appointment,2025-09,15,0
EdTech,Career Track,Service Not Activated,hi,voice_transcript,negative,high,Pending Customer,reschedule_flight,2025-09,6,0
E-commerce,Prime Delivery,OTP Not Received,en,in_app,negative,critical,Pending Vendor,cancel_order,2025-09,18,0
Fintech,Savings,Technical Bug,en,chat,positive,low,Pending Customer,download_report,2025-09,2,0
E-commerce,Gift Card,App Crash,en-IN,voice_transcript,neutral,high,Closed - No Action,api_rate_limit,2025-09,18,0
Fintech,Mutual Fund,Service Not Activated,en,in_app,negative,high,Closed - No Action,download_report,2025-09,5,0
E-commerce,Gift Card,KYC Verification,en-IN,whatsapp,positive,high,Resolved,change_plan,2025-09,10,1
EdTech,Certificate,Course Access,hi,chat,negative,critical,Escalated,apply_coupon,2025-09,21,0
FoodTech,Wallet,Service Not Activated,hi,whatsapp,negative,medium,Resolved,reset_password,2025-09,6,1
HealthTech,Lab Test,Service Not Activated,en,chat,neutral,medium,Pending Customer,refund_status,2025-10,11,0
E-commerce,Return,Login Issue,en,email,negative,high,Pending Vendor,activate_esim,2025-10,6,0
SaaS,Workspace,Payment Failure,en,voice_transcript,negative,high,Escalated,update_kYC,2025-10,0,0
FoodTech,Promo,Seat Change,en-IN,in_app,negative,medium,Closed - No Action,download_report,2025-10,16,0
SaaS,API,Billing Dispute,en-IN,in_app,negative,critical,Resolved,cancel_order,2025-10,19,1
E-commerce,Prime Delivery,Network Outage,en,whatsapp,negative,medium,Resolved,apply_coupon,2025-10,11,1
Telecom,4G Pack,Seat Change,en-IN,in_app,negative,critical,Closed - No Action,apply_coupon,2025-10,23,0
FoodTech,Membership,Seat Change,en,voice_transcript,positive,medium,Pending Vendor,change_plan,2025-10,12,0
EdTech,Certificate,Refund Delay,en-IN,email,negative,low,Resolved,reschedule_flight,2025-10,14,1
Fintech,Loan,Billing Dispute,en-IN,voice_transcript,neutral,high,Escalated,refund_status,2025-10,16,0
SaaS,SSO,Service Not Activated,en,whatsapp,neutral,high,Pending Customer,change_plan,2025-10,18,0
Travel,Insurance,Seat Change,hi,chat,neutral,medium,Closed - No Action,reschedule_flight,2025-10,5,0
FoodTech,Priority Delivery,Payment Failure,hi,in_app,positive,medium,Pending Vendor,reschedule_flight,2025-10,6,0
Fintech,UPI,Login Issue,en-IN,voice_transcript,negative,low,Escalated,change_plan,2025-10,19,0
Telecom,5G Upgrade,Course Access,en,voice_transcript,positive,high,Pending Customer,track_order,2025-10,9,0
Travel,Bus,Seat Change,hi,whatsapp,negative,critical,Pending Vendor,api_rate_limit,2025-10,5,0
Travel,Hotel,Billing Dispute,en,whatsapp,neutral,critical,Pending Customer,reactivate_subscription,2025-10,0,0
EdTech,Assignment,Payment Failure,en,email,neutral,high,Resolved,api_rate_limit,2025-10,12,1
FoodTech,Order,Late Delivery,hi,whatsapp,negative,high,Pending Vendor,reschedule_flight,2025-10,9,0
E-commerce,Prime Delivery,Late Delivery,en-IN,voice_transcript,negative,critical,Escalated,update_kYC,2025-10,20,0
Telecom,4G Pack,Login Issue,en-IN,voice_transcript,negative,high,Closed - No Action,change_plan,2025-10,6,0
FoodTech,Promo,Late Delivery,en,whatsapp,negative,high,Resolved,download_report,2025-10,11,1
Travel,Bus,Late Delivery,en,in_app,neutral,critical,Closed - No Action,apply_coupon,2025-10,17,0
Travel,Refund,Payment Failure,en-IN,whatsapp,neutral,high,Escalated,cancel_order,2025-10,5,0
SaaS,SSO,KYC Verification,en,email,negative,high,Closed - No Action,change_plan,2025-10,4,0
Fintech,FASTag,Wrong Item,en-IN,chat,positive,high,Resolved,invoice_copy,2025-10,12,1
SaaS,API,Refund Delay,hi,chat,negative,medium,Pending Vendor,refund_status,2025-10,4,0
HealthTech,Insurance Claim,OTP Not Received,hi,in_app,neutral,medium,Pending Customer,book_appointment,2025-10,21,0
HealthTech,Report,App Crash,en,in_app,neutral,critical,Pending Vendor,cancel_order,2025-10,3,0
FoodTech,Priority Delivery,Course Access,en-IN,chat,negative,medium,Pending Vendor,track_order,2025-10,3,0
Travel,Voucher,Billing Dispute,en,chat,neutral,medium,Resolved,refund_status,2025-11,6,1
Telecom,Roaming,App Crash,en-IN,voice_transcript,neutral,critical,Pending Vendor,invoice_copy,2025-11,7,0
Travel,Insurance,Wrong Item,en-IN,whatsapp,negative,high,Pending Customer,reactivate_subscription,2025-11,5,0
Telecom,5G Upgrade,Seat Change,hi,whatsapp,negative,high,Resolved,book_appointment,2025-11,6,1
EdTech,Mock Test,Course Access,hi,email,negative,medium,Pending Vendor,cancel_order,2025-11,17,0
Fintech,Loan,Billing Dispute,hi,chat,negative,critical,Pending Customer,reactivate_subscription,2025-11,11,0
FoodTech,Refund,Wrong Item,en-IN,email,negative,high,Pending Vendor,track_order,2025-11,9,0
Fintech,FASTag,Late Delivery,en,in_app,neutral,critical,Closed - No Action,reschedule_flight,2025-11,20,0
Travel,Insurance,Technical Bug,en-IN,in_app,negative,low,Pending Vendor,reactivate_subscription,2025-11,13,0
Telecom,eSIM,Late Delivery,en-IN,whatsapp,positive,critical,Closed - No Action,reschedule_flight,2025-11,14,0
FoodTech,Refund,KYC Verification,en,chat,negative,medium,Pending Customer,reset_password,2025-11,19,0
HealthTech,Teleconsult,Network Outage,hi,whatsapp,negative,critical,Closed - No Action,refund_status,2025-11,2,0
SaaS,Workspace,Late Delivery,en,email,neutral,medium,Closed - No Action,book_appointment,2025-11,8,0
SaaS,Webhooks,Payment Failure,en,whatsapp,positive,high,Resolved,refund_status,2025-11,11,1
HealthTech,Teleconsult,Course Access,en,whatsapp,positive,medium,Pending Vendor,apply_coupon,2025-11,14,0
Fintech,Insurance,Course Access,en-IN,in_app,positive,high,Pending Vendor,activate_esim,2025-11,7,0
E-commerce,Coupon,Billing Dispute,hi,email,positive,medium,Resolved,reschedule_flight,2025-11,19,1
E-commerce,Return,Login Issue,en,voice_transcript,neutral,medium,Closed - No Action,activate_esim,2025-11,12,0
FoodTech,Order,Wrong Item,en,email,negative,high,Pending Customer,change_plan,2025-11,21,0
EdTech,Mock Test,Billing Dispute,en-IN,chat,negative,low,Pending Customer,change_plan,2025-11,0,0
Telecom,International Pack,KYC Verification,en-IN,in_app,negative,high,Pending Customer,reactivate_subscription,2025-11,17,0
Telecom,5G Upgrade,Billing Dispute,hi,voice_transcript,neutral,critical,Closed - No Action,activate_esim,2025-11,8,0
Telecom,Porting,Network Outage,en-IN,in_app,neutral,medium,Resolved,invoice_copy,2025-11,7,1
FoodTech,Membership,Refund Delay,en,in_app,positive,medium,Escalated,download_report,2025-11,4,0
HealthTech,Prescription,Login Issue,en-IN,in_app,positive,critical,Pending Vendor,book_appointment,2025-11,12,0
HealthTech,Teleconsult,Seat Change,hi,in_app,negative,high,Closed - No Action,update_kYC,2025-11,13,0
HealthTech,Prescription,App Crash,en-IN,email,neutral,high,Escalated,reset_password,2025-11,10,0
SaaS,Audit Logs,App Crash,en-IN,email,negative,medium,Pending Customer,cancel_order,2025-11,20,0
Telecom,eSIM,Seat Change,en-IN,in_app,neutral,medium,Closed - No Action,invoice_copy,2025-11,12,0
Travel,Voucher,Wrong Item,en,voice_transcript,neutral,medium,Resolved,reactivate_subscription,2025-11,16,1
E-commerce,Exchange,Course Access,hi,email,negative,medium,Pending Vendor,update_kYC,2025-08,13,0
Travel,Flight,Course Access,en,whatsapp,positive,critical,Resolved,activate_esim,2025-08,4,1
E-commerce,Gift Card,OTP Not Received,en,in_app,negative,high,Closed - No Action,invoice_copy,2025-08,18,0
E-commerce,Coupon,Billing Dispute,en-IN,email,negative,high,Escalated,invoice_copy,2025-08,22,0
E-commerce,Order,Network Outage,en,email,negative,high,Escalated,refund_status,2025-08,23,0
EdTech,Mock Test,Login Issue,en,in_app,negative,high,Pending Customer,refund_status,2025-08,1,0
Travel,Insurance,Refund Delay,hi,whatsapp,neutral,low,Resolved,book_appointment,2025-08,16,1
Fintech,Credit Card,Technical Bug,en,whatsapp,negative,medium,Closed - No Action,apply_coupon,2025-08,16,0
SaaS,API,KYC Verification,en-IN,whatsapp,negative,high,Closed - No Action,reactivate_subscription,2025-08,15,0
FoodTech,Membership,Billing Dispute,en-IN,voice_transcript,neutral,medium,Closed - No Action,activate_esim,2025-08,15,0
HealthTech,Report,Payment Failure,hi,in_app,negative,low,Pending Vendor,download_report,2025-08,10,0
Fintech,Credit Card,KYC Verification,en,in_app,negative,high,Pending Customer,change_plan,2025-08,15,0
Travel,Flight,Seat Change,en,in_app,neutral,high,Pending Vendor,cancel_order,2025-08,8,0
SaaS,Workspace,Login Issue,en-IN,chat,neutral,critical,Escalated,change_plan,2025-08,18,0
FoodTech,Order,OTP Not Received,hi,email,neutral,low,Resolved,apply_coupon,2025-08,5,1
Travel,Flight,Refund Delay,hi,voice_transcript,positive,medium,Closed - No Action,track_order,2025-08,20,0
HealthTech,Prescription,Course Access,en-IN,voice_transcript,neutral,low,Resolved,reschedule_flight,2025-08,10,1
SaaS,Analytics,OTP Not Received,hi,voice_transcript,negative,medium,Pending Customer,reschedule_flight,2025-08,19,0
Telecom,eSIM,Payment Failure,en-IN,email,positive,critical,Pending Vendor,change_plan,2025-08,5,0
Telecom,Broadband,Refund Delay,en,chat,negative,high,Resolved,change_plan,2025-08,19,1
EdTech,Career Track,Login Issue,en,in_app,negative,medium,Resolved,reset_password,2025-08,5,1
SaaS,Analytics,Login Issue,hi,whatsapp,negative,medium,Closed - No Action,update_kYC,2025-08,7,0
FoodTech,Partner Offer,App Crash,hi,chat,negative,high,Resolved,book_appointment,2025-08,23,1
Travel,Insurance,App Crash,en-IN,in_app,neutral,critical,Resolved,reactivate_subscription,2025-08,3,1
HealthTech,Appointment,Service Not Activated,en-IN,whatsapp,positive,high,Pending Vendor,update_kYC,2025-08,15,0
E-commerce,Gift Card,Seat Change,hi,in_app,negative,critical,Pending Customer,reactivate_subscription,2025-08,0,0
Travel,Hotel,App Crash,hi,whatsapp,negative,high,Escalated,update_kYC,2025-08,7,0
Travel,Flight,Billing Dispute,hi,chat,neutral,low,Pending Vendor,apply_coupon,2025-08,4,0
HealthTech,Insurance Claim,Course Access,hi,voice_transcript,negative,medium,Resolved,cancel_order,2025-09,8,1
Travel,Refund,KYC Verification,en-IN,in_app,negative,critical,Escalated,track_order,2025-09,12,0
SaaS,API,App Crash,en-IN,whatsapp,negative,medium,Resolved,track_order,2025-09,21,1
SaaS,SSO,Billing Dispute,en,voice_transcript,neutral,medium,Closed - No Action,update_kYC,2025-09,2,0
FoodTech,Priority Delivery,Wrong Item,hi,voice_transcript,negative,high,Pending Vendor,reactivate_subscription,2025-09,20,0
FoodTech,Wallet,KYC Verification,hi,in_app,negative,critical,Closed - No Action,track_order,2025-09,11,0
HealthTech,Teleconsult,Late Delivery,en-IN,voice_transcript,negative,medium,Resolved,cancel_order,2025-09,12,1
Travel,Refund,Late Delivery,en-IN,email,negative,medium,Closed - No Action,activate_esim,2025-09,19,0
HealthTech,Lab Test,Login Issue,en,voice_transcript,positive,high,Pending Customer,apply_coupon,2025-09,16,0
E-commerce,Coupon,Seat Change,hi,whatsapp,negative,high,Resolved,download_report,2025-09,21,1
SaaS,Webhooks,OTP Not Received,hi,voice_transcript,negative,high,Resolved,reset_password,2025-09,11,1
EdTech,Subscription,Service Not Activated,hi,in_app,negative,high,Escalated,reset_password,2025-09,1,0
Fintech,Credit Card,KYC Verification,hi,in_app,neutral,high,Escalated,refund_status,2025-09,1,0
HealthTech,Insurance Claim,Account Locked,en-IN,chat,neutral,critical,Resolved,update_kYC,2025-09,12,1
FoodTech,Order,Billing Dispute,hi,whatsapp,neutral,medium,Pending Customer,api_rate_limit,2025-09,15,0
HealthTech,Teleconsult,Billing Dispute,en-IN,in_app,neutral,high,Resolved,cancel_order,2025-09,15,1
Fintech,Savings,Technical Bug,en,whatsapp,neutral,medium,Escalated,reactivate_subscription,2025-09,9,0
EdTech,Exam,Refund Delay,en-IN,voice_transcript,positive,high,Pending Customer,change_plan,2025-09,18,0
E-commerce,Return,Network Outage,hi,email,neutral,medium,Closed - No Action,reset_password,2025-09,19,0
E-commerce,Coupon,Technical Bug,en-IN,email,negative,medium,Pending Vendor,apply_coupon,2025-09,2,0
HealthTech,Teleconsult,Payment Failure,en,whatsapp,negative,medium,Closed - No Action,cancel_order,2025-09,20,0
SaaS,Audit Logs,Network Outage,en-IN,email,neutral,critical,Pending Customer,cancel_order,2025-09,19,0
E-commerce,Gift Card,Network Outage,en-IN,chat,negative,high,Resolved,download_report,2025-09,11,1
EdTech,Assignment,Payment Failure,en-IN,voice_transcript,neutral,high,Pending Customer,reschedule_flight,2025-09,11,0
FoodTech,Refund,Network Outage,en-IN,email,positive,low,Escalated,track_order,2025-09,10,0
FoodTech,Partner Offer,Late Delivery,en-IN,in_app,positive,high,Resolved,refund_status,2025-09,3,1
HealthTech,Lab Test,OTP Not Received,en,chat,negative,low,Resolved,reschedule_flight,2025-09,2,1
FoodTech,Partner Offer,Login Issue,en,chat,negative,high,Escalated,apply_coupon,2025-09,11,0
Travel,Refund,Late Delivery,en-IN,in_app,negative,high,Escalated,change_plan,2025-09,8,0
HealthTech,Report,OTP Not Received,hi,whatsapp,negative,high,Pending Customer,track_order,2025-09,0,0
HealthTech,Lab Test,Course Access,en,whatsapp,positive,critical,Closed - No Action,invoice_copy,2025-09,8,0
E-commerce,Wallet,Service Not Activated,en,whatsapp,neutral,high,Resolved,invoice_copy,2025-09,13,1
Telecom,Broadband,Network Outage,hi,email,neutral,critical,Escalated,track_order,2025-09,21,0
EdTech,Subscription,Payment Failure,en,email,negative,low,Pending Customer,book_appointment,2025-10,2,0
SaaS,API,Service Not Activated,en-IN,in_app,positive,high,Escalated,reset_password,2025-10,1,0
Fintech,Insurance,Technical Bug,hi,chat,negative,high,Escalated,reschedule_flight,2025-10,23,0
SaaS,Analytics,Course Access,en-IN,chat,negative,critical,Escalated,download_report,2025-10,8,0
FoodTech,Priority Delivery,KYC Verification,en,email,positive,high,Closed - No Action,cancel_order,2025-10,10,0
FoodTech,Priority Delivery,OTP Not Received,hi,chat,neutral,low,Closed - No Action,download_report,2025-10,5,0
Travel,Insurance,Seat Change,hi,in_app,neutral,medium,Closed - No Action,api_rate_limit,2025-10,9,0
EdTech,Career Track,OTP Not Received,hi,in_app,negative,medium,Pending Customer,cancel_order,2025-10,23,0
E-commerce,Coupon,Payment Failure,hi,whatsapp,neutral,critical,Escalated,cancel_order,2025-10,3,0
FoodTech,Promo,App Crash,hi,voice_transcript,neutral,high,Pending Vendor,refund_status,2025-10,3,0
HealthTech,Insurance Claim,Course Access,hi,whatsapp,neutral,medium,Escalated,refund_status,2025-10,8,0
Telecom,Porting,KYC Verification,en-IN,chat,neutral,high,Pending Customer,book_appointment,2025-10,22,0
HealthTech,Teleconsult,Service Not Activated,en,chat,positive,medium,Resolved,reactivate_subscription,2025-10,4,1
FoodTech,Promo,App Crash,en,chat,positive,medium,Resolved,apply_coupon,2025-10,5,1
FoodTech,Partner Offer,Account Locked,hi,chat,negative,low,Escalated,download_report,2025-10,11,0
SaaS,API,Billing Dispute,en-IN,email,negative,medium,Pending Customer,refund_status,2025-10,19,0
SaaS,API,OTP Not Received,en,in_app,neutral,low,Escalated,invoice_copy,2025-10,18,0
SaaS,API,Wrong Item,en-IN,voice_transcript,positive,high,Pending Vendor,track_order,2025-10,21,0
Telecom,Roaming,Login Issue,hi,whatsapp,negative,critical,Escalated,activate_esim,2025-10,8,0
FoodTech,Partner Offer,Seat Change,en-IN,chat,negative,high,Escalated,download_report,2025-10,12,0
SaaS,Billing,App Crash,hi,chat,negative,high,Pending Customer,reset_password,2025-10,19,0
SaaS,Audit Logs,Payment Failure,en-IN,in_app,negative,low,Resolved,change_plan,2025-10,9,1
HealthTech,Teleconsult,Course Access,en-IN,whatsapp,positive,high,Escalated,download_report,2025-10,20,0
FoodTech,Promo,Account Locked,en,email,positive,medium,Closed - No Action,api_rate_limit,2025-10,4,0
SaaS,API,Technical Bug,hi,in_app,neutral,high,Escalated,api_rate_limit,2025-10,11,0
SaaS,Audit Logs,OTP Not Received,en-IN,chat,positive,critical,Pending Customer,reschedule_flight,2025-10,5,0
SaaS,Billing,Technical Bug,en,chat,negative,medium,Closed - No Action,update_kYC,2025-10,15,0
HealthTech,Teleconsult,KYC Verification,en,email,positive,critical,Escalated,activate_esim,2025-10,23,0
Telecom,Porting,Technical Bug,en,chat,negative,critical,Escalated,update_kYC,2025-11,9,0
Travel,Hotel,Refund Delay,en-IN,voice_transcript,positive,high,Pending Vendor,api_rate_limit,2025-11,17,0
EdTech,Mock Test,Network Outage,en-IN,in_app,neutral,critical,Closed - No Action,track_order,2025-11,7,0
FoodTech,Promo,Course Access,en-IN,email,neutral,critical,Closed - No Action,change_plan,2025-11,21,0
EdTech,Career Track,KYC Verification,en-IN,chat,negative,medium,Closed - No Action,change_plan,2025-11,22,0
Travel,Refund,Wrong Item,en,voice_transcript,negative,high,Escalated,update_kYC,2025-11,17,0
Fintech,FASTag,Late Delivery,hi,in_app,neutral,medium,Resolved,reactivate_subscription,2025-11,12,1
FoodTech,Promo,Technical Bug,en-IN,in_app,negative,medium,Resolved,activate_esim,2025-11,17,1
EdTech,Course,Service Not Activated,hi,whatsapp,positive,low,Escalated,change_plan,2025-11,1,0
EdTech,Course,Refund Delay,en-IN,in_app,negative,high,Pending Vendor,apply_coupon,2025-11,6,0
SaaS,Billing,Network Outage,en,voice_transcript,positive,critical,Resolved,activate_esim,2025-11,8,1
Fintech,Credit Card,OTP Not Received,hi,whatsapp,negative,high,Escalated,reactivate_subscription,2025-11,9,0
Telecom,Broadband,Network Outage,en,whatsapp,negative,high,Pending Vendor,invoice_copy,2025-11,16,0
E-commerce,Coupon,Course Access,hi,chat,negative,critical,Pending Customer,book_appointment,2025-11,2,0
SaaS,API,Login Issue,en-IN,whatsapp,negative,medium,Resolved,track_order,2025-11,4,1
Telecom,4G Pack,OTP Not Received,en,whatsapp,positive,high,Resolved,cancel_order,2025-11,0,1
EdTech,Certificate,Wrong Item,en-IN,whatsapp,neutral,high,Closed - No Action,download_report,2025-11,4,0
Travel,Insurance,Service Not Activated,en-IN,in_app,neutral,critical,Escalated,change_plan,2025-11,21,0
Fintech,UPI,Service Not Activated,hi,email,negative,medium,Resolved,invoice_copy,2025-11,11,1
SaaS,Workspace,OTP Not Received,en-IN,chat,negative,critical,Closed - No Action,cancel_order,2025-11,23,0
HealthTech,Prescription,Login Issue,hi,chat,neutral,critical,Resolved,book_appointment,2025-11,19,1
FoodTech,Wallet,Payment Failure,en-IN,chat,positive,high,Pending Customer,download_report,2025-11,1,0
Telecom,eSIM,Billing Dispute,en,chat,negative,high,Resolved,apply_coupon,2025-11,13,1
SaaS,SSO,Technical Bug,en,email,negative,low,Resolved,download_report,2025-11,22,1
EdTech,Assignment,OTP Not Received,en,email,positive,high,Escalated,book_appointment,2025-11,21,0
EdTech,Mock Test,Account Locked,en-IN,voice_transcript,neutral,medium,Pending Customer,reschedule_flight,2025-11,3,0
Fintech,Savings,Payment Failure,en,whatsapp,neutral,high,Pending Vendor,cancel_order,2025-11,21,0
EdTech,Subscription,Wrong Item,hi,email,negative,high,Escalated,cancel_order,2025-11,20,0
FoodTech,Order,Service Not Activated,hi,voice_transcript,negative,low,Pending Vendor,activate_esim,2025-11,8,0
HealthTech,Insurance Claim,Account Locked,hi,whatsapp,neutral,medium,Escalated,book_appointment,2025-11,2,0
E-commerce,Coupon,Account Locked,en-IN,email,neutral,medium,Pending Vendor,change_plan,2025-11,23,0
E-commerce,Gift Card,Wrong Item,hi,chat,neutral,high,Escalated,download_report,2025-08,15,0
Fintech,FASTag,Late Delivery,en-IN,in_app,positive,high,Escalated,reactivate_subscription,2025-08,7,0
Fintech,UPI,OTP Not Received,en,voice_transcript,neutral,critical,Closed - No Action,change_plan,2025-08,7,0
SaaS,Audit Logs,Service Not Activated,en-IN,in_app,positive,medium,Escalated,cancel_order,2025-08,6,0
EdTech,Exam,App Crash,hi,in_app,negative,high,Pending Vendor,cancel_order,2025-08,10,0
Fintech,Mutual Fund,Course Access,en-IN,voice_transcript,neutral,medium,Resolved,track_order,2025-08,6,1
Travel,Refund,Account Locked,en-IN,voice_transcript,negative,medium,Resolved,update_kYC,2025-08,15,1
Fintech,Mutual Fund,Late Delivery,en-IN,email,negative,high,Escalated,apply_coupon,2025-08,16,0
EdTech,Mock Test,Service Not Activated,en-IN,whatsapp,negative,high,Pending Vendor,track_order,2025-08,22,0
E-commerce,Exchange,Wrong Item,hi,email,negative,medium,Closed - No Action,change_plan,2025-08,18,0
SaaS,Webhooks,Payment Failure,en-IN,in_app,neutral,high,Pending Vendor,reset_password,2025-08,10,0
Telecom,eSIM,App Crash,en,chat,negative,high,Resolved,book_appointment,2025-08,3,1
E-commerce,Coupon,Refund Delay,hi,voice_transcript,negative,medium,Pending Customer,track_order,2025-08,6,0
Fintech,Mutual Fund,Billing Dispute,en-IN,voice_transcript,positive,high,Closed - No Action,reschedule_flight,2025-08,18,0
Fintech,Mutual Fund,Network Outage,en-IN,voice_transcript,neutral,high,Pending Vendor,cancel_order,2025-08,5,0
EdTech,Assignment,Login Issue,hi,voice_transcript,neutral,critical,Closed - No Action,invoice_copy,2025-08,3,0
Telecom,International Pack,Payment Failure,en,whatsapp,negative,high,Pending Customer,track_order,2025-08,1,0
Fintech,Loan,Service Not Activated,en,chat,neutral,medium,Escalated,download_report,2025-08,23,0
Telecom,Broadband,KYC Verification,en-IN,in_app,negative,high,Pending Customer,update_kYC,2025-08,1,0
FoodTech,Priority Delivery,Network Outage,en,whatsapp,positive,medium,Escalated,cancel_order,2025-08,0,0
SaaS,Analytics,Course Access,en,chat,negative,critical,Escalated,cancel_order,2025-08,8,0
FoodTech,Order,App Crash,en,whatsapp,negative,critical,Escalated,reactivate_subscription,2025-08,7,0
HealthTech,Appointment,App Crash,hi,voice_transcript,neutral,low,Closed - No Action,reactivate_subscription,2025-08,7,0
SaaS,Billing,Late Delivery,en,voice_transcript,negative,low,Pending Vendor,api_rate_limit,2025-08,13,0
Fintech,Mutual Fund,Technical Bug,en-IN,whatsapp,neutral,medium,Escalated,refund_status,2025-08,13,0
HealthTech,Insurance Claim,OTP Not Received,en-IN,in_app,negative,high,Resolved,track_order,2025-08,21,1
Telecom,4G Pack,App Crash,hi,whatsapp,negative,low,Closed - No Action,book_appointment,2025-08,18,0
Fintech,Credit Card,Late Delivery,en,voice_transcript,negative,low,Closed - No Action,activate_esim,2025-08,15,0
Travel,Voucher,Refund Delay,en,whatsapp,positive,critical,Resolved,cancel_order,2025-09,23,1
EdTech,Assignment,OTP Not Received,en-IN,chat,positive,medium,Resolved,download_report,2025-08,2,1
EdTech,Mock Test,Login Issue,en,in_app,positive,high,Pending Customer,update_kYC,2025-09,14,0
FoodTech,Priority Delivery,Refund Delay,en,in_app,positive,low,Resolved,change_plan,2025-09,4,1
EdTech,Exam,KYC Verification,en-IN,chat,positive,high,Pending Vendor,refund_status,2025-09,5,0
Travel,Refund,Seat Change,en,in_app,negative,critical,Escalated,refund_status,2025-09,5,0
Fintech,Loan,KYC Verification,en,whatsapp,negative,high,Escalated,reactivate_subscription,2025-09,11,0
Telecom,Roaming,Billing Dispute,en,whatsapp,negative,medium,Pending Vendor,activate_esim,2025-09,11,0
Travel,Insurance,Payment Failure,en,email,neutral,medium,Escalated,change_plan,2025-09,17,0
Telecom,Porting,Late Delivery,en,in_app,positive,medium,Resolved,cancel_order,2025-09,16,1
Fintech,Loan,KYC Verification,en,chat,positive,high,Escalated,reset_password,2025-09,14,0
SaaS,Analytics,App Crash,en-IN,in_app,negative,medium,Pending Vendor,reactivate_subscription,2025-09,16,0
Telecom,International Pack,Late Delivery,hi,voice_transcript,neutral,high,Resolved,refund_status,2025-09,17,1
SaaS,Workspace,Payment Failure,hi,email,negative,medium,Resolved,download_report,2025-09,12,1
HealthTech,Appointment,Payment Failure,hi,in_app,negative,critical,Pending Vendor,reactivate_subscription,2025-09,0,0
Travel,Insurance,Login Issue,hi,whatsapp,positive,high,Closed - No Action,refund_status,2025-09,8,0
Telecom,Roaming,Payment Failure,en,in_app,positive,high,Pending Vendor,download_report,2025-09,23,0
FoodTech,Promo,Payment Failure,en,voice_transcript,negative,high,Closed - No Action,reschedule_flight,2025-09,12,0
Travel,Hotel,Network Outage,en-IN,chat,neutral,medium,Pending Vendor,refund_status,2025-09,11,0
SaaS,Audit Logs,Late Delivery,hi,email,positive,high,Resolved,reset_password,2025-09,7,1
Fintech,UPI,Seat Change,en-IN,whatsapp,negative,critical,Resolved,reset_password,2025-09,13,1
SaaS,Audit Logs,Account Locked,en,whatsapp,negative,medium,Pending Vendor,apply_coupon,2025-09,20,0
SaaS,Workspace,App Crash,hi,voice_transcript,negative,high,Escalated,activate_esim,2025-09,14,0
FoodTech,Promo,Login Issue,en,chat,negative,critical,Escalated,book_appointment,2025-09,18,0
Travel,Voucher,Billing Dispute,hi,whatsapp,neutral,medium,Pending Vendor,reactivate_subscription,2025-09,6,0
E-commerce,Coupon,Payment Failure,hi,chat,positive,medium,Closed - No Action,reset_password,2025-09,7,0
Travel,Cab,KYC Verification,hi,chat,neutral,high,Escalated,download_report,2025-09,15,0
FoodTech,Membership,Course Access,en,in_app,negative,high,Pending Vendor,api_rate_limit,2025-09,3,0
Fintech,Loan,App Crash,en,voice_transcript,negative,high,Closed - No Action,reset_password,2025-09,10,0
Fintech,Loan,Service Not Activated,hi,chat,neutral,medium,Resolved,reactivate_subscription,2025-09,1,1
Travel,Flight,Payment Failure,en,email,neutral,medium,Resolved,apply_coupon,2025-10,0,1
E-commerce,Gift Card,Late Delivery,en-IN,in_app,positive,critical,Resolved,update_kYC,2025-10,9,1
E-commerce,Exchange,Service Not Activated,en-IN,in_app,positive,high,Closed - No Action,book_appointment,2025-10,0,0
Fintech,Savings,Payment Failure,en,in_app,positive,medium,Escalated,api_rate_limit,2025-10,7,0
EdTech,Certificate,OTP Not Received,en-IN,voice_transcript,negative,critical,Pending Customer,activate_esim,2025-10,5,0
HealthTech,Insurance Claim,Late Delivery,en-IN,chat,positive,high,Closed - No Action,reactivate_subscription,2025-10,4,0
Telecom,Roaming,Late Delivery,hi,chat,neutral,critical,Pending Vendor,apply_coupon,2025-10,21,0
HealthTech,Prescription,Billing Dispute,hi,whatsapp,positive,critical,Pending Customer,refund_status,2025-10,19,0
Telecom,4G Pack,Late Delivery,en-IN,chat,positive,high,Escalated,api_rate_limit,2025-10,10,0
E-commerce,Coupon,Late Delivery,hi,email,neutral,medium,Pending Customer,reschedule_flight,2025-10,15,0
Telecom,International Pack,Account Locked,hi,email,neutral,medium,Pending Customer,invoice_copy,2025-10,9,0
E-commerce,Wallet,Seat Change,en-IN,email,negative,high,Closed - No Action,refund_status,2025-10,5,0
Telecom,Roaming,KYC Verification,en-IN,email,positive,medium,Escalated,invoice_copy,2025-10,10,0
E-commerce,Coupon,Refund Delay,en,voice_transcript,negative,medium,Pending Vendor,api_rate_limit,2025-10,2,0
Telecom,Broadband,Billing Dispute,en-IN,email,negative,medium,Closed - No Action,update_kYC,2025-10,9,0
E-commerce,Coupon,KYC Verification,en-IN,in_app,neutral,critical,Pending Vendor,reset_password,2025-10,22,0
Travel,Insurance,Service Not Activated,en,chat,positive,medium,Escalated,book_appointment,2025-10,14,0
FoodTech,Order,App Crash,hi,email,negative,low,Escalated,book_appointment,2025-10,6,0
FoodTech,Membership,Late Delivery,hi,email,neutral,medium,Pending Vendor,apply_coupon,2025-10,6,0
EdTech,Mock Test,OTP Not Received,hi,whatsapp,neutral,medium,Escalated,api_rate_limit,2025-10,3,0
Fintech,Savings,OTP Not Received,en-IN,chat,negative,medium,Escalated,update_kYC,2025-10,6,0
Fintech,Savings,OTP Not Received,hi,voice_transcript,negative,medium,Pending Vendor,change_plan,2025-10,12,0
HealthTech,Appointment,Wrong Item,en-IN,whatsapp,negative,high,Resolved,reactivate_subscription,2025-10,13,1
EdTech,Subscription,Refund Delay,en-IN,in_app,negative,medium,Escalated,track_order,2025-10,14,0
Travel,Hotel,Seat Change,en,chat,negative,high,Escalated,download_report,2025-10,7,0
Telecom,eSIM,Seat Change,en-IN,voice_transcript,neutral,high,Pending Customer,reschedule_flight,2025-10,13,0
Fintech,Credit Card,Payment Failure,en,email,negative,critical,Pending Customer,book_appointment,2025-10,4,0
FoodTech,Partner Offer,Wrong Item,en-IN,email,negative,medium,Resolved,reschedule_flight,2025-10,15,1
HealthTech,Report,Network Outage,en-IN,voice_transcript,neutral,critical,Pending Vendor,activate_esim,2025-10,20,0
E-commerce,Prime Delivery,OTP Not Received,en,whatsapp,negative,medium,Closed - No Action,change_plan,2025-10,2,0
Fintech,Mutual Fund,Course Access,en-IN,whatsapp,positive,critical,Pending Customer,activate_esim,2025-10,22,0
HealthTech,Lab Test,Technical Bug,hi,voice_transcript,negative,high,Pending Customer,reactivate_subscription,2025-11,11,0
SaaS,Billing,Payment Failure,hi,email,negative,medium,Closed - No Action,refund_status,2025-11,17,0
HealthTech,Prescription,Late Delivery,en-IN,whatsapp,negative,high,Pending Customer,api_rate_limit,2025-11,18,0
HealthTech,Teleconsult,Late Delivery,en,voice_transcript,negative,high,Pending Customer,activate_esim,2025-11,6,0
FoodTech,Promo,App Crash,en,whatsapp,neutral,medium,Escalated,change_plan,2025-11,0,0
Fintech,Mutual Fund,Late Delivery,hi,email,negative,high,Escalated,change_plan,2025-11,14,0
SaaS,Webhooks,Seat Change,hi,chat,negative,medium,Pending Customer,reset_password,2025-11,10,0
Travel,Voucher,Late Delivery,en-IN,voice_transcript,negative,high,Closed - No Action,reactivate_subscription,2025-11,6,0
SaaS,API,KYC Verification,en-IN,chat,positive,medium,Escalated,track_order,2025-11,20,0
Fintech,Insurance,App Crash,en,email,neutral,high,Resolved,reschedule_flight,2025-11,14,1
E-commerce,Exchange,Login Issue,hi,email,positive,medium,Closed - No Action,activate_esim,2025-11,18,0
Travel,Voucher,Late Delivery,hi,in_app,neutral,high,Escalated,book_appointment,2025-11,2,0
Fintech,Loan,App Crash,en-IN,chat,neutral,medium,Pending Customer,apply_coupon,2025-11,2,0
Telecom,4G Pack,Payment Failure,en-IN,voice_transcript,negative,critical,Pending Customer,activate_esim,2025-11,16,0
FoodTech,Priority Delivery,Billing Dispute,en-IN,email,neutral,medium,Pending Vendor,apply_coupon,2025-11,12,0
HealthTech,Prescription,KYC Verification,en,in_app,positive,high,Escalated,refund_status,2025-11,7,0
Telecom,5G Upgrade,KYC Verification,hi,voice_transcript,neutral,low,Escalated,track_order,2025-11,7,0
FoodTech,Order,KYC Verification,en,chat,negative,high,Resolved,reset_password,2025-11,10,1
HealthTech,Report,OTP Not Received,hi,voice_transcript,negative,critical,Escalated,apply_coupon,2025-11,13,0
HealthTech,Insurance Claim,Course Access,en-IN,chat,neutral,critical,Closed - No Action,refund_status,2025-11,16,0
FoodTech,Partner Offer,Payment Failure,hi,voice_transcript,negative,high,Escalated,download_report,2025-11,11,0
SaaS,Analytics,OTP Not Received,en,chat,negative,medium,Closed - No Action,track_order,2025-11,18,0
E-commerce,Exchange,Payment Failure,hi,voice_transcript,neutral,critical,Pending Vendor,change_plan,2025-11,20,0
SaaS,Audit Logs,Account Locked,en,chat,negative,high,Pending Vendor,api_rate_limit,2025-11,4,0
SaaS,API,KYC Verification,hi,chat,negative,low,Closed - No Action,invoice_copy,2025-11,11,0
FoodTech,Membership,Late Delivery,hi,chat,positive,critical,Pending Vendor,change_plan,2025-11,6,0
SaaS,Billing,Service Not Activated,hi,voice_transcript,neutral,high,Resolved,refund_status,2025-11,5,1
HealthTech,Insurance Claim,Billing Dispute,en,chat,negative,medium,Pending Vendor,refund_status,2025-11,10,0
SaaS,Webhooks,Wrong Item,hi,in_app,positive,critical,Escalated,apply_coupon,2025-11,16,0
FoodTech,Wallet,OTP Not Received,hi,voice_transcript,positive,critical,Closed - No Action,api_rate_limit,2025-11,19,0
Fintech,Insurance,Account Locked,hi,whatsapp,negative,low,Resolved,api_rate_limit,2025-11,10,1
Fintech,Savings,Login Issue,en,chat,positive,critical,Closed - No Action,change_plan,2025-08,21,0
FoodTech,Priority Delivery,Network Outage,en,in_app,negative,medium,Resolved,cancel_order,2025-08,9,1
Travel,Hotel,Billing Dispute,en-IN,chat,neutral,medium,Closed - No Action,track_order,2025-08,1,0
E-commerce,Coupon,Course Access,en-IN,whatsapp,negative,low,Escalated,activate_esim,2025-08,16,0
Travel,Hotel,Technical Bug,hi,chat,neutral,critical,Closed - No Action,update_kYC,2025-08,22,0
E-commerce,Coupon,Payment Failure,en,email,positive,medium,Escalated,download_report,2025-08,10,0
HealthTech,Report,OTP Not Received,en,chat,negative,high,Closed - No Action,book_appointment,2025-08,23,0
EdTech,Subscription,Login Issue,hi,email,positive,critical,Escalated,apply_coupon,2025-08,8,0
SaaS,Billing,Account Locked,hi,voice_transcript,negative,high,Closed - No Action,refund_status,2025-08,5,0
SaaS,Webhooks,Payment Failure,hi,email,negative,critical,Pending Customer,apply_coupon,2025-08,21,0
Telecom,Roaming,Seat Change,en-IN,whatsapp,negative,high,Pending Customer,download_report,2025-08,7,0
EdTech,Exam,App Crash,hi,chat,negative,critical,Pending Vendor,refund_status,2025-08,6,0
SaaS,SSO,Refund Delay,hi,chat,negative,medium,Resolved,download_report,2025-08,2,1
Fintech,Loan,Seat Change,en-IN,voice_transcript,positive,medium,Closed - No Action,refund_status,2025-08,23,0
E-commerce,Coupon,KYC Verification,en,chat,negative,medium,Pending Customer,refund_status,2025-08,9,0
Telecom,eSIM,Account Locked,hi,whatsapp,positive,high,Pending Vendor,update_kYC,2025-08,8,0
Fintech,Loan,Login Issue,en,whatsapp,positive,critical,Pending Vendor,refund_status,2025-08,19,0
SaaS,API,Late Delivery,en-IN,in_app,negative,high,Pending Vendor,cancel_order,2025-08,0,0
EdTech,Certificate,Wrong Item,en,whatsapp,neutral,high,Closed - No Action,update_kYC,2025-08,4,0
SaaS,Workspace,Login Issue,en,email,positive,critical,Escalated,activate_esim,2025-08,8,0
SaaS,Analytics,Technical Bug,en,in_app,positive,medium,Closed - No Action,download_report,2025-08,0,0
Travel,Insurance,KYC Verification,en-IN,chat,negative,critical,Pending Vendor,reschedule_flight,2025-08,4,0
Telecom,4G Pack,Network Outage,hi,email,positive,medium,Pending Vendor,activate_esim,2025-08,23,0
Telecom,5G Upgrade,Payment Failure,en-IN,email,neutral,critical,Escalated,api_rate_limit,2025-08,3,0
HealthTech,Lab Test,Billing Dispute,en-IN,whatsapp,positive,medium,Pending Customer,apply_coupon,2025-08,10,0
Travel,Insurance,Network Outage,en-IN,chat,negative,high,Pending Vendor,cancel_order,2025-08,8,0
Telecom,Roaming,Refund Delay,en-IN,whatsapp,neutral,low,Resolved,download_report,2025-08,23,1
HealthTech,Teleconsult,Login Issue,en-IN,in_app,negative,medium,Escalated,update_kYC,2025-08,18,0
Telecom,eSIM,KYC Verification,hi,whatsapp,negative,medium,Escalated,activate_esim,2025-09,7,0
Fintech,Savings,KYC Verification,hi,whatsapp,negative,medium,Pending Customer,update_kYC,2025-09,6,0
EdTech,Course,Wrong Item,en,voice_transcript,neutral,high,Pending Vendor,api_rate_limit,2025-09,7,0
Travel,Hotel,Payment Failure,en-IN,voice_transcript,positive,medium,Pending Customer,track_order,2025-09,18,0
EdTech,Exam,Billing Dispute,hi,whatsapp,neutral,critical,Closed - No Action,refund_status,2025-09,6,0
SaaS,Workspace,App Crash,en-IN,whatsapp,negative,critical,Closed - No Action,update_kYC,2025-09,10,0
SaaS,Audit Logs,Payment Failure,en-IN,chat,positive,low,Resolved,activate_esim,2025-09,10,1
HealthTech,Report,Refund Delay,hi,voice_transcript,neutral,high,Pending Customer,apply_coupon,2025-09,23,0
SaaS,API,KYC Verification,hi,in_app,neutral,medium,Closed - No Action,refund_status,2025-09,3,0
EdTech,Course,Refund Delay,en-IN,in_app,negative,medium,Closed - No Action,activate_esim,2025-09,18,0
FoodTech,Membership,OTP Not Received,en,in_app,positive,low,Pending Vendor,apply_coupon,2025-09,21,0
EdTech,Certificate,Billing Dispute,hi,email,negative,critical,Pending Customer,reset_password,2025-09,11,0
EdTech,Assignment,Late Delivery,en,email,negative,high,Pending Customer,apply_coupon,2025-09,11,0
EdTech,Course,Refund Delay,en-IN,in_app,neutral,high,Closed - No Action,update_kYC,2025-09,10,0
SaaS,Webhooks,Technical Bug,en-IN,whatsapp,negative,high,Closed - No Action,track_order,2025-09,9,0
E-commerce,Exchange,Network Outage,en-IN,in_app,neutral,high,Pending Vendor,track_order,2025-09,3,0
Fintech,FASTag,Technical Bug,hi,chat,neutral,high,Pending Customer,apply_coupon,2025-09,3,0
Fintech,FASTag,Network Outage,hi,email,negative,high,Pending Customer,change_plan,2025-09,17,0
Travel,Refund,Service Not Activated,hi,voice_transcript,positive,low,Closed - No Action,update_kYC,2025-09,5,0
E-commerce,Gift Card,App Crash,en-IN,whatsapp,negative,low,Pending Customer,apply_coupon,2025-09,4,0
EdTech,Subscription,Wrong Item,en,whatsapp,negative,medium,Resolved,cancel_order,2025-09,13,1
Fintech,Insurance,Billing Dispute,en,email,negative,high,Pending Vendor,update_kYC,2025-09,6,0
FoodTech,Priority Delivery,Payment Failure,hi,whatsapp,neutral,low,Pending Vendor,activate_esim,2025-09,0,0
HealthTech,Appointment,Course Access,hi,chat,neutral,low,Escalated,cancel_order,2025-09,21,0
Fintech,Savings,Billing Dispute,en,chat,negative,high,Pending Customer,track_order,2025-09,23,0
EdTech,Subscription,Login Issue,en-IN,in_app,negative,critical,Escalated,track_order,2025-09,23,0
FoodTech,Order,App Crash,hi,voice_transcript,negative,high,Pending Vendor,invoice_copy,2025-09,7,0
Telecom,Roaming,Wrong Item,en-IN,voice_transcript,negative,medium,Escalated,reactivate_subscription,2025-09,1,0
SaaS,SSO,KYC Verification,en,chat,neutral,high,Escalated,download_report,2025-09,5,0
Telecom,International Pack,Login Issue,hi,in_app,neutral,high,Closed - No Action,reset_password,2025-09,23,0
FoodTech,Partner Offer,Account Locked,en,whatsapp,neutral,high,Escalated,book_appointment,2025-09,3,0
HealthTech,Prescription,App Crash,en,in_app,negative,medium,Escalated,activate_esim,2025-10,4,0
EdTech,Mock Test,Wrong Item,en-IN,whatsapp,negative,medium,Resolved,invoice_copy,2025-10,9,1
E-commerce,Prime Delivery,Late Delivery,en,whatsapp,negative,high,Escalated,track_order,2025-10,16,0
EdTech,Mock Test,OTP Not Received,hi,in_app,negative,high,Escalated,book_appointment,2025-10,4,0
Travel,Bus,Account Locked,en-IN,in_app,negative,medium,Resolved,reset_password,2025-10,4,1
EdTech,Course,Service Not Activated,en,voice_transcript,negative,high,Pending Customer,update_kYC,2025-10,0,0
SaaS,API,Refund Delay,en,email,negative,high,Closed - No Action,track_order,2025-10,14,0
Travel,Refund,Payment Failure,en,voice_transcript,negative,high,Escalated,track_order,2025-10,15,0
EdTech,Assignment,Wrong Item,en,voice_transcript,neutral,medium,Pending Vendor,update_kYC,2025-10,2,0
SaaS,Workspace,Seat Change,en-IN,email,negative,high,Pending Vendor,apply_coupon,2025-10,13,0
HealthTech,Insurance Claim,Late Delivery,hi,whatsapp,positive,medium,Escalated,track_order,2025-10,13,0
Travel,Voucher,OTP Not Received,en-IN,email,positive,high,Pending Vendor,apply_coupon,2025-10,10,0
Travel,Hotel,Wrong Item,hi,in_app,neutral,low,Pending Vendor,apply_coupon,2025-10,10,0
FoodTech,Refund,Wrong Item,en,chat,neutral,medium,Resolved,api_rate_limit,2025-10,18,1
E-commerce,Wallet,Service Not Activated,en-IN,chat,neutral,low,Closed - No Action,refund_status,2025-10,19,0
E-commerce,Wallet,App Crash,hi,voice_transcript,negative,medium,Closed - No Action,update_kYC,2025-10,18,0
HealthTech,Lab Test,KYC Verification,en-IN,email,negative,high,Pending Vendor,apply_coupon,2025-10,21,0
E-commerce,Return,Refund Delay,hi,chat,negative,critical,Closed - No Action,activate_esim,2025-10,9,0
FoodTech,Membership,Late Delivery,hi,chat,negative,critical,Resolved,reset_password,2025-10,20,1
SaaS,Billing,Account Locked,en-IN,voice_transcript,negative,medium,Pending Vendor,download_report,2025-10,5,0
Travel,Voucher,Refund Delay,hi,email,negative,critical,Pending Vendor,change_plan,2025-10,13,0
EdTech,Assignment,Seat Change,en,email,neutral,high,Closed - No Action,reschedule_flight,2025-10,21,0
Travel,Bus,Network Outage,en,voice_transcript,negative,medium,Pending Customer,track_order,2025-10,8,0
HealthTech,Teleconsult,Payment Failure,hi,email,neutral,critical,Pending Customer,track_order,2025-10,8,0
HealthTech,Lab Test,Network Outage,hi,voice_transcript,neutral,critical,Escalated,refund_status,2025-10,7,0
HealthTech,Teleconsult,Technical Bug,hi,voice_transcript,negative,low,Pending Vendor,reactivate_subscription,2025-10,10,0
E-commerce,Order,KYC Verification,en-IN,email,neutral,medium,Pending Vendor,cancel_order,2025-10,1,0
FoodTech,Refund,Billing Dispute,en,in_app,positive,medium,Pending Vendor,activate_esim,2025-10,21,0
Travel,Cab,Technical Bug,en-IN,email,positive,high,Pending Vendor,invoice_copy,2025-10,11,0
Telecom,Broadband,Billing Dispute,en-IN,voice_transcript,neutral,critical,Resolved,update_kYC,2025-10,12,1
Telecom,Broadband,Late Delivery,en-IN,voice_transcript,negative,high,Resolved,update_kYC,2025-10,15,1
EdTech,Exam,Login Issue,hi,in_app,negative,medium,Pending Customer,cancel_order,2025-10,21,0
Fintech,Credit Card,Billing Dispute,en-IN,email,neutral,critical,Pending Customer,apply_coupon,2025-11,19,0
Travel,Insurance,Payment Failure,hi,email,positive,low,Escalated,reschedule_flight,2025-11,23,0
EdTech,Exam,Course Access,hi,whatsapp,neutral,medium,Closed - No Action,refund_status,2025-11,7,0
Travel,Hotel,Service Not Activated,hi,in_app,negative,high,Closed - No Action,reset_password,2025-11,16,0
SaaS,Billing,Course Access,hi,voice_transcript,neutral,medium,Resolved,change_plan,2025-11,8,1
Fintech,UPI,Login Issue,en-IN,whatsapp,positive,high,Pending Customer,track_order,2025-11,11,0
E-commerce,Order,Billing Dispute,en-IN,email,negative,medium,Escalated,reschedule_flight,2025-11,18,0
Fintech,Loan,Wrong Item,hi,chat,negative,high,Escalated,change_plan,2025-11,11,0
E-commerce,Prime Delivery,Service Not Activated,en-IN,chat,negative,medium,Escalated,book_appointment,2025-11,6,0
HealthTech,Insurance Claim,Payment Failure,en-IN,voice_transcript,neutral,critical,Pending Vendor,apply_coupon,2025-11,22,0
EdTech,Subscription,Technical Bug,hi,in_app,negative,high,Closed - No Action,download_report,2025-11,3,0
FoodTech,Refund,Network Outage,en-IN,whatsapp,neutral,high,Pending Customer,track_order,2025-11,10,0
EdTech,Mock Test,Wrong Item,en,whatsapp,negative,critical,Escalated,change_plan,2025-11,18,0
SaaS,SSO,Refund Delay,en,in_app,positive,high,Pending Vendor,invoice_copy,2025-11,8,0
HealthTech,Insurance Claim,Login Issue,hi,voice_transcript,negative,high,Resolved,book_appointment,2025-11,16,1
Telecom,5G Upgrade,Billing Dispute,en,chat,negative,high,Escalated,reset_password,2025-11,23,0
SaaS,SSO,Wrong Item,en-IN,email,positive,high,Escalated,cancel_order,2025-11,3,0
Telecom,4G Pack,OTP Not Received,hi,chat,negative,low,Pending Customer,invoice_copy,2025-11,11,0
E-commerce,Wallet,Seat Change,hi,voice_transcript,negative,medium,Closed - No Action,track_order,2025-11,19,0
SaaS,Analytics,Service Not Activated,en-IN,chat,negative,medium,Escalated,api_rate_limit,2025-11,9,0
SaaS,SSO,Course Access,hi,in_app,negative,medium,Resolved,refund_status,2025-11,3,1
SaaS,Audit Logs,Wrong Item,en-IN,email,neutral,high,Resolved,apply_coupon,2025-11,11,1
SaaS,Webhooks,Network Outage,en,whatsapp,positive,medium,Escalated,cancel_order,2025-11,6,0
Telecom,Roaming,KYC Verification,en,email,positive,medium,Escalated,api_rate_limit,2025-11,6,0
HealthTech,Prescription,Payment Failure,en,voice_transcript,neutral,critical,Resolved,apply_coupon,2025-11,6,1
HealthTech,Lab Test,Payment Failure,en-IN,chat,negative,medium,Resolved,reactivate_subscription,2025-11,22,1
Telecom,International Pack,Course Access,en-IN,voice_transcript,positive,medium,Pending Vendor,download_report,2025-11,21,0
FoodTech,Membership,OTP Not Received,en-IN,whatsapp,negative,high,Resolved,api_rate_limit,2025-11,18,1
Travel,Refund,Billing Dispute,en,chat,negative,critical,Resolved,update_kYC,2025-11,21,1
Fintech,Insurance,Login Issue,en-IN,in_app,neutral,medium,Closed - No Action,reset_password,2025-08,11,0
SaaS,Billing,Late Delivery,en,in_app,neutral,medium,Closed - No Action,cancel_order,2025-08,11,0
Telecom,5G Upgrade,OTP Not Received,hi,voice_transcript,neutral,medium,Pending Customer,reset_password,2025-08,23,0
Telecom,Porting,Service Not Activated,en-IN,in_app,negative,medium,Resolved,book_appointment,2025-08,16,1
Telecom,4G Pack,Login Issue,hi,email,positive,high,Escalated,update_kYC,2025-08,12,0
SaaS,Workspace,Course Access,hi,in_app,negative,medium,Pending Vendor,reschedule_flight,2025-08,19,0
SaaS,Workspace,Wrong Item,en,in_app,positive,critical,Pending Vendor,reset_password,2025-08,4,0
HealthTech,Lab Test,Billing Dispute,hi,email,negative,medium,Pending Vendor,apply_coupon,2025-08,9,0
Telecom,Broadband,Service Not Activated,en,whatsapp,positive,medium,Escalated,download_report,2025-08,12,0
Fintech,Loan,Billing Dispute,en,whatsapp,negative,low,Escalated,reschedule_flight,2025-08,16,0
Fintech,Credit Card,App Crash,en,in_app,positive,high,Pending Customer,update_kYC,2025-08,14,0
HealthTech,Lab Test,Late Delivery,en-IN,in_app,negative,high,Pending Vendor,change_plan,2025-08,3,0
HealthTech,Appointment,Wrong Item,hi,whatsapp,negative,medium,Pending Vendor,reschedule_flight,2025-08,5,0
FoodTech,Partner Offer,Technical Bug,en,whatsapp,neutral,critical,Pending Customer,reschedule_flight,2025-08,4,0
Fintech,UPI,Wrong Item,en,in_app,positive,high,Closed - No Action,invoice_copy,2025-08,16,0
E-commerce,Coupon,Network Outage,hi,chat,negative,medium,Resolved,book_appointment,2025-08,17,1
Fintech,Loan,App Crash,en,chat,negative,high,Escalated,book_appointment,2025-08,7,0
EdTech,Mock Test,Seat Change,en,email,neutral,low,Pending Customer,reactivate_subscription,2025-08,3,0
Telecom,eSIM,Payment Failure,hi,voice_transcript,positive,high,Pending Vendor,update_kYC,2025-08,11,0
EdTech,Mock Test,KYC Verification,hi,voice_transcript,positive,medium,Escalated,book_appointment,2025-08,5,0
SaaS,Workspace,Network Outage,en-IN,email,negative,medium,Pending Customer,track_order,2025-08,13,0
Telecom,eSIM,Technical Bug,en,email,negative,medium,Resolved,book_appointment,2025-08,3,1
Fintech,UPI,Late Delivery,hi,voice_transcript,negative,medium,Resolved,change_plan,2025-08,20,1
HealthTech,Prescription,Login Issue,en,voice_transcript,positive,high,Pending Vendor,track_order,2025-08,22,0
Fintech,UPI,KYC Verification,en,whatsapp,negative,medium,Closed - No Action,invoice_copy,2025-08,14,0
EdTech,Subscription,Late Delivery,en,chat,positive,high,Pending Customer,invoice_copy,2025-08,5,0
Telecom,Broadband,App Crash,hi,email,positive,medium,Closed - No Action,reactivate_subscription,2025-08,18,0
E-commerce,Prime Delivery,Late Delivery,en,whatsapp,negative,critical,Pending Customer,reactivate_subscription,2025-08,22,0
Telecom,eSIM,Account Locked,en,chat,positive,medium,Closed - No Action,reschedule_flight,2025-09,1,0
Travel,Voucher,Technical Bug,en-IN,email,negative,critical,Pending Vendor,download_report,2025-09,18,0
Travel,Bus,Service Not Activated,en,in_app,positive,high,Pending Customer,apply_coupon,2025-09,1,0
SaaS,Analytics,OTP Not Received,en,whatsapp,negative,high,Pending Customer,activate_esim,2025-09,8,0
FoodTech,Priority Delivery,OTP Not Received,en-IN,voice_transcript,negative,low,Escalated,reactivate_subscription,2025-09,16,0
Travel,Bus,Technical Bug,hi,whatsapp,neutral,high,Pending Customer,reactivate_subscription,2025-09,7,0
EdTech,Mock Test,Technical Bug,en-IN,email,negative,critical,Resolved,update_kYC,2025-09,22,1
SaaS,Workspace,Technical Bug,en,whatsapp,negative,medium,Escalated,invoice_copy,2025-09,11,0
Travel,Refund,Login Issue,en-IN,in_app,positive,low,Resolved,activate_esim,2025-09,15,1
E-commerce,Coupon,Wrong Item,en-IN,voice_transcript,neutral,medium,Escalated,reschedule_flight,2025-09,13,0
HealthTech,Lab Test,Late Delivery,en,chat,positive,high,Closed - No Action,refund_status,2025-09,11,0
Fintech,Insurance,Technical Bug,hi,in_app,neutral,low,Closed - No Action,invoice_copy,2025-09,10,0
SaaS,Webhooks,Billing Dispute,en-IN,whatsapp,negative,high,Pending Vendor,reschedule_flight,2025-09,7,0
SaaS,SSO,Course Access,en,chat,neutral,critical,Escalated,cancel_order,2025-09,14,0
EdTech,Certificate,App Crash,en-IN,in_app,neutral,critical,Escalated,update_kYC,2025-09,15,0
E-commerce,Exchange,Technical Bug,en-IN,chat,neutral,medium,Pending Vendor,apply_coupon,2025-09,19,0
E-commerce,Wallet,Billing Dispute,en,voice_transcript,negative,critical,Escalated,reschedule_flight,2025-09,22,0
Telecom,5G Upgrade,Service Not Activated,hi,chat,positive,critical,Closed - No Action,cancel_order,2025-09,19,0
SaaS,Workspace,Service Not Activated,en,voice_transcript,negative,high,Pending Customer,cancel_order,2025-09,15,0
Fintech,Insurance,Billing Dispute,hi,email,negative,high,Pending Vendor,update_kYC,2025-09,9,0
Fintech,FASTag,Wrong Item,en,email,neutral,high,Escalated,download_report,2025-09,19,0
Fintech,Mutual Fund,Wrong Item,hi,chat,negative,high,Pending Customer,update_kYC,2025-09,22,0
Fintech,Savings,Billing Dispute,en-IN,in_app,negative,low,Pending Customer,update_kYC,2025-09,15,0
SaaS,Audit Logs,Billing Dispute,en,whatsapp,negative,medium,Pending Vendor,change_plan,2025-09,14,0
Travel,Flight,OTP Not Received,en-IN,voice_transcript,negative,medium,Pending Vendor,reschedule_flight,2025-09,20,0
FoodTech,Membership,Login Issue,en-IN,in_app,negative,high,Pending Customer,update_kYC,2025-09,4,0
Telecom,4G Pack,Seat Change,en,chat,negative,low,Resolved,cancel_order,2025-09,23,1
Fintech,Insurance,Course Access,en,voice_transcript,negative,critical,Resolved,update_kYC,2025-09,19,1
Telecom,Broadband,OTP Not Received,hi,email,negative,medium,Resolved,reset_password,2025-09,20,1
Travel,Voucher,Seat Change,hi,email,negative,high,Escalated,change_plan,2025-09,23,0
FoodTech,Membership,Login Issue,en,in_app,negative,critical,Escalated,api_rate_limit,2025-10,16,0
Travel,Flight,Payment Failure,en-IN,whatsapp,positive,low,Closed - No Action,update_kYC,2025-10,18,0
Travel,Hotel,Seat Change,hi,in_app,negative,high,Pending Vendor,reset_password,2025-10,1,0
SaaS,Webhooks,Network Outage,hi,email,negative,medium,Pending Customer,book_appointment,2025-10,21,0
HealthTech,Teleconsult,Refund Delay,en-IN,in_app,neutral,medium,Pending Customer,track_order,2025-10,4,0
Travel,Cab,Wrong Item,en,chat,neutral,high,Pending Vendor,apply_coupon,2025-10,23,0
Travel,Cab,Account Locked,en,voice_transcript,negative,high,Resolved,change_plan,2025-10,19,1
Travel,Cab,Wrong Item,en,voice_transcript,neutral,critical,Resolved,activate_esim,2025-10,22,1
HealthTech,Insurance Claim,OTP Not Received,en-IN,voice_transcript,negative,medium,Pending Vendor,reset_password,2025-10,17,0
HealthTech,Insurance Claim,Technical Bug,en-IN,chat,positive,high,Escalated,reactivate_subscription,2025-10,11,0
SaaS,Billing,OTP Not Received,en,in_app,positive,high,Pending Customer,download_report,2025-10,7,0
E-commerce,Wallet,OTP Not Received,en-IN,voice_transcript,negative,critical,Pending Customer,refund_status,2025-10,12,0
SaaS,Audit Logs,Refund Delay,hi,in_app,negative,high,Closed - No Action,invoice_copy,2025-10,1,0
Travel,Voucher,Account Locked,en-IN,chat,neutral,high,Pending Customer,reschedule_flight,2025-10,10,0
Travel,Hotel,Account Locked,hi,whatsapp,negative,high,Pending Vendor,invoice_copy,2025-10,2,0
SaaS,SSO,Network Outage,en,chat,negative,high,Resolved,apply_coupon,2025-10,16,1
Travel,Bus,Network Outage,en-IN,voice_transcript,negative,medium,Resolved,track_order,2025-10,13,1
Fintech,Credit Card,Payment Failure,en-IN,chat,neutral,low,Pending Customer,activate_esim,2025-10,1,0
Fintech,UPI,Late Delivery,hi,whatsapp,neutral,high,Escalated,book_appointment,2025-10,16,0
Fintech,UPI,App Crash,hi,email,negative,medium,Escalated,track_order,2025-10,7,0
EdTech,Subscription,Refund Delay,en-IN,whatsapp,neutral,critical,Resolved,apply_coupon,2025-10,5,1
FoodTech,Partner Offer,Payment Failure,en-IN,email,neutral,critical,Escalated,cancel_order,2025-10,17,0
E-commerce,Coupon,Course Access,en,email,negative,medium,Escalated,activate_esim,2025-10,2,0
E-commerce,Order,Seat Change,hi,in_app,neutral,medium,Closed - No Action,reschedule_flight,2025-10,7,0
EdTech,Subscription,Service Not Activated,en,email,positive,medium,Closed - No Action,reset_password,2025-10,21,0
SaaS,Analytics,App Crash,en-IN,chat,negative,medium,Pending Customer,api_rate_limit,2025-10,19,0
Travel,Cab,Late Delivery,en,email,neutral,low,Closed - No Action,reset_password,2025-10,6,0
FoodTech,Priority Delivery,KYC Verification,en-IN,in_app,negative,high,Escalated,cancel_order,2025-10,15,0
HealthTech,Lab Test,Account Locked,en,email,neutral,medium,Pending Vendor,reset_password,2025-10,22,0
EdTech,Career Track,Account Locked,hi,voice_transcript,negative,low,Resolved,reset_password,2025-10,11,1
Travel,Voucher,Wrong Item,en-IN,chat,negative,low,Closed - No Action,update_kYC,2025-10,9,0
E-commerce,Order,KYC Verification,hi,voice_transcript,negative,critical,Closed - No Action,update_kYC,2025-11,23,0
SaaS,Billing,Refund Delay,hi,chat,negative,medium,Closed - No Action,reset_password,2025-11,4,0
SaaS,Webhooks,Account Locked,en,chat,positive,medium,Closed - No Action,book_appointment,2025-11,20,0
Telecom,Broadband,Billing Dispute,hi,in_app,neutral,critical,Pending Customer,cancel_order,2025-11,1,0
HealthTech,Prescription,Network Outage,hi,voice_transcript,neutral,high,Pending Vendor,activate_esim,2025-11,10,0
Travel,Flight,Service Not Activated,hi,email,positive,critical,Pending Vendor,reactivate_subscription,2025-11,0,0
EdTech,Career Track,App Crash,en-IN,chat,negative,medium,Pending Vendor,activate_esim,2025-11,2,0
Telecom,Broadband,Payment Failure,en-IN,whatsapp,negative,low,Pending Vendor,refund_status,2025-11,12,0
HealthTech,Lab Test,App Crash,en,voice_transcript,neutral,high,Escalated,reactivate_subscription,2025-11,13,0
HealthTech,Lab Test,Login Issue,en-IN,voice_transcript,negative,high,Closed - No Action,invoice_copy,2025-11,15,0
HealthTech,Lab Test,Login Issue,hi,voice_transcript,negative,low,Resolved,reschedule_flight,2025-11,13,1
E-commerce,Return,Course Access,en,voice_transcript,neutral,critical,Escalated,activate_esim,2025-11,6,0
Fintech,Credit Card,Wrong Item,en,email,negative,critical,Pending Customer,reactivate_subscription,2025-11,0,0
E-commerce,Gift Card,Network Outage,hi,voice_transcript,neutral,medium,Closed - No Action,api_rate_limit,2025-11,2,0
HealthTech,Insurance Claim,Account Locked,hi,chat,neutral,medium,Closed - No Action,refund_status,2025-11,6,0
SaaS,API,Billing Dispute,en-IN,whatsapp,neutral,high,Closed - No Action,update_kYC,2025-11,14,0
SaaS,Webhooks,Account Locked,hi,voice_transcript,negative,high,Pending Customer,change_plan,2025-11,0,0
Travel,Cab,Service Not Activated,hi,whatsapp,neutral,low,Escalated,change_plan,2025-11,14,0
SaaS,Analytics,Payment Failure,en-IN,email,negative,critical,Escalated,track_order,2025-11,6,0
E-commerce,Prime Delivery,Login Issue,en-IN,chat,negative,critical,Closed - No Action,update_kYC,2025-11,21,0
HealthTech,Teleconsult,Course Access,en,chat,negative,medium,Resolved,refund_status,2025-11,15,1
HealthTech,Insurance Claim,Refund Delay,en,chat,negative,low,Escalated,reactivate_subscription,2025-11,20,0
EdTech,Career Track,Late Delivery,en-IN,email,negative,high,Escalated,reactivate_subscription,2025-11,7,0
EdTech,Career Track,OTP Not Received,hi,chat,negative,medium,Pending Customer,cancel_order,2025-11,10,0
Telecom,4G Pack,Account Locked,hi,in_app,positive,medium,Escalated,invoice_copy,2025-11,9,0
Fintech,FASTag,Billing Dispute,en,email,negative,medium,Closed - No Action,apply_coupon,2025-11,3,0
SaaS,Webhooks,App Crash,hi,voice_transcript,positive,medium,Resolved,reactivate_subscription,2025-11,18,1
EdTech,Subscription,Account Locked,en,email,negative,critical,Resolved,reschedule_flight,2025-11,4,1
FoodTech,Order,Billing Dispute,en,voice_transcript,negative,high,Escalated,download_report,2025-11,5,0
Telecom,International Pack,Technical Bug,en-IN,chat,positive,medium,Escalated,change_plan,2025-11,16,0
SaaS,Audit Logs,Service Not Activated,en-IN,in_app,negative,medium,Pending Customer,activate_esim,2025-11,23,0
E-commerce,Exchange,Course Access,hi,email,positive,high,Pending Customer,update_kYC,2025-08,7,0
E-commerce,Wallet,App Crash,en,email,neutral,medium,Pending Customer,book_appointment,2025-08,20,0
HealthTech,Report,Service Not Activated,en,email,neutral,low,Resolved,activate_esim,2025-08,4,1
HealthTech,Prescription,Account Locked,hi,in_app,negative,medium,Resolved,reset_password,2025-08,9,1
EdTech,Course,Account Locked,en,whatsapp,negative,high,Closed - No Action,refund_status,2025-08,4,0
Telecom,5G Upgrade,Course Access,en-IN,chat,negative,high,Pending Vendor,apply_coupon,2025-08,20,0
Telecom,International Pack,Seat Change,hi,email,positive,low,Escalated,reactivate_subscription,2025-08,19,0
SaaS,Webhooks,OTP Not Received,en,in_app,positive,medium,Resolved,reactivate_subscription,2025-08,17,1
FoodTech,Membership,OTP Not Received,en,whatsapp,negative,high,Closed - No Action,activate_esim,2025-08,0,0
HealthTech,Insurance Claim,KYC Verification,en-IN,chat,negative,high,Escalated,track_order,2025-08,2,0
Travel,Refund,Payment Failure,hi,voice_transcript,negative,high,Pending Customer,refund_status,2025-08,17,0
HealthTech,Prescription,Service Not Activated,en-IN,chat,negative,medium,Pending Customer,download_report,2025-08,21,0
HealthTech,Teleconsult,Network Outage,en,chat,negative,low,Pending Customer,reactivate_subscription,2025-08,1,0
EdTech,Mock Test,App Crash,en-IN,voice_transcript,negative,high,Pending Customer,reactivate_subscription,2025-08,7,0
EdTech,Course,Wrong Item,en-IN,whatsapp,negative,high,Resolved,book_appointment,2025-08,18,1
Fintech,UPI,Network Outage,en,voice_transcript,neutral,medium,Resolved,change_plan,2025-08,17,1
Fintech,Insurance,Seat Change,hi,chat,positive,high,Resolved,apply_coupon,2025-08,10,1
Travel,Cab,Refund Delay,en,in_app,neutral,medium,Closed - No Action,reschedule_flight,2025-08,15,0
Fintech,Mutual Fund,Course Access,hi,whatsapp,neutral,critical,Pending Customer,download_report,2025-08,9,0
SaaS,SSO,Login Issue,en-IN,voice_transcript,positive,medium,Pending Vendor,api_rate_limit,2025-08,2,0
SaaS,API,Wrong Item,hi,whatsapp,negative,high,Escalated,invoice_copy,2025-08,9,0
FoodTech,Promo,Account Locked,en,whatsapp,positive,medium,Closed - No Action,track_order,2025-08,9,0
FoodTech,Priority Delivery,Seat Change,hi,chat,negative,critical,Closed - No Action,reschedule_flight,2025-08,22,0
Telecom,4G Pack,Account Locked,en,voice_transcript,negative,high,Resolved,change_plan,2025-08,18,1
Travel,Voucher,Refund Delay,en-IN,whatsapp,negative,medium,Pending Customer,apply_coupon,2025-08,2,0
Telecom,Broadband,Network Outage,en,voice_transcript,negative,critical,Escalated,invoice_copy,2025-08,22,0
EdTech,Mock Test,Seat Change,en-IN,voice_transcript,negative,critical,Escalated,refund_status,2025-08,0,0
FoodTech,Wallet,Refund Delay,en,voice_transcript,neutral,high,Closed - No Action,book_appointment,2025-08,19,0
Travel,Flight,Wrong Item,en-IN,email,neutral,critical,Closed - No Action,book_appointment,2025-08,9,0
FoodTech,Refund,Billing Dispute,en,email,negative,medium,Resolved,reset_password,2025-08,18,1
Travel,Bus,App Crash,en,whatsapp,negative,medium,Closed - No Action,reactivate_subscription,2025-08,12,0
E-commerce,Order,Course Access,hi,in_app,negative,critical,Closed - No Action,track_order,2025-09,17,0
EdTech,Course,Login Issue,en-IN,email,negative,high,Escalated,track_order,2025-09,11,0
SaaS,Audit Logs,Wrong Item,en-IN,in_app,negative,medium,Closed - No Action,change_plan,2025-09,18,0
FoodTech,Promo,Payment Failure,hi,voice_transcript,positive,critical,Pending Customer,reactivate_subscription,2025-09,6,0
FoodTech,Order,Payment Failure,en,whatsapp,positive,high,Escalated,activate_esim,2025-09,20,0
Travel,Refund,Billing Dispute,hi,chat,neutral,medium,Closed - No Action,activate_esim,2025-09,4,0
HealthTech,Insurance Claim,Billing Dispute,en,whatsapp,neutral,high,Resolved,update_kYC,2025-09,16,1
HealthTech,Lab Test,Course Access,en,voice_transcript,neutral,high,Pending Customer,reschedule_flight,2025-09,22,0
FoodTech,Partner Offer,KYC Verification,hi,in_app,positive,high,Pending Vendor,track_order,2025-09,8,0
FoodTech,Promo,Technical Bug,en,whatsapp,negative,medium,Escalated,apply_coupon,2025-09,10,0
HealthTech,Appointment,Course Access,en-IN,whatsapp,neutral,medium,Closed - No Action,reschedule_flight,2025-09,19,0
FoodTech,Partner Offer,Account Locked,hi,chat,negative,medium,Pending Vendor,change_plan,2025-09,21,0
E-commerce,Coupon,Course Access,en,email,neutral,critical,Escalated,change_plan,2025-09,17,0
E-commerce,Wallet,Login Issue,en-IN,voice_transcript,neutral,low,Escalated,reset_password,2025-09,21,0
Travel,Insurance,Late Delivery,en-IN,whatsapp,negative,medium,Closed - No Action,reset_password,2025-09,8,0
Fintech,Credit Card,Refund Delay,en-IN,whatsapp,negative,critical,Closed - No Action,cancel_order,2025-09,7,0
Fintech,Savings,Network Outage,en-IN,whatsapp,negative,medium,Closed - No Action,change_plan,2025-09,4,0
E-commerce,Exchange,Refund Delay,hi,whatsapp,negative,low,Resolved,reactivate_subscription,2025-09,0,1
EdTech,Mock Test,KYC Verification,en,chat,negative,medium,Escalated,apply_coupon,2025-09,8,0
EdTech,Exam,Network Outage,en-IN,whatsapp,neutral,low,Pending Customer,change_plan,2025-09,18,0
SaaS,Workspace,Course Access,hi,email,neutral,medium,Pending Vendor,track_order,2025-09,21,0
FoodTech,Promo,OTP Not Received,hi,in_app,neutral,high,Escalated,download_report,2025-09,21,0
E-commerce,Order,Account Locked,en-IN,chat,negative,medium,Closed - No Action,activate_esim,2025-09,10,0
Travel,Bus,Technical Bug,en-IN,voice_transcript,negative,medium,Pending Customer,book_appointment,2025-09,2,0
HealthTech,Teleconsult,Login Issue,hi,email,neutral,high,Escalated,api_rate_limit,2025-09,9,0
E-commerce,Coupon,Technical Bug,hi,email,positive,medium,Resolved,update_kYC,2025-09,20,1
Fintech,UPI,Billing Dispute,en,whatsapp,positive,high,Resolved,track_order,2025-09,21,1
Fintech,FASTag,Payment Failure,en-IN,chat,neutral,low,Escalated,change_plan,2025-09,4,0
EdTech,Course,Payment Failure,hi,voice_transcript,positive,low,Resolved,refund_status,2025-10,12,1
Fintech,Insurance,Late Delivery,hi,voice_transcript,negative,medium,Closed - No Action,apply_coupon,2025-10,13,0
SaaS,Webhooks,Network Outage,hi,in_app,positive,critical,Escalated,api_rate_limit,2025-10,14,0
Telecom,Broadband,Payment Failure,hi,voice_transcript,negative,low,Pending Vendor,activate_esim,2025-10,14,0
EdTech,Subscription,Late Delivery,hi,email,negative,critical,Resolved,reschedule_flight,2025-10,7,1
Travel,Hotel,Account Locked,hi,voice_transcript,positive,critical,Resolved,track_order,2025-10,3,1
FoodTech,Partner Offer,Course Access,hi,in_app,negative,medium,Pending Customer,download_report,2025-10,21,0
Travel,Cab,Network Outage,en,email,neutral,medium,Resolved,apply_coupon,2025-10,0,1
Travel,Bus,Seat Change,en,voice_transcript,neutral,high,Escalated,invoice_copy,2025-10,22,0
E-commerce,Wallet,Wrong Item,en-IN,whatsapp,positive,medium,Pending Customer,reset_password,2025-10,5,0
E-commerce,Prime Delivery,OTP Not Received,en,chat,negative,high,Resolved,change_plan,2025-10,0,1
FoodTech,Refund,Refund Delay,en,email,negative,critical,Pending Vendor,activate_esim,2025-10,22,0
HealthTech,Appointment,Account Locked,en,voice_transcript,negative,medium,Resolved,activate_esim,2025-10,22,1
HealthTech,Report,Service Not Activated,en,voice_transcript,positive,high,Escalated,reschedule_flight,2025-10,23,0
HealthTech,Insurance Claim,Network Outage,en-IN,in_app,negative,critical,Pending Customer,change_plan,2025-10,0,0
EdTech,Mock Test,Payment Failure,hi,in_app,negative,high,Closed - No Action,book_appointment,2025-10,23,0
SaaS,SSO,App Crash,hi,voice_transcript,negative,critical,Escalated,book_appointment,2025-10,6,0
Fintech,FASTag,Wrong Item,en,email,negative,high,Pending Customer,api_rate_limit,2025-10,4,0
HealthTech,Lab Test,Course Access,hi,in_app,negative,medium,Pending Vendor,book_appointment,2025-10,23,0
SaaS,Audit Logs,Wrong Item,hi,whatsapp,positive,medium,Pending Vendor,apply_coupon,2025-10,11,0
E-commerce,Exchange,Wrong Item,en,whatsapp,neutral,high,Escalated,track_order,2025-10,17,0
Telecom,Porting,Network Outage,en,in_app,positive,medium,Pending Vendor,book_appointment,2025-10,18,0
EdTech,Subscription,Login Issue,en,whatsapp,negative,high,Pending Vendor,invoice_copy,2025-10,14,0
HealthTech,Appointment,Technical Bug,en-IN,whatsapp,positive,critical,Pending Vendor,cancel_order,2025-10,17,0
Travel,Voucher,Refund Delay,en,in_app,negative,medium,Resolved,reschedule_flight,2025-10,13,1
FoodTech,Order,Seat Change,en,voice_transcript,neutral,medium,Resolved,cancel_order,2025-10,3,1
EdTech,Exam,KYC Verification,hi,voice_transcript,negative,medium,Escalated,change_plan,2025-10,8,0
E-commerce,Exchange,Wrong Item,en,email,negative,critical,Resolved,reactivate_subscription,2025-10,4,1
E-commerce,Wallet,OTP Not Received,hi,whatsapp,negative,high,Pending Customer,refund_status,2025-10,5,0
E-commerce,Prime Delivery,Account Locked,en,whatsapp,negative,critical,Escalated,book_appointment,2025-10,11,0
Travel,Refund,Refund Delay,hi,chat,positive,medium,Closed - No Action,cancel_order,2025-11,15,0
Telecom,5G Upgrade,Late Delivery,en,email,neutral,high,Pending Vendor,cancel_order,2025-10,12,0
Fintech,Loan,Technical Bug,en-IN,voice_transcript,negative,medium,Escalated,track_order,2025-10,14,0
Travel,Refund,Network Outage,en-IN,voice_transcript,neutral,critical,Resolved,track_order,2025-11,12,1
EdTech,Exam,OTP Not Received,hi,voice_transcript,negative,high,Pending Vendor,reschedule_flight,2025-11,14,0
Fintech,Insurance,Account Locked,en,chat,neutral,critical,Pending Vendor,update_kYC,2025-11,11,0
EdTech,Assignment,Service Not Activated,en-IN,email,negative,high,Closed - No Action,update_kYC,2025-11,19,0
Telecom,eSIM,Billing Dispute,en-IN,in_app,negative,critical,Closed - No Action,apply_coupon,2025-11,6,0
Telecom,Porting,Service Not Activated,en-IN,email,positive,critical,Closed - No Action,reschedule_flight,2025-11,5,0
Telecom,4G Pack,OTP Not Received,hi,chat,neutral,low,Pending Customer,cancel_order,2025-11,0,0
SaaS,Analytics,App Crash,hi,whatsapp,neutral,low,Escalated,api_rate_limit,2025-11,22,0
HealthTech,Lab Test,Payment Failure,en,in_app,positive,critical,Pending Customer,refund_status,2025-11,9,0
FoodTech,Membership,Network Outage,hi,chat,positive,high,Closed - No Action,refund_status,2025-11,0,0
Telecom,International Pack,Refund Delay,en-IN,chat,neutral,high,Escalated,reschedule_flight,2025-11,3,0
Travel,Cab,Course Access,en-IN,email,negative,critical,Closed - No Action,invoice_copy,2025-11,7,0
E-commerce,Exchange,App Crash,en-IN,chat,negative,medium,Resolved,download_report,2025-11,20,1
Telecom,Porting,Login Issue,hi,in_app,positive,high,Pending Vendor,reschedule_flight,2025-11,16,0
E-commerce,Wallet,Technical Bug,en,email,neutral,critical,Resolved,reschedule_flight,2025-11,21,1
Telecom,5G Upgrade,App Crash,en,email,positive,medium,Escalated,track_order,2025-11,9,0
Fintech,FASTag,Technical Bug,en-IN,in_app,negative,high,Pending Vendor,api_rate_limit,2025-11,10,0
FoodTech,Priority Delivery,Billing Dispute,en,email,negative,low,Closed - No Action,refund_status,2025-11,21,0
E-commerce,Prime Delivery,Technical Bug,hi,whatsapp,negative,high,Escalated,track_order,2025-11,12,0
Telecom,Roaming,OTP Not Received,en-IN,voice_transcript,negative,low,Pending Vendor,refund_status,2025-11,16,0
E-commerce,Gift Card,Wrong Item,hi,chat,positive,high,Pending Vendor,activate_esim,2025-11,1,0
Fintech,Insurance,Late Delivery,en,email,negative,medium,Escalated,cancel_order,2025-11,18,0
Fintech,Loan,Wrong Item,en,chat,neutral,critical,Closed - No Action,reset_password,2025-11,14,0
SaaS,SSO,OTP Not Received,en-IN,whatsapp,negative,critical,Resolved,cancel_order,2025-11,6,1
HealthTech,Insurance Claim,Wrong Item,en-IN,email,negative,high,Closed - No Action,track_order,2025-11,11,0
EdTech,Assignment,Seat Change,en-IN,voice_transcript,negative,medium,Pending Vendor,change_plan,2025-11,17,0
Fintech,Mutual Fund,Seat Change,en,in_app,negative,low,Escalated,activate_esim,2025-11,2,0
E-commerce,Exchange,Course Access,en-IN,in_app,negative,high,Closed - No Action,track_order,2025-11,19,0
E-commerce,Return,Network Outage,hi,email,neutral,high,Pending Customer,refund_status,2025-08,12,0
EdTech,Course,Course Access,en-IN,in_app,neutral,medium,Pending Vendor,reschedule_flight,2025-08,0,0
EdTech,Certificate,Payment Failure,en-IN,in_app,neutral,medium,Resolved,download_report,2025-08,8,1
FoodTech,Refund,Seat Change,en-IN,whatsapp,neutral,high,Pending Vendor,refund_status,2025-08,18,0
SaaS,API,Payment Failure,hi,in_app,negative,medium,Escalated,download_report,2025-08,22,0
Fintech,Loan,Technical Bug,en,email,neutral,medium,Resolved,change_plan,2025-08,13,1
Fintech,Insurance,Late Delivery,hi,chat,negative,medium,Resolved,track_order,2025-08,16,1
E-commerce,Coupon,Refund Delay,en-IN,voice_transcript,negative,high,Escalated,book_appointment,2025-08,3,0
Telecom,eSIM,OTP Not Received,en,in_app,negative,low,Closed - No Action,reset_password,2025-08,1,0
Telecom,4G Pack,Late Delivery,en,whatsapp,negative,high,Resolved,refund_status,2025-08,6,1
SaaS,Billing,App Crash,hi,whatsapp,negative,medium,Resolved,track_order,2025-08,12,1
Telecom,5G Upgrade,Service Not Activated,en-IN,voice_transcript,neutral,medium,Pending Vendor,invoice_copy,2025-08,19,0
Fintech,Loan,Seat Change,hi,in_app,negative,medium,Pending Customer,apply_coupon,2025-08,9,0
Telecom,International Pack,OTP Not Received,hi,email,negative,medium,Pending Vendor,activate_esim,2025-08,7,0
FoodTech,Order,Seat Change,en-IN,in_app,neutral,low,Resolved,invoice_copy,2025-08,5,1
FoodTech,Membership,Network Outage,en-IN,whatsapp,negative,medium,Resolved,invoice_copy,2025-08,0,1
HealthTech,Teleconsult,Service Not Activated,en,voice_transcript,negative,low,Resolved,track_order,2025-08,18,1
E-commerce,Prime Delivery,Network Outage,en-IN,whatsapp,neutral,medium,Pending Customer,apply_coupon,2025-08,3,0
E-commerce,Order,OTP Not Received,en-IN,in_app,negative,high,Closed - No Action,reschedule_flight,2025-08,3,0
Fintech,UPI,Late Delivery,en-IN,in_app,neutral,critical,Closed - No Action,refund_status,2025-08,13,0
SaaS,Webhooks,Service Not Activated,hi,whatsapp,negative,high,Pending Customer,change_plan,2025-08,11,0
HealthTech,Teleconsult,Payment Failure,hi,whatsapp,neutral,high,Closed - No Action,change_plan,2025-08,11,0
SaaS,API,Billing Dispute,en,chat,negative,medium,Pending Vendor,update_kYC,2025-08,12,0
Fintech,Insurance,Wrong Item,en,voice_transcript,negative,medium,Closed - No Action,invoice_copy,2025-08,10,0
Fintech,Mutual Fund,Technical Bug,en,chat,positive,high,Resolved,reschedule_flight,2025-08,18,1
Travel,Hotel,OTP Not Received,en,voice_transcript,neutral,low,Resolved,reactivate_subscription,2025-08,15,1
EdTech,Exam,App Crash,en-IN,chat,negative,medium,Escalated,reschedule_flight,2025-08,8,0
Travel,Flight,OTP Not Received,en-IN,whatsapp,neutral,high,Pending Vendor,reschedule_flight,2025-09,5,0
Fintech,Savings,Wrong Item,en,email,neutral,high,Pending Vendor,track_order,2025-09,2,0
EdTech,Career Track,Account Locked,en-IN,chat,negative,medium,Pending Vendor,refund_status,2025-08,14,0
E-commerce,Gift Card,Login Issue,en,in_app,negative,critical,Closed - No Action,reset_password,2025-08,21,0
HealthTech,Prescription,Course Access,en,voice_transcript,negative,high,Resolved,update_kYC,2025-09,5,1
SaaS,Billing,Wrong Item,en,chat,negative,critical,Pending Vendor,reschedule_flight,2025-09,6,0
Telecom,Broadband,Late Delivery,hi,email,neutral,critical,Closed - No Action,invoice_copy,2025-09,18,0
HealthTech,Prescription,App Crash,en,voice_transcript,positive,medium,Escalated,activate_esim,2025-09,14,0
EdTech,Assignment,Refund Delay,en,whatsapp,neutral,critical,Closed - No Action,track_order,2025-09,23,0
Travel,Cab,OTP Not Received,hi,chat,negative,high,Resolved,reactivate_subscription,2025-09,17,1
Fintech,UPI,Seat Change,hi,whatsapp,positive,low,Escalated,cancel_order,2025-09,3,0
SaaS,Analytics,OTP Not Received,hi,in_app,positive,critical,Escalated,update_kYC,2025-09,7,0
EdTech,Mock Test,Late Delivery,hi,email,negative,critical,Closed - No Action,refund_status,2025-09,6,0
FoodTech,Wallet,Account Locked,en,voice_transcript,neutral,medium,Resolved,reactivate_subscription,2025-09,9,1
Travel,Bus,OTP Not Received,en,voice_transcript,negative,high,Resolved,download_report,2025-09,3,1
Travel,Hotel,App Crash,en-IN,email,negative,medium,Escalated,update_kYC,2025-09,22,0
E-commerce,Wallet,Technical Bug,hi,email,neutral,high,Closed - No Action,reschedule_flight,2025-09,2,0
HealthTech,Insurance Claim,Late Delivery,en,in_app,neutral,critical,Pending Customer,invoice_copy,2025-09,14,0
Travel,Voucher,Service Not Activated,en,in_app,positive,critical,Closed - No Action,reset_password,2025-09,13,0
Travel,Bus,Refund Delay,en-IN,whatsapp,neutral,medium,Resolved,book_appointment,2025-09,19,1
EdTech,Assignment,Course Access,en-IN,whatsapp,positive,high,Escalated,invoice_copy,2025-09,2,0
HealthTech,Teleconsult,Network Outage,hi,in_app,neutral,medium,Pending Customer,change_plan,2025-09,7,0
FoodTech,Order,Technical Bug,en,whatsapp,negative,critical,Escalated,download_report,2025-09,14,0
FoodTech,Order,Network Outage,hi,chat,neutral,medium,Resolved,invoice_copy,2025-09,10,1
E-commerce,Exchange,Network Outage,en-IN,in_app,negative,high,Closed - No Action,reschedule_flight,2025-09,0,0
E-commerce,Gift Card,Payment Failure,en-IN,email,neutral,low,Closed - No Action,track_order,2025-09,23,0
FoodTech,Promo,OTP Not Received,en,email,neutral,critical,Closed - No Action,change_plan,2025-09,3,0
SaaS,Billing,Network Outage,en,voice_transcript,neutral,high,Pending Customer,book_appointment,2025-09,14,0
Travel,Refund,Network Outage,hi,whatsapp,negative,medium,Pending Vendor,reschedule_flight,2025-09,9,0
Fintech,Credit Card,Course Access,en-IN,chat,neutral,critical,Pending Vendor,download_report,2025-09,4,0
Telecom,International Pack,Seat Change,en-IN,email,positive,medium,Closed - No Action,update_kYC,2025-09,23,0
SaaS,API,Payment Failure,en-IN,in_app,negative,high,Pending Customer,reset_password,2025-10,8,0
FoodTech,Promo,Account Locked,en,chat,negative,medium,Resolved,update_kYC,2025-09,17,1
EdTech,Career Track,Network Outage,en,voice_transcript,neutral,high,Escalated,apply_coupon,2025-10,2,0
HealthTech,Appointment,Seat Change,en-IN,in_app,positive,high,Closed - No Action,invoice_copy,2025-10,12,0
HealthTech,Teleconsult,Seat Change,hi,in_app,positive,medium,Resolved,api_rate_limit,2025-10,18,1
Travel,Hotel,Login Issue,en-IN,email,neutral,high,Pending Vendor,update_kYC,2025-10,8,0
HealthTech,Insurance Claim,Seat Change,en-IN,whatsapp,negative,medium,Pending Customer,change_plan,2025-10,1,0
EdTech,Course,Account Locked,en,in_app,negative,low,Escalated,reschedule_flight,2025-10,14,0
EdTech,Career Track,Login Issue,hi,chat,neutral,high,Resolved,reactivate_subscription,2025-10,2,1
FoodTech,Priority Delivery,Service Not Activated,hi,whatsapp,negative,low,Pending Customer,invoice_copy,2025-10,18,0
Fintech,Savings,Billing Dispute,hi,in_app,negative,medium,Pending Customer,api_rate_limit,2025-10,10,0
HealthTech,Prescription,Account Locked,en-IN,in_app,negative,high,Resolved,change_plan,2025-10,1,1
Travel,Bus,Login Issue,en-IN,voice_transcript,positive,high,Pending Vendor,reset_password,2025-10,18,0
Telecom,International Pack,Course Access,hi,in_app,positive,critical,Closed - No Action,api_rate_limit,2025-10,4,0
HealthTech,Prescription,Technical Bug,hi,voice_transcript,neutral,high,Resolved,change_plan,2025-10,16,1
FoodTech,Wallet,Refund Delay,en,in_app,positive,medium,Pending Customer,reactivate_subscription,2025-10,6,0
EdTech,Course,Late Delivery,en,email,neutral,critical,Resolved,reset_password,2025-10,13,1
E-commerce,Prime Delivery,Seat Change,en-IN,voice_transcript,positive,medium,Escalated,activate_esim,2025-10,15,0
FoodTech,Order,Network Outage,hi,email,negative,high,Pending Vendor,download_report,2025-10,9,0
Fintech,Savings,Login Issue,en-IN,email,negative,high,Closed - No Action,activate_esim,2025-10,18,0
HealthTech,Lab Test,App Crash,en-IN,voice_transcript,negative,high,Pending Customer,apply_coupon,2025-10,14,0
HealthTech,Teleconsult,KYC Verification,en,email,neutral,critical,Pending Vendor,track_order,2025-10,14,0
FoodTech,Refund,Wrong Item,hi,email,negative,medium,Resolved,invoice_copy,2025-10,1,1
EdTech,Assignment,KYC Verification,hi,voice_transcript,negative,high,Closed - No Action,cancel_order,2025-10,19,0
E-commerce,Return,Late Delivery,en-IN,chat,negative,high,Resolved,reset_password,2025-10,18,1
FoodTech,Wallet,Billing Dispute,en-IN,email,positive,high,Resolved,book_appointment,2025-10,23,1
EdTech,Mock Test,Login Issue,hi,email,neutral,critical,Pending Customer,activate_esim,2025-10,22,0
Travel,Bus,App Crash,en,email,neutral,critical,Pending Vendor,reactivate_subscription,2025-10,19,0
EdTech,Course,KYC Verification,en-IN,in_app,neutral,high,Escalated,activate_esim,2025-10,3,0
FoodTech,Partner Offer,KYC Verification,en,in_app,negative,high,Pending Vendor,activate_esim,2025-10,8,0
Travel,Flight,App Crash,en-IN,chat,neutral,critical,Escalated,reschedule_flight,2025-10,10,0
Travel,Hotel,Seat Change,hi,in_app,negative,medium,Resolved,change_plan,2025-11,7,1
Travel,Cab,KYC Verification,en,voice_transcript,neutral,medium,Resolved,download_report,2025-11,1,1
SaaS,SSO,Wrong Item,en-IN,whatsapp,neutral,medium,Closed - No Action,cancel_order,2025-11,5,0
E-commerce,Exchange,Account Locked,hi,voice_transcript,neutral,medium,Pending Vendor,reset_password,2025-11,8,0
Travel,Voucher,App Crash,hi,voice_transcript,negative,high,Escalated,reschedule_flight,2025-11,6,0
Telecom,Roaming,Payment Failure,en-IN,email,neutral,high,Pending Vendor,invoice_copy,2025-11,10,0
Fintech,Loan,OTP Not Received,en-IN,email,negative,critical,Escalated,track_order,2025-11,16,0
Travel,Bus,Service Not Activated,en-IN,whatsapp,neutral,high,Pending Customer,reset_password,2025-11,1,0
Fintech,Insurance,Refund Delay,hi,email,negative,medium,Closed - No Action,activate_esim,2025-11,2,0
Fintech,FASTag,Service Not Activated,en,whatsapp,negative,high,Pending Customer,activate_esim,2025-11,2,0
SaaS,Webhooks,Payment Failure,en-IN,whatsapp,positive,medium,Resolved,reactivate_subscription,2025-11,7,1
Telecom,eSIM,OTP Not Received,en,whatsapp,positive,high,Resolved,change_plan,2025-11,3,1
SaaS,API,Login Issue,en,chat,neutral,medium,Pending Vendor,cancel_order,2025-11,9,0
SaaS,Analytics,KYC Verification,en,in_app,neutral,high,Pending Vendor,invoice_copy,2025-11,2,0
Travel,Insurance,Payment Failure,hi,voice_transcript,negative,high,Closed - No Action,refund_status,2025-11,9,0
EdTech,Exam,Account Locked,en,whatsapp,neutral,critical,Pending Vendor,book_appointment,2025-11,10,0
EdTech,Exam,OTP Not Received,en-IN,whatsapp,negative,medium,Pending Customer,activate_esim,2025-11,23,0
Telecom,5G Upgrade,Network Outage,hi,voice_transcript,positive,high,Pending Vendor,reset_password,2025-11,2,0
Telecom,Broadband,Refund Delay,hi,in_app,neutral,critical,Pending Vendor,reset_password,2025-11,13,0
FoodTech,Wallet,OTP Not Received,hi,in_app,neutral,high,Resolved,change_plan,2025-11,22,1
E-commerce,Order,Billing Dispute,hi,chat,neutral,critical,Resolved,change_plan,2025-11,10,1
Travel,Bus,OTP Not Received,en,voice_transcript,positive,medium,Pending Customer,apply_coupon,2025-11,17,0
SaaS,SSO,Payment Failure,en,email,negative,medium,Pending Customer,download_report,2025-11,15,0
SaaS,Billing,Login Issue,en,voice_transcript,neutral,medium,Resolved,activate_esim,2025-11,14,1
E-commerce,Return,Account Locked,hi,email,neutral,critical,Closed - No Action,refund_status,2025-11,11,0
E-commerce,Coupon,Billing Dispute,en,chat,neutral,low,Pending Vendor,apply_coupon,2025-11,17,0
HealthTech,Report,Payment Failure,en,email,negative,high,Closed - No Action,reset_password,2025-11,17,0
Travel,Refund,Technical Bug,en-IN,voice_transcript,negative,medium,Pending Vendor,reactivate_subscription,2025-11,6,0
Telecom,Roaming,OTP Not Received,en,whatsapp,negative,medium,Pending Customer,reschedule_flight,2025-11,11,0
FoodTech,Order,KYC Verification,en,in_app,positive,high,Pending Customer,update_kYC,2025-11,8,0
E-commerce,Gift Card,Login Issue,hi,email,negative,high,Pending Customer,api_rate_limit,2025-12,20,0
E-commerce,Coupon,Wrong Item,en-IN,in_app,negative,high,Resolved,track_order,2025-08,19,1
E-commerce,Wallet,Login Issue,en,whatsapp,positive,medium,Resolved,cancel_order,2025-08,10,1
FoodTech,Membership,Course Access,en,whatsapp,negative,low,Resolved,invoice_copy,2025-08,22,1
SaaS,Webhooks,Payment Failure,en-IN,whatsapp,neutral,low,Closed - No Action,apply_coupon,2025-08,1,0
EdTech,Career Track,Login Issue,en-IN,in_app,negative,critical,Closed - No Action,cancel_order,2025-08,14,0
HealthTech,Prescription,Payment Failure,en,email,negative,high,Resolved,download_report,2025-08,6,1
Telecom,International Pack,KYC Verification,en-IN,in_app,negative,critical,Closed - No Action,activate_esim,2025-08,1,0
SaaS,Billing,Account Locked,en,chat,negative,medium,Pending Vendor,refund_status,2025-08,10,0
SaaS,Analytics,OTP Not Received,hi,whatsapp,positive,high,Resolved,activate_esim,2025-08,19,1
HealthTech,Teleconsult,Login Issue,hi,chat,neutral,low,Closed - No Action,invoice_copy,2025-08,11,0
FoodTech,Partner Offer,KYC Verification,en-IN,whatsapp,neutral,high,Pending Vendor,book_appointment,2025-08,15,0
HealthTech,Report,Account Locked,hi,chat,negative,high,Escalated,download_report,2025-08,1,0
FoodTech,Partner Offer,Course Access,en-IN,email,neutral,high,Pending Vendor,cancel_order,2025-08,8,0
SaaS,Webhooks,Refund Delay,en-IN,chat,negative,high,Closed - No Action,activate_esim,2025-08,0,0
Fintech,Savings,App Crash,en-IN,voice_transcript,positive,high,Closed - No Action,cancel_order,2025-08,17,0
HealthTech,Appointment,Wrong Item,hi,email,negative,medium,Escalated,update_kYC,2025-08,10,0
HealthTech,Appointment,Payment Failure,hi,voice_transcript,positive,high,Escalated,api_rate_limit,2025-08,4,0
SaaS,Webhooks,Wrong Item,en,voice_transcript,negative,critical,Closed - No Action,activate_esim,2025-08,23,0
HealthTech,Teleconsult,Seat Change,en,email,negative,medium,Pending Vendor,download_report,2025-08,3,0
EdTech,Certificate,OTP Not Received,en-IN,whatsapp,negative,critical,Pending Vendor,change_plan,2025-08,10,0
E-commerce,Exchange,Service Not Activated,en-IN,in_app,neutral,high,Pending Vendor,activate_esim,2025-08,9,0
Telecom,4G Pack,Service Not Activated,en,chat,negative,low,Pending Customer,reset_password,2025-08,8,0
E-commerce,Prime Delivery,Course Access,hi,chat,negative,medium,Escalated,reset_password,2025-08,21,0
EdTech,Exam,Seat Change,en,in_app,negative,medium,Resolved,cancel_order,2025-08,1,1
EdTech,Certificate,KYC Verification,en-IN,in_app,positive,high,Escalated,api_rate_limit,2025-08,0,0
SaaS,Audit Logs,Seat Change,en-IN,chat,neutral,medium,Closed - No Action,apply_coupon,2025-08,11,0
FoodTech,Refund,Technical Bug,en,whatsapp,positive,critical,Resolved,book_appointment,2025-08,12,1
HealthTech,Teleconsult,Refund Delay,hi,in_app,negative,high,Pending Customer,reset_password,2025-08,14,0
Fintech,Savings,Course Access,en,in_app,neutral,critical,Pending Vendor,update_kYC,2025-09,19,0
Telecom,International Pack,Account Locked,hi,in_app,neutral,critical,Pending Vendor,book_appointment,2025-09,2,0
SaaS,Billing,Technical Bug,en-IN,email,positive,high,Pending Vendor,apply_coupon,2025-09,5,0
Fintech,Loan,KYC Verification,en,chat,negative,critical,Resolved,download_report,2025-09,2,1
SaaS,Webhooks,Login Issue,en,voice_transcript,negative,high,Closed - No Action,book_appointment,2025-09,5,0
SaaS,SSO,Course Access,en,email,neutral,high,Pending Customer,invoice_copy,2025-09,9,0
EdTech,Career Track,Account Locked,hi,in_app,negative,medium,Pending Customer,change_plan,2025-09,10,0
HealthTech,Lab Test,Account Locked,en-IN,in_app,negative,high,Closed - No Action,invoice_copy,2025-09,0,0
Travel,Insurance,Billing Dispute,en-IN,voice_transcript,negative,low,Pending Vendor,book_appointment,2025-09,12,0
HealthTech,Teleconsult,Course Access,hi,whatsapp,neutral,critical,Closed - No Action,update_kYC,2025-09,3,0
Travel,Hotel,Refund Delay,en,email,negative,high,Escalated,api_rate_limit,2025-09,19,0
SaaS,Analytics,Late Delivery,hi,whatsapp,negative,high,Pending Customer,change_plan,2025-09,19,0
HealthTech,Teleconsult,Seat Change,en,in_app,negative,high,Closed - No Action,reactivate_subscription,2025-09,5,0
Travel,Refund,Billing Dispute,hi,voice_transcript,negative,critical,Pending Customer,change_plan,2025-09,6,0
EdTech,Certificate,App Crash,hi,voice_transcript,neutral,critical,Pending Customer,activate_esim,2025-09,10,0
SaaS,API,Wrong Item,hi,voice_transcript,negative,medium,Escalated,update_kYC,2025-09,8,0
Fintech,UPI,Service Not Activated,hi,in_app,neutral,critical,Pending Vendor,book_appointment,2025-09,20,0
Telecom,5G Upgrade,Technical Bug,en-IN,whatsapp,neutral,medium,Pending Vendor,change_plan,2025-09,18,0
Travel,Voucher,Login Issue,hi,voice_transcript,neutral,medium,Escalated,download_report,2025-09,10,0
Fintech,FASTag,OTP Not Received,en-IN,chat,positive,medium,Pending Customer,refund_status,2025-09,2,0
Fintech,UPI,Service Not Activated,hi,email,negative,medium,Escalated,track_order,2025-09,15,0
Telecom,4G Pack,KYC Verification,en,voice_transcript,negative,critical,Pending Customer,api_rate_limit,2025-09,21,0
SaaS,Workspace,Account Locked,hi,whatsapp,neutral,high,Closed - No Action,activate_esim,2025-09,14,0
SaaS,Webhooks,Late Delivery,en-IN,voice_transcript,negative,medium,Pending Vendor,activate_esim,2025-09,18,0
Travel,Flight,Course Access,en-IN,chat,neutral,high,Escalated,reschedule_flight,2025-09,21,0
E-commerce,Coupon,Service Not Activated,hi,email,neutral,low,Escalated,apply_coupon,2025-09,14,0
HealthTech,Report,Late Delivery,en,voice_transcript,neutral,high,Pending Customer,cancel_order,2025-09,19,0
Telecom,5G Upgrade,OTP Not Received,en-IN,chat,neutral,medium,Pending Customer,track_order,2025-09,20,0
Fintech,Mutual Fund,Service Not Activated,en-IN,chat,neutral,high,Pending Vendor,reset_password,2025-09,13,0
Travel,Refund,Login Issue,hi,voice_transcript,negative,high,Resolved,activate_esim,2025-09,21,1
Telecom,eSIM,Billing Dispute,hi,email,negative,high,Escalated,download_report,2025-09,8,0
FoodTech,Order,Login Issue,en-IN,email,negative,high,Pending Customer,reactivate_subscription,2025-10,7,0
E-commerce,Order,Technical Bug,en,in_app,neutral,critical,Resolved,book_appointment,2025-10,9,1
HealthTech,Appointment,App Crash,en-IN,in_app,neutral,medium,Escalated,reactivate_subscription,2025-10,0,0
Telecom,International Pack,Network Outage,hi,in_app,negative,critical,Escalated,apply_coupon,2025-10,8,0
Telecom,Roaming,KYC Verification,en,voice_transcript,negative,critical,Resolved,invoice_copy,2025-10,1,1
E-commerce,Coupon,Account Locked,en-IN,email,negative,critical,Resolved,download_report,2025-10,12,1
EdTech,Assignment,Payment Failure,hi,chat,negative,medium,Pending Vendor,reschedule_flight,2025-10,3,0
Travel,Flight,App Crash,hi,email,negative,high,Pending Customer,reschedule_flight,2025-10,4,0
Telecom,4G Pack,KYC Verification,en-IN,voice_transcript,negative,critical,Closed - No Action,reactivate_subscription,2025-10,4,0
FoodTech,Promo,Technical Bug,hi,chat,neutral,high,Pending Customer,api_rate_limit,2025-10,7,0
Telecom,Broadband,Billing Dispute,en,email,neutral,high,Pending Customer,invoice_copy,2025-10,10,0
EdTech,Career Track,Account Locked,hi,email,negative,medium,Resolved,book_appointment,2025-10,1,1
FoodTech,Wallet,Wrong Item,en,email,neutral,high,Pending Customer,change_plan,2025-10,18,0
Travel,Refund,Account Locked,en-IN,chat,negative,medium,Pending Customer,cancel_order,2025-10,9,0
EdTech,Certificate,Billing Dispute,en-IN,in_app,negative,medium,Escalated,update_kYC,2025-10,23,0
FoodTech,Promo,OTP Not Received,en,whatsapp,positive,medium,Closed - No Action,cancel_order,2025-10,14,0
Fintech,Insurance,Refund Delay,en-IN,in_app,neutral,high,Pending Customer,reschedule_flight,2025-10,7,0
EdTech,Exam,OTP Not Received,en-IN,chat,neutral,critical,Pending Customer,reschedule_flight,2025-10,3,0
SaaS,SSO,Login Issue,hi,voice_transcript,neutral,critical,Closed - No Action,refund_status,2025-10,6,0
E-commerce,Wallet,Login Issue,hi,chat,positive,medium,Escalated,activate_esim,2025-10,15,0
Fintech,FASTag,Course Access,hi,chat,positive,high,Pending Customer,reset_password,2025-10,3,0
E-commerce,Wallet,Course Access,hi,email,negative,low,Closed - No Action,reset_password,2025-10,1,0
Travel,Cab,Network Outage,hi,email,positive,medium,Closed - No Action,update_kYC,2025-10,14,0
Fintech,Insurance,Seat Change,hi,chat,positive,critical,Pending Vendor,download_report,2025-10,12,0
SaaS,Workspace,Technical Bug,en,voice_transcript,positive,high,Closed - No Action,refund_status,2025-10,23,0
EdTech,Subscription,Service Not Activated,en-IN,whatsapp,neutral,high,Pending Customer,reactivate_subscription,2025-10,20,0
Fintech,UPI,Technical Bug,en-IN,whatsapp,neutral,low,Pending Vendor,change_plan,2025-10,21,0
Travel,Insurance,App Crash,en,in_app,positive,high,Closed - No Action,cancel_order,2025-10,13,0
SaaS,SSO,Seat Change,hi,voice_transcript,positive,high,Pending Customer,change_plan,2025-10,7,0
Fintech,Credit Card,Seat Change,en-IN,in_app,positive,medium,Resolved,activate_esim,2025-10,11,1
Telecom,Roaming,Payment Failure,hi,chat,negative,critical,Closed - No Action,invoice_copy,2025-10,12,0
EdTech,Mock Test,App Crash,hi,email,positive,high,Resolved,cancel_order,2025-11,10,1
Telecom,eSIM,Account Locked,en,email,negative,high,Pending Vendor,cancel_order,2025-11,5,0
FoodTech,Refund,App Crash,en-IN,voice_transcript,neutral,high,Pending Vendor,change_plan,2025-11,13,0
E-commerce,Coupon,Technical Bug,en-IN,in_app,negative,medium,Pending Vendor,cancel_order,2025-11,17,0
EdTech,Mock Test,Course Access,en-IN,in_app,positive,low,Closed - No Action,track_order,2025-11,2,0
E-commerce,Order,App Crash,en-IN,email,positive,low,Closed - No Action,apply_coupon,2025-11,12,0
Travel,Voucher,Service Not Activated,hi,email,positive,medium,Pending Vendor,reschedule_flight,2025-11,23,0
Fintech,Mutual Fund,KYC Verification,en-IN,whatsapp,positive,low,Resolved,change_plan,2025-11,22,1
E-commerce,Order,Course Access,hi,voice_transcript,negative,medium,Resolved,invoice_copy,2025-11,19,1
FoodTech,Partner Offer,Payment Failure,en,voice_transcript,positive,high,Escalated,activate_esim,2025-11,3,0
FoodTech,Order,App Crash,en-IN,voice_transcript,negative,medium,Pending Vendor,update_kYC,2025-11,1,0
Fintech,Loan,Account Locked,en-IN,email,positive,medium,Pending Vendor,book_appointment,2025-11,12,0
E-commerce,Return,App Crash,hi,email,negative,high,Closed - No Action,reschedule_flight,2025-11,5,0
Travel,Insurance,Refund Delay,hi,in_app,neutral,low,Pending Vendor,book_appointment,2025-11,10,0
HealthTech,Teleconsult,Network Outage,en,email,negative,critical,Escalated,apply_coupon,2025-11,15,0
SaaS,Workspace,Service Not Activated,en,email,negative,high,Pending Customer,track_order,2025-11,20,0
Fintech,Loan,Technical Bug,hi,voice_transcript,positive,medium,Resolved,reschedule_flight,2025-11,4,1
SaaS,Webhooks,Course Access,en-IN,whatsapp,neutral,medium,Closed - No Action,activate_esim,2025-11,15,0
Fintech,Mutual Fund,Payment Failure,en-IN,in_app,negative,high,Pending Vendor,update_kYC,2025-11,12,0
SaaS,Audit Logs,Late Delivery,en-IN,email,negative,medium,Escalated,reactivate_subscription,2025-11,5,0
FoodTech,Membership,Late Delivery,en,voice_transcript,neutral,medium,Escalated,change_plan,2025-11,19,0
Fintech,Loan,Login Issue,en,voice_transcript,positive,high,Pending Customer,reschedule_flight,2025-11,12,0
EdTech,Course,Seat Change,hi,whatsapp,neutral,high,Resolved,reschedule_flight,2025-11,3,1
HealthTech,Lab Test,Course Access,en-IN,whatsapp,negative,high,Escalated,reset_password,2025-11,4,0
Fintech,Loan,Wrong Item,hi,whatsapp,neutral,high,Resolved,cancel_order,2025-11,14,1
Travel,Hotel,Late Delivery,hi,chat,neutral,high,Pending Customer,reset_password,2025-11,13,0
Travel,Hotel,OTP Not Received,en,in_app,neutral,low,Pending Vendor,update_kYC,2025-11,23,0
HealthTech,Report,Course Access,hi,chat,negative,critical,Pending Vendor,download_report,2025-11,12,0
Fintech,Credit Card,Seat Change,en,in_app,negative,critical,Pending Customer,invoice_copy,2025-11,12,0
Fintech,Loan,Billing Dispute,en-IN,chat,positive,medium,Pending Customer,track_order,2025-11,23,0
SaaS,SSO,Technical Bug,en,chat,negative,medium,Pending Vendor,update_kYC,2025-08,0,0
Telecom,Porting,Late Delivery,en-IN,voice_transcript,positive,high,Pending Vendor,activate_esim,2025-08,16,0
E-commerce,Return,Network Outage,en,chat,negative,high,Closed - No Action,change_plan,2025-08,11,0
EdTech,Certificate,Refund Delay,en-IN,voice_transcript,negative,critical,Closed - No Action,book_appointment,2025-08,13,0
Telecom,4G Pack,OTP Not Received,en-IN,chat,neutral,high,Closed - No Action,cancel_order,2025-08,23,0
E-commerce,Order,KYC Verification,hi,email,negative,high,Closed - No Action,refund_status,2025-08,7,0
EdTech,Exam,Wrong Item,hi,chat,neutral,critical,Closed - No Action,download_report,2025-08,18,0
Travel,Hotel,KYC Verification,hi,whatsapp,negative,high,Pending Vendor,download_report,2025-08,7,0
FoodTech,Membership,Late Delivery,en,voice_transcript,neutral,high,Closed - No Action,change_plan,2025-08,19,0
Travel,Cab,Seat Change,en,in_app,negative,critical,Escalated,download_report,2025-08,19,0
HealthTech,Teleconsult,OTP Not Received,en-IN,chat,negative,high,Escalated,update_kYC,2025-08,18,0
HealthTech,Appointment,Service Not Activated,en-IN,voice_transcript,positive,critical,Pending Vendor,track_order,2025-08,15,0
E-commerce,Wallet,Refund Delay,en-IN,voice_transcript,negative,high,Closed - No Action,track_order,2025-08,19,0
Fintech,FASTag,OTP Not Received,hi,whatsapp,positive,high,Pending Customer,apply_coupon,2025-08,8,0
Telecom,International Pack,Technical Bug,en,in_app,neutral,critical,Pending Vendor,track_order,2025-08,15,0
E-commerce,Order,KYC Verification,en-IN,whatsapp,negative,low,Pending Vendor,refund_status,2025-08,2,0
HealthTech,Appointment,Refund Delay,hi,in_app,negative,medium,Closed - No Action,download_report,2025-08,4,0
HealthTech,Prescription,Payment Failure,en-IN,chat,neutral,medium,Closed - No Action,activate_esim,2025-08,13,0
SaaS,Analytics,Course Access,en,voice_transcript,positive,low,Escalated,update_kYC,2025-08,22,0
SaaS,SSO,Seat Change,en,email,negative,low,Escalated,apply_coupon,2025-08,2,0
Fintech,Mutual Fund,Late Delivery,en-IN,in_app,neutral,medium,Closed - No Action,apply_coupon,2025-08,12,0
HealthTech,Report,OTP Not Received,en-IN,voice_transcript,negative,high,Resolved,reactivate_subscription,2025-08,17,1
Telecom,5G Upgrade,Network Outage,en,chat,neutral,critical,Closed - No Action,download_report,2025-08,16,0
Telecom,4G Pack,Payment Failure,en-IN,chat,positive,high,Escalated,reschedule_flight,2025-08,14,0
FoodTech,Partner Offer,Service Not Activated,en,in_app,neutral,medium,Escalated,reschedule_flight,2025-08,14,0
Telecom,Roaming,Seat Change,en,whatsapp,neutral,critical,Escalated,refund_status,2025-08,6,0
FoodTech,Order,App Crash,en,chat,negative,medium,Resolved,api_rate_limit,2025-08,16,1
Telecom,4G Pack,App Crash,en-IN,voice_transcript,positive,medium,Pending Vendor,activate_esim,2025-08,16,0
FoodTech,Promo,Refund Delay,hi,chat,negative,high,Closed - No Action,activate_esim,2025-09,15,0
Travel,Bus,App Crash,en,chat,positive,critical,Pending Vendor,cancel_order,2025-09,22,0
EdTech,Subscription,Network Outage,hi,email,negative,high,Closed - No Action,invoice_copy,2025-08,22,0
Fintech,FASTag,Refund Delay,en,email,negative,medium,Closed - No Action,activate_esim,2025-09,3,0
Travel,Flight,App Crash,en,whatsapp,negative,medium,Resolved,invoice_copy,2025-09,14,1
SaaS,Billing,Network Outage,hi,chat,neutral,critical,Resolved,apply_coupon,2025-09,18,1
Fintech,Insurance,OTP Not Received,en-IN,email,neutral,high,Escalated,book_appointment,2025-09,23,0
E-commerce,Exchange,KYC Verification,hi,chat,negative,low,Pending Vendor,download_report,2025-09,17,0
Travel,Insurance,App Crash,en-IN,chat,negative,medium,Closed - No Action,reschedule_flight,2025-09,13,0
Fintech,Loan,Wrong Item,en,in_app,negative,high,Closed - No Action,reset_password,2025-09,12,0
HealthTech,Prescription,Login Issue,en,in_app,negative,medium,Pending Vendor,activate_esim,2025-09,22,0
HealthTech,Insurance Claim,Service Not Activated,hi,in_app,positive,high,Closed - No Action,activate_esim,2025-09,14,0
Fintech,Mutual Fund,Login Issue,en-IN,in_app,negative,medium,Pending Vendor,activate_esim,2025-09,19,0
Telecom,Porting,App Crash,en-IN,chat,negative,high,Pending Customer,reset_password,2025-09,1,0
E-commerce,Order,Seat Change,en,whatsapp,negative,high,Resolved,api_rate_limit,2025-09,12,1
E-commerce,Return,Account Locked,en-IN,in_app,neutral,critical,Escalated,apply_coupon,2025-09,22,0
HealthTech,Teleconsult,Billing Dispute,hi,voice_transcript,neutral,high,Resolved,apply_coupon,2025-09,10,1
E-commerce,Exchange,Wrong Item,hi,in_app,negative,high,Closed - No Action,update_kYC,2025-09,4,0
Fintech,Credit Card,Wrong Item,en-IN,in_app,negative,high,Pending Vendor,track_order,2025-09,7,0
E-commerce,Return,Account Locked,en,in_app,negative,high,Closed - No Action,activate_esim,2025-09,21,0
Travel,Refund,KYC Verification,en-IN,in_app,negative,high,Closed - No Action,apply_coupon,2025-09,17,0
SaaS,API,KYC Verification,hi,email,neutral,medium,Pending Customer,apply_coupon,2025-09,6,0
Telecom,Porting,KYC Verification,hi,whatsapp,positive,high,Closed - No Action,apply_coupon,2025-09,16,0
Telecom,Porting,Service Not Activated,en-IN,in_app,positive,high,Pending Vendor,invoice_copy,2025-09,17,0
EdTech,Course,Service Not Activated,hi,in_app,negative,high,Escalated,invoice_copy,2025-09,0,0
EdTech,Certificate,Refund Delay,en,email,positive,medium,Pending Vendor,track_order,2025-09,5,0
E-commerce,Gift Card,KYC Verification,en-IN,whatsapp,negative,critical,Pending Customer,cancel_order,2025-09,1,0
EdTech,Assignment,Account Locked,en,chat,neutral,low,Resolved,update_kYC,2025-09,3,1
FoodTech,Priority Delivery,App Crash,en-IN,chat,neutral,medium,Resolved,track_order,2025-09,23,1
Travel,Hotel,Payment Failure,hi,voice_transcript,neutral,high,Escalated,api_rate_limit,2025-09,2,0
EdTech,Career Track,Late Delivery,hi,chat,negative,high,Closed - No Action,invoice_copy,2025-09,0,0
EdTech,Course,Login Issue,en-IN,whatsapp,neutral,low,Closed - No Action,reschedule_flight,2025-09,14,0
E-commerce,Return,Service Not Activated,hi,in_app,negative,high,Pending Vendor,reset_password,2025-10,8,0
EdTech,Certificate,Network Outage,hi,chat,neutral,high,Closed - No Action,api_rate_limit,2025-10,0,0
Telecom,International Pack,Network Outage,en-IN,in_app,negative,high,Pending Customer,reschedule_flight,2025-10,9,0
E-commerce,Wallet,Payment Failure,en,email,positive,medium,Closed - No Action,book_appointment,2025-10,7,0
FoodTech,Priority Delivery,Service Not Activated,en,email,neutral,medium,Resolved,apply_coupon,2025-10,15,1
Fintech,UPI,Seat Change,en,voice_transcript,neutral,low,Closed - No Action,book_appointment,2025-10,21,0
HealthTech,Insurance Claim,Technical Bug,en-IN,in_app,neutral,medium,Closed - No Action,track_order,2025-10,9,0
FoodTech,Promo,Network Outage,hi,voice_transcript,neutral,high,Pending Vendor,activate_esim,2025-10,1,0
Travel,Cab,Wrong Item,en,voice_transcript,negative,medium,Pending Customer,download_report,2025-10,19,0
SaaS,Analytics,Late Delivery,hi,in_app,negative,low,Escalated,reset_password,2025-10,3,0
E-commerce,Gift Card,Seat Change,en,voice_transcript,neutral,low,Escalated,activate_esim,2025-10,15,0
E-commerce,Exchange,OTP Not Received,en-IN,in_app,negative,high,Escalated,cancel_order,2025-10,6,0
Fintech,UPI,Late Delivery,en-IN,whatsapp,negative,high,Closed - No Action,reset_password,2025-10,18,0
Telecom,4G Pack,Payment Failure,en,email,negative,critical,Escalated,change_plan,2025-10,8,0
Telecom,International Pack,Late Delivery,en,email,positive,critical,Resolved,api_rate_limit,2025-10,15,1
Fintech,UPI,Payment Failure,en-IN,chat,negative,medium,Pending Vendor,reschedule_flight,2025-10,8,0
Fintech,Savings,KYC Verification,hi,whatsapp,positive,critical,Escalated,download_report,2025-10,17,0
HealthTech,Teleconsult,Login Issue,en,in_app,neutral,critical,Escalated,apply_coupon,2025-10,7,0
FoodTech,Order,Login Issue,en,voice_transcript,neutral,medium,Pending Vendor,download_report,2025-10,17,0
Fintech,Mutual Fund,Service Not Activated,hi,email,negative,critical,Closed - No Action,apply_coupon,2025-10,10,0
HealthTech,Report,Payment Failure,en,whatsapp,negative,high,Pending Customer,book_appointment,2025-10,0,0
FoodTech,Partner Offer,App Crash,en,email,neutral,critical,Escalated,download_report,2025-10,15,0
Travel,Cab,Service Not Activated,en-IN,voice_transcript,negative,critical,Closed - No Action,refund_status,2025-10,4,0
FoodTech,Partner Offer,Login Issue,en,chat,neutral,critical,Pending Customer,change_plan,2025-10,20,0
EdTech,Course,Refund Delay,en,voice_transcript,neutral,high,Resolved,track_order,2025-10,21,1
E-commerce,Gift Card,Payment Failure,hi,whatsapp,neutral,critical,Pending Customer,cancel_order,2025-10,22,0
FoodTech,Wallet,Account Locked,en,chat,neutral,medium,Escalated,download_report,2025-10,13,0
E-commerce,Prime Delivery,Wrong Item,en-IN,voice_transcript,neutral,medium,Resolved,book_appointment,2025-10,8,1
SaaS,SSO,Login Issue,en-IN,chat,positive,high,Pending Customer,change_plan,2025-10,21,0
Telecom,5G Upgrade,Seat Change,hi,in_app,negative,critical,Pending Customer,cancel_order,2025-10,4,0
EdTech,Course,Wrong Item,hi,whatsapp,negative,high,Resolved,apply_coupon,2025-11,2,1
Telecom,Broadband,Late Delivery,en-IN,whatsapp,neutral,high,Escalated,api_rate_limit,2025-11,8,0
Travel,Refund,Seat Change,en,in_app,negative,critical,Resolved,cancel_order,2025-11,21,1
EdTech,Certificate,Course Access,en,voice_transcript,negative,high,Closed - No Action,apply_coupon,2025-11,12,0
Telecom,Porting,Payment Failure,hi,voice_transcript,neutral,high,Resolved,download_report,2025-11,13,1
FoodTech,Promo,Billing Dispute,en-IN,chat,negative,critical,Pending Customer,reactivate_subscription,2025-11,20,0
E-commerce,Order,Refund Delay,en,in_app,neutral,low,Closed - No Action,cancel_order,2025-11,10,0
EdTech,Subscription,Wrong Item,hi,chat,negative,medium,Pending Vendor,change_plan,2025-11,20,0
SaaS,Audit Logs,Course Access,en,email,neutral,high,Closed - No Action,activate_esim,2025-11,14,0
Travel,Cab,Refund Delay,en-IN,chat,positive,low,Closed - No Action,reactivate_subscription,2025-11,14,0
HealthTech,Appointment,Network Outage,en-IN,chat,negative,low,Resolved,reactivate_subscription,2025-11,19,1
HealthTech,Appointment,Login Issue,en-IN,whatsapp,negative,high,Pending Customer,change_plan,2025-11,20,0
HealthTech,Report,Wrong Item,en,chat,neutral,medium,Pending Vendor,reset_password,2025-11,6,0
EdTech,Exam,Wrong Item,en,chat,negative,medium,Pending Customer,download_report,2025-11,18,0
Travel,Refund,OTP Not Received,en-IN,in_app,positive,critical,Pending Vendor,invoice_copy,2025-11,9,0
E-commerce,Gift Card,KYC Verification,en,voice_transcript,positive,critical,Escalated,refund_status,2025-11,16,0
E-commerce,Order,Wrong Item,hi,voice_transcript,negative,low,Pending Vendor,book_appointment,2025-11,16,0
HealthTech,Insurance Claim,Billing Dispute,en,voice_transcript,positive,high,Resolved,invoice_copy,2025-11,10,1
FoodTech,Refund,Technical Bug,hi,email,neutral,medium,Escalated,api_rate_limit,2025-11,9,0
Travel,Hotel,Late Delivery,en,whatsapp,negative,medium,Pending Vendor,invoice_copy,2025-11,10,0
FoodTech,Refund,Login Issue,en,email,neutral,high,Pending Customer,refund_status,2025-11,1,0
Travel,Refund,Login Issue,en,chat,negative,medium,Pending Customer,download_report,2025-11,6,0
FoodTech,Priority Delivery,Login Issue,en-IN,in_app,neutral,high,Resolved,invoice_copy,2025-11,6,1
E-commerce,Exchange,Course Access,en,in_app,negative,medium,Escalated,update_kYC,2025-11,5,0
Fintech,FASTag,Login Issue,hi,whatsapp,negative,high,Pending Customer,cancel_order,2025-11,4,0
FoodTech,Order,Login Issue,hi,in_app,positive,critical,Pending Customer,download_report,2025-11,16,0
Fintech,Loan,Account Locked,en-IN,in_app,neutral,medium,Closed - No Action,reactivate_subscription,2025-11,8,0
Fintech,FASTag,Account Locked,hi,whatsapp,neutral,critical,Pending Customer,invoice_copy,2025-11,11,0
HealthTech,Report,Technical Bug,hi,voice_transcript,neutral,medium,Pending Customer,reschedule_flight,2025-11,6,0
Fintech,Savings,Technical Bug,en-IN,email,negative,critical,Pending Vendor,track_order,2025-11,15,0
FoodTech,Order,OTP Not Received,en-IN,chat,neutral,high,Closed - No Action,reset_password,2025-08,6,0
SaaS,Workspace,Network Outage,en-IN,voice_transcript,negative,critical,Pending Customer,track_order,2025-08,13,0
SaaS,API,Wrong Item,hi,chat,neutral,high,Resolved,update_kYC,2025-08,16,1
E-commerce,Order,Late Delivery,en-IN,in_app,neutral,low,Escalated,api_rate_limit,2025-08,0,0
FoodTech,Priority Delivery,OTP Not Received,en-IN,voice_transcript,neutral,high,Pending Vendor,activate_esim,2025-08,7,0
E-commerce,Wallet,Billing Dispute,en-IN,voice_transcript,positive,high,Resolved,reschedule_flight,2025-08,18,1
FoodTech,Refund,Refund Delay,en-IN,chat,negative,medium,Pending Vendor,invoice_copy,2025-08,9,0
Travel,Hotel,Seat Change,hi,in_app,negative,medium,Closed - No Action,track_order,2025-08,8,0
HealthTech,Prescription,Seat Change,hi,in_app,neutral,high,Resolved,apply_coupon,2025-08,20,1
SaaS,Audit Logs,Course Access,hi,voice_transcript,negative,low,Escalated,apply_coupon,2025-08,6,0
EdTech,Certificate,Technical Bug,en-IN,voice_transcript,negative,medium,Pending Customer,reset_password,2025-08,2,0
Fintech,UPI,Late Delivery,hi,chat,neutral,medium,Pending Vendor,api_rate_limit,2025-08,3,0
FoodTech,Wallet,Refund Delay,hi,email,neutral,critical,Escalated,reactivate_subscription,2025-08,18,0
FoodTech,Membership,Refund Delay,hi,voice_transcript,negative,low,Pending Vendor,invoice_copy,2025-08,11,0
EdTech,Course,Course Access,en-IN,in_app,negative,medium,Escalated,activate_esim,2025-08,19,0
FoodTech,Promo,Technical Bug,en,email,negative,medium,Pending Vendor,reactivate_subscription,2025-08,5,0
EdTech,Certificate,Late Delivery,en,email,neutral,high,Pending Vendor,invoice_copy,2025-08,4,0
SaaS,Billing,Technical Bug,en-IN,chat,neutral,medium,Pending Customer,reactivate_subscription,2025-08,3,0
Fintech,FASTag,Course Access,hi,email,neutral,high,Closed - No Action,refund_status,2025-08,0,0
Telecom,Porting,Technical Bug,hi,email,negative,high,Resolved,reset_password,2025-08,18,1
E-commerce,Return,OTP Not Received,en-IN,in_app,positive,low,Escalated,reschedule_flight,2025-08,11,0
FoodTech,Refund,Login Issue,en,email,negative,high,Closed - No Action,reactivate_subscription,2025-08,16,0
E-commerce,Wallet,Wrong Item,hi,whatsapp,neutral,medium,Pending Vendor,invoice_copy,2025-08,6,0
EdTech,Certificate,Wrong Item,en,voice_transcript,negative,medium,Pending Vendor,reschedule_flight,2025-08,20,0
E-commerce,Prime Delivery,Wrong Item,en,in_app,positive,low,Resolved,cancel_order,2025-08,8,1
E-commerce,Return,Technical Bug,en,voice_transcript,negative,critical,Pending Customer,reactivate_subscription,2025-08,4,0
E-commerce,Gift Card,Refund Delay,en-IN,email,positive,critical,Resolved,api_rate_limit,2025-08,9,1
EdTech,Mock Test,Refund Delay,hi,email,negative,high,Resolved,activate_esim,2025-08,15,1
Telecom,Porting,Course Access,en-IN,voice_transcript,neutral,critical,Resolved,cancel_order,2025-08,2,1
FoodTech,Promo,Account Locked,en,whatsapp,positive,high,Pending Vendor,invoice_copy,2025-08,17,0
Travel,Hotel,OTP Not Received,en,whatsapp,negative,high,Resolved,apply_coupon,2025-09,15,1
HealthTech,Appointment,Login Issue,en,in_app,neutral,medium,Resolved,refund_status,2025-09,9,1
EdTech,Exam,OTP Not Received,hi,voice_transcript,negative,high,Resolved,download_report,2025-09,19,1
EdTech,Mock Test,Billing Dispute,en,in_app,negative,critical,Closed - No Action,reactivate_subscription,2025-09,4,0
HealthTech,Prescription,Service Not Activated,en,email,neutral,high,Pending Customer,reactivate_subscription,2025-09,17,0
Telecom,5G Upgrade,Refund Delay,en-IN,whatsapp,negative,low,Escalated,apply_coupon,2025-09,4,0
FoodTech,Partner Offer,Technical Bug,hi,in_app,neutral,high,Closed - No Action,apply_coupon,2025-09,3,0
FoodTech,Promo,Seat Change,hi,chat,negative,critical,Resolved,reset_password,2025-09,23,1
Telecom,Broadband,App Crash,hi,chat,negative,medium,Escalated,cancel_order,2025-09,5,0
Travel,Insurance,Payment Failure,en,chat,negative,medium,Pending Vendor,apply_coupon,2025-09,11,0
FoodTech,Partner Offer,OTP Not Received,en,whatsapp,negative,high,Escalated,reset_password,2025-09,18,0
E-commerce,Exchange,KYC Verification,en,in_app,positive,high,Escalated,activate_esim,2025-09,23,0
FoodTech,Refund,KYC Verification,en-IN,whatsapp,negative,medium,Escalated,track_order,2025-09,1,0
HealthTech,Prescription,Refund Delay,en,email,positive,high,Escalated,apply_coupon,2025-09,12,0
EdTech,Mock Test,OTP Not Received,en-IN,chat,negative,high,Closed - No Action,change_plan,2025-09,11,0
EdTech,Assignment,Account Locked,en-IN,in_app,negative,critical,Escalated,cancel_order,2025-09,20,0
Telecom,International Pack,Billing Dispute,en,chat,negative,low,Resolved,download_report,2025-09,5,1
SaaS,Workspace,Network Outage,en-IN,chat,neutral,high,Escalated,reactivate_subscription,2025-09,10,0
Travel,Bus,Account Locked,en-IN,in_app,negative,high,Pending Vendor,reset_password,2025-09,4,0
E-commerce,Gift Card,Late Delivery,en-IN,in_app,negative,critical,Pending Customer,api_rate_limit,2025-09,14,0
FoodTech,Wallet,Course Access,hi,email,neutral,critical,Pending Customer,api_rate_limit,2025-09,3,0
EdTech,Assignment,OTP Not Received,hi,in_app,negative,high,Escalated,refund_status,2025-09,16,0
E-commerce,Coupon,Payment Failure,en-IN,in_app,negative,high,Escalated,apply_coupon,2025-09,0,0
Fintech,FASTag,Payment Failure,hi,voice_transcript,neutral,high,Pending Customer,activate_esim,2025-09,23,0
Travel,Voucher,Network Outage,en,whatsapp,neutral,medium,Pending Vendor,activate_esim,2025-09,5,0
SaaS,Webhooks,Wrong Item,en,voice_transcript,negative,medium,Escalated,change_plan,2025-09,15,0
Telecom,International Pack,Course Access,en,whatsapp,positive,critical,Closed - No Action,activate_esim,2025-09,9,0
EdTech,Course,Billing Dispute,en-IN,chat,neutral,high,Pending Customer,reset_password,2025-09,8,0
EdTech,Career Track,OTP Not Received,en-IN,in_app,negative,high,Resolved,reschedule_flight,2025-09,14,1
FoodTech,Partner Offer,Seat Change,en,chat,negative,high,Resolved,reactivate_subscription,2025-10,13,1
FoodTech,Membership,Technical Bug,en-IN,voice_transcript,negative,low,Resolved,apply_coupon,2025-10,23,1
SaaS,Billing,Login Issue,hi,in_app,neutral,medium,Pending Customer,apply_coupon,2025-10,5,0
Telecom,eSIM,Course Access,hi,in_app,negative,high,Resolved,download_report,2025-10,23,1
E-commerce,Order,Late Delivery,hi,chat,positive,critical,Pending Vendor,reset_password,2025-10,22,0
Telecom,4G Pack,Refund Delay,en,voice_transcript,negative,medium,Pending Customer,track_order,2025-10,12,0
SaaS,Webhooks,Account Locked,hi,email,neutral,high,Escalated,refund_status,2025-10,1,0
Fintech,Credit Card,App Crash,en-IN,whatsapp,neutral,low,Closed - No Action,reschedule_flight,2025-10,9,0
SaaS,API,Seat Change,hi,whatsapp,negative,low,Escalated,apply_coupon,2025-10,23,0
Travel,Hotel,Account Locked,hi,chat,neutral,medium,Escalated,activate_esim,2025-10,23,0
SaaS,API,Technical Bug,en-IN,whatsapp,negative,high,Closed - No Action,download_report,2025-10,3,0
HealthTech,Lab Test,Seat Change,en-IN,in_app,negative,medium,Closed - No Action,cancel_order,2025-10,3,0
Travel,Flight,Late Delivery,en,voice_transcript,positive,high,Pending Vendor,invoice_copy,2025-10,2,0
FoodTech,Priority Delivery,KYC Verification,hi,voice_transcript,neutral,high,Pending Customer,track_order,2025-10,23,0
SaaS,Audit Logs,Billing Dispute,hi,voice_transcript,positive,high,Pending Vendor,reset_password,2025-10,6,0
SaaS,Analytics,Refund Delay,hi,voice_transcript,negative,high,Resolved,apply_coupon,2025-10,19,1
E-commerce,Return,App Crash,en,voice_transcript,negative,high,Closed - No Action,reschedule_flight,2025-10,12,0
Travel,Insurance,KYC Verification,en,voice_transcript,negative,high,Escalated,download_report,2025-10,17,0
HealthTech,Prescription,Refund Delay,hi,email,negative,critical,Escalated,activate_esim,2025-10,3,0
Telecom,eSIM,Login Issue,en-IN,voice_transcript,neutral,medium,Escalated,update_kYC,2025-10,16,0
Telecom,Porting,Service Not Activated,hi,chat,negative,critical,Pending Customer,apply_coupon,2025-10,7,0
EdTech,Mock Test,Account Locked,hi,in_app,negative,high,Pending Vendor,invoice_copy,2025-10,20,0
HealthTech,Teleconsult,Network Outage,en-IN,email,negative,medium,Escalated,refund_status,2025-10,20,0
Fintech,Credit Card,App Crash,en-IN,in_app,neutral,medium,Closed - No Action,apply_coupon,2025-10,13,0
HealthTech,Lab Test,Technical Bug,hi,chat,neutral,low,Escalated,download_report,2025-10,20,0
HealthTech,Report,Late Delivery,en,email,neutral,medium,Closed - No Action,activate_esim,2025-10,7,0
Fintech,FASTag,Refund Delay,en,in_app,neutral,medium,Escalated,download_report,2025-10,8,0
Telecom,Roaming,Seat Change,en,in_app,negative,critical,Resolved,cancel_order,2025-10,21,1
FoodTech,Order,Billing Dispute,en-IN,chat,negative,high,Pending Vendor,cancel_order,2025-10,17,0
Telecom,4G Pack,Service Not Activated,hi,chat,neutral,high,Escalated,apply_coupon,2025-10,20,0
HealthTech,Report,Course Access,en-IN,whatsapp,negative,medium,Resolved,reset_password,2025-11,15,1
Travel,Refund,Service Not Activated,en,whatsapp,neutral,medium,Escalated,reset_password,2025-10,13,0
EdTech,Subscription,App Crash,hi,whatsapp,negative,medium,Escalated,cancel_order,2025-11,2,0
Fintech,Credit Card,Technical Bug,en,whatsapp,negative,critical,Pending Customer,change_plan,2025-11,5,0
Fintech,Mutual Fund,Technical Bug,en-IN,email,positive,high,Pending Vendor,activate_esim,2025-11,9,0
Fintech,Mutual Fund,Wrong Item,en,email,neutral,medium,Pending Vendor,track_order,2025-11,22,0
Telecom,eSIM,Account Locked,en-IN,voice_transcript,negative,high,Pending Vendor,invoice_copy,2025-11,18,0
Telecom,5G Upgrade,Seat Change,hi,chat,neutral,high,Escalated,book_appointment,2025-11,5,0
E-commerce,Gift Card,Payment Failure,hi,email,negative,critical,Pending Customer,reset_password,2025-11,13,0
FoodTech,Promo,Payment Failure,en,chat,negative,critical,Resolved,refund_status,2025-11,6,1
Telecom,5G Upgrade,App Crash,hi,chat,negative,medium,Resolved,download_report,2025-11,12,1
EdTech,Subscription,Service Not Activated,en,voice_transcript,positive,high,Pending Vendor,cancel_order,2025-11,6,0
EdTech,Subscription,Service Not Activated,en,whatsapp,neutral,low,Pending Vendor,refund_status,2025-11,1,0
FoodTech,Partner Offer,Login Issue,en-IN,in_app,negative,high,Pending Vendor,track_order,2025-11,9,0
Travel,Flight,App Crash,en,chat,negative,critical,Escalated,cancel_order,2025-11,1,0
SaaS,Analytics,OTP Not Received,en-IN,voice_transcript,positive,high,Resolved,api_rate_limit,2025-11,9,1
HealthTech,Report,KYC Verification,en-IN,whatsapp,positive,high,Pending Customer,book_appointment,2025-11,5,0
EdTech,Subscription,Account Locked,en,voice_transcript,negative,medium,Pending Customer,reactivate_subscription,2025-11,22,0
Telecom,Roaming,Refund Delay,en-IN,email,negative,medium,Resolved,api_rate_limit,2025-11,22,1
FoodTech,Order,Login Issue,en-IN,chat,neutral,critical,Escalated,api_rate_limit,2025-11,4,0
EdTech,Subscription,Course Access,hi,in_app,negative,high,Pending Vendor,cancel_order,2025-11,14,0
HealthTech,Prescription,Login Issue,en-IN,email,negative,low,Pending Customer,api_rate_limit,2025-11,11,0
SaaS,Webhooks,Refund Delay,en,whatsapp,negative,high,Resolved,reset_password,2025-11,16,1
Fintech,Mutual Fund,Payment Failure,en-IN,in_app,positive,high,Escalated,change_plan,2025-11,5,0
HealthTech,Lab Test,Late Delivery,hi,voice_transcript,neutral,critical,Escalated,reschedule_flight,2025-11,7,0
E-commerce,Gift Card,KYC Verification,hi,in_app,positive,critical,Pending Vendor,api_rate_limit,2025-11,14,0
FoodTech,Wallet,Late Delivery,en-IN,in_app,negative,high,Closed - No Action,api_rate_limit,2025-11,5,0
HealthTech,Lab Test,App Crash,hi,whatsapp,negative,medium,Closed - No Action,activate_esim,2025-11,20,0
Fintech,FASTag,Payment Failure,hi,chat,neutral,high,Resolved,change_plan,2025-11,11,1
E-commerce,Return,Account Locked,en-IN,email,negative,high,Escalated,book_appointment,2025-11,12,0
HealthTech,Report,Wrong Item,en,in_app,positive,high,Escalated,reschedule_flight,2025-11,19,0
FoodTech,Refund,KYC Verification,en-IN,whatsapp,neutral,critical,Closed - No Action,book_appointment,2025-08,6,0
E-commerce,Exchange,App Crash,en,chat,negative,critical,Resolved,reactivate_subscription,2025-08,23,1
EdTech,Course,Seat Change,en-IN,voice_transcript,positive,critical,Escalated,reactivate_subscription,2025-08,6,0
FoodTech,Priority Delivery,Seat Change,hi,in_app,negative,low,Pending Customer,track_order,2025-08,3,0
Telecom,Roaming,Seat Change,en,chat,positive,low,Closed - No Action,apply_coupon,2025-08,12,0
SaaS,Webhooks,OTP Not Received,en,email,positive,critical,Pending Customer,refund_status,2025-08,5,0
Travel,Insurance,Seat Change,en,in_app,neutral,low,Escalated,invoice_copy,2025-08,18,0
Telecom,Porting,Wrong Item,en,chat,negative,medium,Escalated,download_report,2025-08,22,0
SaaS,SSO,App Crash,en,in_app,negative,medium,Resolved,reset_password,2025-08,7,1
HealthTech,Insurance Claim,Payment Failure,hi,email,positive,medium,Pending Vendor,apply_coupon,2025-08,11,0
Travel,Insurance,OTP Not Received,en,chat,negative,high,Closed - No Action,invoice_copy,2025-08,6,0
FoodTech,Promo,Seat Change,hi,chat,negative,high,Resolved,reschedule_flight,2025-08,18,1
FoodTech,Refund,Seat Change,en-IN,whatsapp,negative,high,Pending Vendor,api_rate_limit,2025-08,22,0
Telecom,International Pack,Wrong Item,hi,email,negative,high,Closed - No Action,invoice_copy,2025-08,17,0
FoodTech,Refund,Wrong Item,en,voice_transcript,negative,medium,Escalated,reset_password,2025-08,5,0
Fintech,Savings,Billing Dispute,en,chat,negative,high,Pending Customer,reschedule_flight,2025-08,12,0
HealthTech,Appointment,KYC Verification,hi,chat,negative,critical,Escalated,reschedule_flight,2025-08,2,0
Fintech,FASTag,Account Locked,hi,in_app,negative,medium,Closed - No Action,track_order,2025-08,16,0
Travel,Flight,Network Outage,hi,chat,neutral,critical,Escalated,update_kYC,2025-08,20,0
HealthTech,Lab Test,Login Issue,en,whatsapp,negative,medium,Closed - No Action,invoice_copy,2025-08,5,0
EdTech,Exam,KYC Verification,hi,chat,positive,high,Resolved,reschedule_flight,2025-08,17,1
Fintech,UPI,Login Issue,en-IN,in_app,positive,low,Pending Vendor,track_order,2025-08,15,0
EdTech,Subscription,Payment Failure,en-IN,voice_transcript,negative,high,Resolved,refund_status,2025-08,18,1
HealthTech,Report,Service Not Activated,hi,voice_transcript,negative,high,Escalated,activate_esim,2025-08,21,0
EdTech,Course,Service Not Activated,en,whatsapp,negative,high,Escalated,reset_password,2025-08,23,0
HealthTech,Teleconsult,Refund Delay,en,email,positive,high,Closed - No Action,update_kYC,2025-08,12,0
Fintech,Insurance,Technical Bug,en,email,neutral,critical,Pending Vendor,track_order,2025-08,11,0
SaaS,Analytics,Network Outage,hi,whatsapp,positive,high,Closed - No Action,book_appointment,2025-08,9,0
SaaS,Billing,Technical Bug,hi,voice_transcript,neutral,medium,Pending Customer,activate_esim,2025-09,21,0
SaaS,SSO,Account Locked,en,in_app,negative,critical,Resolved,refund_status,2025-09,9,1
HealthTech,Appointment,OTP Not Received,hi,email,negative,medium,Resolved,track_order,2025-09,20,1
FoodTech,Priority Delivery,Account Locked,hi,chat,neutral,critical,Closed - No Action,track_order,2025-09,13,0
HealthTech,Report,Network Outage,en-IN,whatsapp,negative,critical,Pending Vendor,update_kYC,2025-09,10,0
Fintech,Credit Card,Refund Delay,en,whatsapp,neutral,medium,Closed - No Action,update_kYC,2025-09,23,0
E-commerce,Prime Delivery,Late Delivery,en,whatsapp,positive,critical,Pending Vendor,activate_esim,2025-09,14,0
E-commerce,Order,Seat Change,en-IN,chat,negative,critical,Closed - No Action,activate_esim,2025-09,10,0
HealthTech,Appointment,Billing Dispute,en-IN,chat,positive,medium,Escalated,book_appointment,2025-09,20,0
SaaS,Billing,Payment Failure,hi,chat,positive,low,Closed - No Action,track_order,2025-09,23,0
Travel,Insurance,App Crash,hi,whatsapp,negative,critical,Escalated,reset_password,2025-09,0,0
Fintech,Mutual Fund,Late Delivery,hi,voice_transcript,negative,high,Resolved,apply_coupon,2025-09,18,1
SaaS,Billing,OTP Not Received,en,chat,neutral,medium,Resolved,reschedule_flight,2025-09,15,1
FoodTech,Partner Offer,Seat Change,en-IN,whatsapp,negative,high,Pending Customer,api_rate_limit,2025-09,5,0
E-commerce,Order,Late Delivery,hi,in_app,negative,high,Pending Customer,reactivate_subscription,2025-09,22,0
EdTech,Certificate,Network Outage,hi,voice_transcript,neutral,high,Pending Customer,download_report,2025-09,5,0
Telecom,eSIM,Course Access,en,in_app,neutral,high,Resolved,activate_esim,2025-09,13,1
Telecom,eSIM,Account Locked,en,in_app,negative,high,Resolved,book_appointment,2025-09,8,1
E-commerce,Prime Delivery,Late Delivery,hi,in_app,positive,low,Resolved,download_report,2025-09,15,1
E-commerce,Return,Technical Bug,en-IN,voice_transcript,negative,medium,Pending Vendor,reschedule_flight,2025-09,23,0
FoodTech,Membership,Payment Failure,en,voice_transcript,negative,critical,Closed - No Action,apply_coupon,2025-09,9,0
Telecom,5G Upgrade,Technical Bug,en-IN,chat,neutral,high,Closed - No Action,reactivate_subscription,2025-09,13,0
Fintech,Mutual Fund,Billing Dispute,en-IN,voice_transcript,negative,medium,Resolved,reactivate_subscription,2025-09,11,1
HealthTech,Prescription,Billing Dispute,en,in_app,negative,low,Closed - No Action,update_kYC,2025-09,20,0
EdTech,Career Track,Seat Change,en-IN,chat,positive,low,Resolved,track_order,2025-09,7,1
SaaS,Billing,KYC Verification,en,chat,neutral,high,Pending Customer,apply_coupon,2025-09,2,0
HealthTech,Lab Test,Service Not Activated,hi,chat,negative,high,Pending Customer,refund_status,2025-09,19,0
EdTech,Certificate,Late Delivery,hi,whatsapp,negative,medium,Resolved,book_appointment,2025-09,7,1
Telecom,Roaming,Seat Change,hi,whatsapp,negative,high,Resolved,reactivate_subscription,2025-09,11,1
HealthTech,Lab Test,Refund Delay,hi,voice_transcript,positive,high,Resolved,download_report,2025-10,8,1
FoodTech,Refund,Late Delivery,en,chat,negative,high,Pending Customer,refund_status,2025-10,3,0
Telecom,Porting,OTP Not Received,hi,chat,neutral,medium,Escalated,api_rate_limit,2025-10,5,0
Travel,Insurance,Account Locked,en-IN,chat,negative,high,Pending Customer,activate_esim,2025-10,2,0
Travel,Refund,Network Outage,en,in_app,positive,high,Closed - No Action,reset_password,2025-10,15,0
FoodTech,Priority Delivery,Payment Failure,hi,whatsapp,negative,high,Closed - No Action,refund_status,2025-10,1,0
EdTech,Assignment,Payment Failure,en,whatsapp,negative,medium,Closed - No Action,update_kYC,2025-10,9,0
SaaS,SSO,Late Delivery,hi,in_app,neutral,critical,Resolved,reactivate_subscription,2025-10,11,1
Fintech,UPI,Service Not Activated,en,chat,negative,high,Escalated,track_order,2025-10,8,0
FoodTech,Promo,Payment Failure,en,email,neutral,low,Escalated,reset_password,2025-10,8,0
E-commerce,Coupon,Service Not Activated,en,whatsapp,positive,low,Pending Vendor,change_plan,2025-10,4,0
SaaS,Workspace,Refund Delay,en,in_app,neutral,medium,Pending Customer,change_plan,2025-10,7,0
E-commerce,Coupon,Payment Failure,hi,in_app,neutral,high,Pending Vendor,cancel_order,2025-10,22,0
Telecom,eSIM,Seat Change,en,in_app,neutral,high,Closed - No Action,refund_status,2025-10,2,0
Fintech,Savings,App Crash,en,voice_transcript,neutral,high,Pending Vendor,activate_esim,2025-10,13,0
FoodTech,Promo,Technical Bug,en-IN,chat,negative,high,Resolved,invoice_copy,2025-10,18,1
SaaS,Workspace,Service Not Activated,en-IN,voice_transcript,negative,critical,Resolved,reactivate_subscription,2025-10,17,1
Fintech,Savings,Late Delivery,en-IN,email,neutral,high,Escalated,update_kYC,2025-10,0,0
HealthTech,Insurance Claim,Late Delivery,en-IN,chat,positive,medium,Pending Customer,change_plan,2025-10,19,0
EdTech,Career Track,Technical Bug,hi,in_app,negative,critical,Closed - No Action,reset_password,2025-10,3,0
FoodTech,Wallet,Course Access,en-IN,email,negative,high,Pending Customer,update_kYC,2025-10,6,0
Telecom,Roaming,Refund Delay,en,voice_transcript,neutral,critical,Closed - No Action,activate_esim,2025-10,0,0
SaaS,Billing,Login Issue,en-IN,chat,neutral,medium,Resolved,cancel_order,2025-10,16,1
EdTech,Subscription,Late Delivery,en,chat,negative,medium,Closed - No Action,reschedule_flight,2025-10,23,0
FoodTech,Wallet,App Crash,en-IN,chat,negative,medium,Resolved,refund_status,2025-10,19,1
Fintech,Credit Card,App Crash,hi,in_app,positive,medium,Escalated,update_kYC,2025-10,9,0
E-commerce,Wallet,KYC Verification,hi,chat,negative,critical,Pending Vendor,activate_esim,2025-10,23,0
Telecom,Roaming,OTP Not Received,hi,in_app,negative,low,Escalated,invoice_copy,2025-10,3,0
EdTech,Mock Test,Billing Dispute,en-IN,in_app,positive,critical,Pending Vendor,update_kYC,2025-10,12,0
SaaS,SSO,KYC Verification,hi,whatsapp,negative,high,Closed - No Action,api_rate_limit,2025-10,13,0
SaaS,SSO,Refund Delay,en-IN,in_app,neutral,high,Pending Customer,reset_password,2025-10,4,0
HealthTech,Appointment,Course Access,en-IN,whatsapp,neutral,critical,Pending Customer,refund_status,2025-10,14,0
Telecom,Roaming,OTP Not Received,en-IN,whatsapp,negative,medium,Escalated,download_report,2025-11,2,0
E-commerce,Order,Course Access,hi,voice_transcript,negative,high,Closed - No Action,reset_password,2025-11,22,0
Travel,Refund,Network Outage,hi,in_app,negative,high,Escalated,cancel_order,2025-11,5,0
EdTech,Course,Network Outage,en-IN,whatsapp,neutral,high,Closed - No Action,change_plan,2025-11,23,0
EdTech,Subscription,Network Outage,en-IN,email,neutral,critical,Closed - No Action,activate_esim,2025-11,16,0
SaaS,API,KYC Verification,en,in_app,positive,high,Pending Customer,reschedule_flight,2025-11,8,0
FoodTech,Order,Service Not Activated,hi,chat,neutral,high,Escalated,change_plan,2025-11,0,0
HealthTech,Prescription,Service Not Activated,en-IN,in_app,neutral,high,Closed - No Action,reset_password,2025-11,11,0
Telecom,4G Pack,Network Outage,en,chat,positive,high,Closed - No Action,reschedule_flight,2025-11,6,0
Travel,Flight,Login Issue,hi,whatsapp,neutral,critical,Escalated,apply_coupon,2025-11,8,0
E-commerce,Order,Course Access,en,in_app,negative,high,Pending Vendor,download_report,2025-11,22,0
Travel,Refund,App Crash,en-IN,in_app,neutral,high,Pending Vendor,activate_esim,2025-11,7,0
FoodTech,Promo,Late Delivery,en-IN,whatsapp,neutral,medium,Closed - No Action,reactivate_subscription,2025-11,15,0
Telecom,Roaming,KYC Verification,en-IN,email,negative,low,Pending Vendor,reactivate_subscription,2025-11,22,0
EdTech,Career Track,Payment Failure,en,email,negative,medium,Pending Customer,download_report,2025-11,3,0
Fintech,Insurance,Course Access,en-IN,chat,negative,medium,Closed - No Action,book_appointment,2025-11,16,0
Fintech,Loan,Login Issue,en-IN,whatsapp,neutral,medium,Resolved,reactivate_subscription,2025-11,12,1
EdTech,Exam,Course Access,en,chat,neutral,high,Closed - No Action,book_appointment,2025-11,21,0
FoodTech,Refund,Refund Delay,en,whatsapp,positive,high,Escalated,book_appointment,2025-11,7,0
HealthTech,Lab Test,OTP Not Received,en-IN,voice_transcript,negative,medium,Closed - No Action,activate_esim,2025-11,10,0
FoodTech,Priority Delivery,App Crash,hi,in_app,neutral,medium,Resolved,reschedule_flight,2025-11,19,1
HealthTech,Teleconsult,Course Access,en-IN,chat,negative,critical,Closed - No Action,track_order,2025-11,2,0
EdTech,Course,Payment Failure,hi,chat,negative,low,Pending Vendor,refund_status,2025-11,4,0
Telecom,Porting,Course Access,hi,voice_transcript,negative,high,Closed - No Action,change_plan,2025-11,15,0
Travel,Refund,Service Not Activated,hi,voice_transcript,negative,critical,Escalated,invoice_copy,2025-11,17,0
HealthTech,Prescription,KYC Verification,en,chat,positive,high,Pending Customer,reset_password,2025-11,5,0
SaaS,Billing,App Crash,en-IN,email,neutral,high,Escalated,api_rate_limit,2025-11,0,0
HealthTech,Report,Course Access,en,chat,neutral,critical,Escalated,api_rate_limit,2025-11,9,0
Fintech,Loan,KYC Verification,en,email,neutral,medium,Resolved,update_kYC,2025-11,8,1
FoodTech,Membership,Network Outage,en,whatsapp,negative,high,Pending Vendor,download_report,2025-11,0,0
FoodTech,Wallet,KYC Verification,en,chat,negative,medium,Resolved,reschedule_flight,2025-12,3,1
E-commerce,Prime Delivery,Technical Bug,en-IN,voice_transcript,neutral,high,Pending Customer,apply_coupon,2025-08,12,0
Travel,Bus,Login Issue,en,whatsapp,negative,critical,Pending Customer,book_appointment,2025-08,1,0
Travel,Voucher,Late Delivery,en,chat,negative,critical,Pending Vendor,book_appointment,2025-08,0,0
EdTech,Assignment,Login Issue,hi,chat,positive,medium,Closed - No Action,change_plan,2025-08,11,0
E-commerce,Return,Billing Dispute,hi,voice_transcript,positive,critical,Pending Vendor,cancel_order,2025-08,22,0
SaaS,Audit Logs,Late Delivery,en,in_app,neutral,medium,Resolved,update_kYC,2025-08,15,1
E-commerce,Order,Seat Change,en-IN,voice_transcript,positive,low,Closed - No Action,book_appointment,2025-08,23,0
FoodTech,Promo,Network Outage,en,email,neutral,medium,Pending Vendor,change_plan,2025-08,14,0
SaaS,Webhooks,Technical Bug,en,in_app,positive,critical,Closed - No Action,cancel_order,2025-08,7,0
FoodTech,Partner Offer,KYC Verification,hi,in_app,negative,critical,Pending Vendor,download_report,2025-08,8,0
FoodTech,Promo,Account Locked,hi,whatsapp,neutral,medium,Closed - No Action,invoice_copy,2025-08,8,0
Travel,Hotel,Technical Bug,en-IN,whatsapp,positive,high,Pending Vendor,reschedule_flight,2025-08,17,0
Telecom,Roaming,KYC Verification,en,voice_transcript,negative,medium,Escalated,update_kYC,2025-08,17,0
Travel,Flight,KYC Verification,hi,voice_transcript,negative,high,Resolved,api_rate_limit,2025-08,18,1
EdTech,Exam,KYC Verification,hi,chat,positive,medium,Escalated,change_plan,2025-08,17,0
Fintech,Savings,Wrong Item,en-IN,voice_transcript,negative,critical,Pending Vendor,apply_coupon,2025-08,19,0
EdTech,Career Track,Seat Change,hi,whatsapp,neutral,medium,Pending Vendor,track_order,2025-08,15,0
Travel,Insurance,Technical Bug,en-IN,in_app,neutral,high,Resolved,book_appointment,2025-08,5,1
E-commerce,Gift Card,Seat Change,en-IN,whatsapp,negative,critical,Resolved,activate_esim,2025-08,20,1
SaaS,Billing,OTP Not Received,en,whatsapp,neutral,critical,Escalated,download_report,2025-08,0,0
Fintech,UPI,Wrong Item,en-IN,chat,negative,medium,Escalated,reschedule_flight,2025-08,6,0
FoodTech,Order,Account Locked,hi,in_app,positive,high,Escalated,download_report,2025-08,5,0
EdTech,Career Track,Late Delivery,en,email,neutral,high,Escalated,refund_status,2025-08,3,0
Travel,Voucher,Seat Change,en-IN,email,positive,critical,Pending Vendor,refund_status,2025-08,14,0
E-commerce,Prime Delivery,KYC Verification,en-IN,voice_transcript,negative,high,Pending Customer,update_kYC,2025-08,16,0
FoodTech,Priority Delivery,Refund Delay,en-IN,chat,negative,critical,Escalated,cancel_order,2025-08,22,0
SaaS,Webhooks,Account Locked,en,email,positive,critical,Escalated,reset_password,2025-08,5,0
Fintech,Loan,Seat Change,en-IN,whatsapp,neutral,high,Resolved,cancel_order,2025-08,19,1
Telecom,Porting,Late Delivery,en-IN,chat,negative,medium,Pending Customer,api_rate_limit,2025-08,8,0
Telecom,eSIM,Wrong Item,hi,whatsapp,negative,critical,Closed - No Action,reset_password,2025-09,22,0
EdTech,Certificate,App Crash,en,in_app,neutral,high,Pending Customer,download_report,2025-09,1,0
Fintech,Loan,Course Access,hi,voice_transcript,negative,medium,Pending Vendor,invoice_copy,2025-09,11,0
Fintech,UPI,Payment Failure,en,in_app,negative,critical,Pending Customer,reschedule_flight,2025-09,10,0
Fintech,UPI,Technical Bug,en-IN,email,negative,high,Resolved,reset_password,2025-09,20,1
Fintech,Loan,Seat Change,en-IN,whatsapp,negative,high,Resolved,cancel_order,2025-09,22,1
SaaS,Webhooks,Service Not Activated,en,email,negative,high,Pending Customer,apply_coupon,2025-09,9,0
FoodTech,Partner Offer,Wrong Item,en,chat,negative,low,Pending Customer,reset_password,2025-09,17,0
E-commerce,Gift Card,Account Locked,en,voice_transcript,negative,high,Pending Customer,update_kYC,2025-09,15,0
Travel,Voucher,KYC Verification,en-IN,email,negative,high,Escalated,api_rate_limit,2025-09,20,0
SaaS,Billing,OTP Not Received,en-IN,voice_transcript,negative,critical,Escalated,activate_esim,2025-09,13,0
EdTech,Subscription,Payment Failure,en-IN,chat,negative,high,Pending Vendor,download_report,2025-09,1,0
SaaS,Audit Logs,Refund Delay,en-IN,email,negative,medium,Closed - No Action,invoice_copy,2025-09,10,0
Travel,Bus,App Crash,en,chat,neutral,low,Resolved,track_order,2025-09,3,1
Telecom,eSIM,Network Outage,hi,whatsapp,negative,high,Resolved,book_appointment,2025-09,21,1
E-commerce,Coupon,Wrong Item,hi,whatsapp,negative,high,Pending Vendor,download_report,2025-09,15,0
Travel,Refund,Course Access,hi,chat,positive,low,Closed - No Action,api_rate_limit,2025-09,16,0
SaaS,SSO,KYC Verification,hi,whatsapp,negative,medium,Pending Customer,reset_password,2025-09,19,0
E-commerce,Return,Course Access,en-IN,in_app,negative,medium,Closed - No Action,reset_password,2025-09,1,0
HealthTech,Report,Late Delivery,en,in_app,positive,high,Pending Customer,activate_esim,2025-09,15,0
FoodTech,Priority Delivery,Refund Delay,en-IN,whatsapp,negative,medium,Resolved,download_report,2025-09,3,1
FoodTech,Priority Delivery,Seat Change,en,in_app,negative,medium,Pending Vendor,change_plan,2025-09,11,0
HealthTech,Prescription,KYC Verification,en-IN,in_app,negative,critical,Pending Customer,refund_status,2025-09,10,0
E-commerce,Exchange,App Crash,en,email,negative,critical,Pending Customer,update_kYC,2025-09,13,0
EdTech,Career Track,Payment Failure,hi,in_app,negative,high,Resolved,apply_coupon,2025-09,0,1
Fintech,FASTag,Wrong Item,hi,in_app,negative,medium,Resolved,reschedule_flight,2025-09,17,1
E-commerce,Prime Delivery,OTP Not Received,en-IN,voice_transcript,positive,critical,Pending Vendor,book_appointment,2025-09,6,0
SaaS,API,Network Outage,hi,whatsapp,positive,medium,Resolved,reactivate_subscription,2025-09,15,1
Fintech,Insurance,Network Outage,en,in_app,negative,medium,Pending Customer,reset_password,2025-09,18,0
E-commerce,Prime Delivery,KYC Verification,hi,voice_transcript,positive,critical,Escalated,reactivate_subscription,2025-10,5,0
HealthTech,Appointment,Billing Dispute,hi,in_app,positive,medium,Closed - No Action,apply_coupon,2025-09,19,0
EdTech,Certificate,Network Outage,en,whatsapp,negative,medium,Escalated,reschedule_flight,2025-09,10,0
SaaS,Webhooks,Service Not Activated,en-IN,email,neutral,medium,Escalated,book_appointment,2025-10,1,0
SaaS,Workspace,Billing Dispute,en,email,negative,critical,Pending Vendor,reactivate_subscription,2025-10,1,0
HealthTech,Report,Account Locked,hi,in_app,negative,low,Pending Customer,reschedule_flight,2025-10,18,0
Telecom,5G Upgrade,Account Locked,en-IN,whatsapp,neutral,medium,Escalated,reset_password,2025-10,10,0
E-commerce,Exchange,Payment Failure,en-IN,email,negative,high,Pending Customer,cancel_order,2025-10,16,0
HealthTech,Appointment,Network Outage,en,in_app,neutral,medium,Resolved,invoice_copy,2025-10,20,1
HealthTech,Lab Test,OTP Not Received,en,whatsapp,neutral,medium,Resolved,reschedule_flight,2025-10,22,1
EdTech,Course,Course Access,en-IN,in_app,positive,medium,Escalated,reschedule_flight,2025-10,13,0
Telecom,Roaming,Network Outage,hi,whatsapp,negative,high,Escalated,book_appointment,2025-10,7,0
Telecom,eSIM,KYC Verification,hi,chat,neutral,high,Pending Customer,update_kYC,2025-10,23,0
HealthTech,Insurance Claim,Course Access,en-IN,chat,neutral,high,Closed - No Action,refund_status,2025-10,16,0
Fintech,FASTag,OTP Not Received,en,whatsapp,negative,high,Pending Customer,refund_status,2025-10,8,0
FoodTech,Promo,Technical Bug,en,whatsapp,negative,medium,Escalated,change_plan,2025-10,10,0
HealthTech,Prescription,KYC Verification,hi,whatsapp,negative,medium,Pending Vendor,reschedule_flight,2025-10,7,0
HealthTech,Appointment,Login Issue,hi,email,negative,high,Pending Vendor,apply_coupon,2025-10,6,0
SaaS,Audit Logs,Billing Dispute,en,email,negative,high,Closed - No Action,apply_coupon,2025-10,22,0
FoodTech,Promo,Course Access,hi,email,negative,low,Escalated,reactivate_subscription,2025-10,9,0
EdTech,Mock Test,Network Outage,en,in_app,positive,high,Escalated,invoice_copy,2025-10,8,0
Travel,Insurance,Technical Bug,en,email,positive,low,Pending Customer,update_kYC,2025-10,1,0
EdTech,Subscription,Payment Failure,en-IN,email,negative,medium,Escalated,download_report,2025-10,10,0
Telecom,Porting,Network Outage,hi,in_app,neutral,critical,Escalated,refund_status,2025-10,10,0
E-commerce,Return,OTP Not Received,en,whatsapp,negative,high,Pending Vendor,activate_esim,2025-10,13,0
FoodTech,Priority Delivery,KYC Verification,en,chat,negative,high,Pending Customer,download_report,2025-10,20,0
Fintech,FASTag,Network Outage,en-IN,email,negative,high,Resolved,refund_status,2025-10,17,1
Fintech,Mutual Fund,Service Not Activated,en,whatsapp,neutral,medium,Resolved,book_appointment,2025-10,13,1
HealthTech,Insurance Claim,Payment Failure,en-IN,voice_transcript,negative,critical,Pending Vendor,reschedule_flight,2025-10,21,0
FoodTech,Partner Offer,Network Outage,en-IN,whatsapp,negative,high,Pending Vendor,activate_esim,2025-10,12,0
Telecom,Roaming,Payment Failure,en-IN,whatsapp,negative,critical,Escalated,apply_coupon,2025-10,10,0
Telecom,Porting,Network Outage,en,voice_transcript,negative,low,Escalated,refund_status,2025-11,19,0
EdTech,Course,KYC Verification,en-IN,email,negative,critical,Pending Customer,reset_password,2025-11,10,0
EdTech,Certificate,Course Access,en-IN,voice_transcript,neutral,high,Closed - No Action,activate_esim,2025-10,17,0
SaaS,Analytics,Account Locked,hi,in_app,neutral,medium,Escalated,reschedule_flight,2025-11,13,0
FoodTech,Promo,KYC Verification,en-IN,chat,negative,high,Pending Customer,activate_esim,2025-11,21,0
FoodTech,Order,App Crash,en,whatsapp,negative,high,Closed - No Action,change_plan,2025-11,22,0
FoodTech,Membership,App Crash,en-IN,chat,neutral,low,Pending Customer,book_appointment,2025-11,21,0
FoodTech,Priority Delivery,Technical Bug,hi,in_app,negative,high,Resolved,invoice_copy,2025-11,15,1
FoodTech,Promo,App Crash,en-IN,whatsapp,negative,medium,Pending Customer,invoice_copy,2025-11,20,0
FoodTech,Priority Delivery,Billing Dispute,en-IN,voice_transcript,neutral,high,Resolved,reactivate_subscription,2025-11,3,1
SaaS,Workspace,Billing Dispute,en-IN,chat,negative,high,Pending Vendor,reschedule_flight,2025-11,2,0
FoodTech,Partner Offer,Refund Delay,en-IN,chat,negative,high,Closed - No Action,apply_coupon,2025-11,9,0
HealthTech,Report,Account Locked,en-IN,chat,negative,medium,Escalated,change_plan,2025-11,23,0
EdTech,Mock Test,Wrong Item,hi,whatsapp,negative,high,Pending Vendor,book_appointment,2025-11,18,0
HealthTech,Insurance Claim,KYC Verification,en-IN,whatsapp,neutral,medium,Pending Customer,reactivate_subscription,2025-11,16,0
Fintech,Insurance,Refund Delay,hi,whatsapp,negative,critical,Closed - No Action,invoice_copy,2025-11,3,0
HealthTech,Appointment,Wrong Item,hi,in_app,positive,high,Escalated,activate_esim,2025-11,15,0
SaaS,Audit Logs,Course Access,en,in_app,negative,critical,Resolved,api_rate_limit,2025-11,21,1
Travel,Cab,Payment Failure,hi,chat,neutral,high,Resolved,download_report,2025-11,23,1
E-commerce,Prime Delivery,Seat Change,en,chat,neutral,medium,Escalated,reset_password,2025-11,22,0
SaaS,API,Technical Bug,hi,email,negative,high,Closed - No Action,reschedule_flight,2025-11,16,0
Telecom,4G Pack,Login Issue,en-IN,voice_transcript,neutral,medium,Closed - No Action,apply_coupon,2025-11,0,0
Travel,Refund,Late Delivery,en,whatsapp,neutral,medium,Pending Vendor,activate_esim,2025-11,15,0
EdTech,Mock Test,Network Outage,hi,in_app,neutral,medium,Resolved,activate_esim,2025-11,1,1
HealthTech,Report,Network Outage,hi,in_app,neutral,medium,Escalated,activate_esim,2025-11,4,0
E-commerce,Coupon,Login Issue,hi,in_app,negative,critical,Escalated,invoice_copy,2025-11,1,0
SaaS,Billing,Payment Failure,en-IN,email,negative,high,Pending Customer,update_kYC,2025-11,12,0
E-commerce,Return,Wrong Item,en,voice_transcript,negative,low,Pending Customer,activate_esim,2025-11,4,0
Fintech,Insurance,KYC Verification,en-IN,email,neutral,medium,Closed - No Action,activate_esim,2025-11,0,0
E-commerce,Prime Delivery,Network Outage,en,chat,positive,medium,Pending Vendor,refund_status,2025-12,7,0
E-commerce,Order,Course Access,en,chat,neutral,high,Escalated,reschedule_flight,2025-12,3,0
Travel,Hotel,OTP Not Received,en-IN,email,negative,high,Escalated,reschedule_flight,2025-08,3,0
EdTech,Course,Technical Bug,en-IN,voice_transcript,positive,high,Closed - No Action,refund_status,2025-08,1,0
EdTech,Assignment,Wrong Item,en-IN,voice_transcript,neutral,high,Resolved,update_kYC,2025-08,17,1
E-commerce,Return,Course Access,en-IN,chat,positive,medium,Escalated,apply_coupon,2025-08,12,0
EdTech,Subscription,Technical Bug,en-IN,in_app,negative,medium,Closed - No Action,reactivate_subscription,2025-08,2,0
Travel,Insurance,App Crash,hi,in_app,negative,high,Pending Vendor,apply_coupon,2025-08,23,0
Telecom,4G Pack,Refund Delay,en,chat,negative,medium,Pending Vendor,api_rate_limit,2025-08,4,0
FoodTech,Wallet,KYC Verification,en-IN,email,negative,medium,Pending Customer,refund_status,2025-08,11,0
EdTech,Subscription,App Crash,en,whatsapp,positive,medium,Closed - No Action,cancel_order,2025-08,17,0
Telecom,Roaming,OTP Not Received,en-IN,chat,positive,high,Pending Vendor,update_kYC,2025-08,19,0
Telecom,Broadband,Late Delivery,hi,email,neutral,critical,Pending Vendor,cancel_order,2025-08,7,0
E-commerce,Prime Delivery,Service Not Activated,en-IN,in_app,negative,high,Pending Customer,reschedule_flight,2025-08,11,0
E-commerce,Wallet,Login Issue,en,chat,negative,medium,Pending Customer,download_report,2025-08,15,0
Travel,Voucher,Technical Bug,en,email,neutral,low,Resolved,refund_status,2025-08,10,1
Fintech,Mutual Fund,Billing Dispute,en,in_app,neutral,low,Closed - No Action,download_report,2025-08,12,0
FoodTech,Priority Delivery,Technical Bug,en-IN,chat,positive,low,Resolved,update_kYC,2025-08,12,1
Travel,Flight,Service Not Activated,hi,chat,negative,low,Pending Customer,change_plan,2025-08,21,0
SaaS,Workspace,Payment Failure,en,in_app,negative,high,Closed - No Action,book_appointment,2025-08,21,0
Fintech,FASTag,Technical Bug,hi,whatsapp,positive,high,Pending Customer,refund_status,2025-08,10,0
E-commerce,Gift Card,App Crash,en,email,negative,low,Pending Vendor,api_rate_limit,2025-08,13,0
EdTech,Certificate,Payment Failure,en-IN,whatsapp,negative,high,Closed - No Action,book_appointment,2025-08,13,0
Travel,Insurance,App Crash,en,voice_transcript,negative,critical,Closed - No Action,refund_status,2025-08,0,0
SaaS,Webhooks,OTP Not Received,hi,whatsapp,positive,critical,Pending Vendor,reschedule_flight,2025-08,10,0
Travel,Insurance,Seat Change,en-IN,chat,negative,high,Pending Customer,activate_esim,2025-08,6,0
Travel,Cab,Network Outage,en,whatsapp,positive,high,Resolved,download_report,2025-08,11,1
HealthTech,Prescription,OTP Not Received,hi,whatsapp,neutral,high,Closed - No Action,update_kYC,2025-08,6,0
SaaS,SSO,App Crash,en,voice_transcript,negative,medium,Resolved,refund_status,2025-08,3,1
SaaS,Audit Logs,Billing Dispute,en-IN,whatsapp,negative,low,Escalated,refund_status,2025-08,11,0
Fintech,Mutual Fund,Login Issue,en,in_app,neutral,high,Resolved,reactivate_subscription,2025-08,20,1
Travel,Hotel,KYC Verification,en-IN,chat,neutral,critical,Escalated,invoice_copy,2025-09,10,0
Fintech,FASTag,KYC Verification,hi,voice_transcript,negative,medium,Pending Customer,reactivate_subscription,2025-09,11,0
Travel,Voucher,Wrong Item,en-IN,chat,negative,critical,Pending Vendor,refund_status,2025-09,18,0
SaaS,Billing,Technical Bug,en,chat,negative,medium,Escalated,activate_esim,2025-09,22,0
Telecom,Porting,OTP Not Received,en,in_app,negative,medium,Resolved,book_appointment,2025-09,10,1
HealthTech,Insurance Claim,OTP Not Received,en-IN,email,neutral,high,Pending Customer,track_order,2025-09,7,0
HealthTech,Report,Wrong Item,en-IN,chat,negative,medium,Escalated,reset_password,2025-09,6,0
EdTech,Certificate,Network Outage,en,email,negative,critical,Pending Customer,update_kYC,2025-09,1,0
E-commerce,Prime Delivery,Wrong Item,en-IN,whatsapp,neutral,low,Pending Vendor,refund_status,2025-09,17,0
FoodTech,Order,Account Locked,en-IN,voice_transcript,negative,critical,Closed - No Action,reactivate_subscription,2025-09,18,0
FoodTech,Wallet,Seat Change,hi,chat,negative,medium,Pending Vendor,book_appointment,2025-09,23,0
Fintech,UPI,Account Locked,en,whatsapp,neutral,low,Escalated,cancel_order,2025-09,23,0
SaaS,SSO,Service Not Activated,hi,whatsapp,neutral,high,Closed - No Action,book_appointment,2025-09,16,0
EdTech,Career Track,Service Not Activated,en-IN,whatsapp,neutral,medium,Resolved,change_plan,2025-09,20,1
HealthTech,Teleconsult,App Crash,en-IN,email,negative,critical,Resolved,track_order,2025-09,10,1
Travel,Refund,Seat Change,en-IN,email,positive,medium,Pending Customer,reschedule_flight,2025-09,19,0
Travel,Cab,Payment Failure,en-IN,chat,negative,low,Escalated,apply_coupon,2025-09,2,0
Telecom,International Pack,Late Delivery,hi,email,neutral,high,Closed - No Action,book_appointment,2025-09,6,0
EdTech,Certificate,Late Delivery,en-IN,whatsapp,negative,high,Closed - No Action,download_report,2025-09,12,0
FoodTech,Priority Delivery,Payment Failure,en,email,negative,low,Pending Vendor,reschedule_flight,2025-09,21,0
E-commerce,Exchange,Payment Failure,hi,voice_transcript,neutral,low,Closed - No Action,invoice_copy,2025-09,1,0
Travel,Insurance,Late Delivery,hi,in_app,neutral,critical,Escalated,book_appointment,2025-09,14,0
Travel,Bus,OTP Not Received,en-IN,in_app,negative,medium,Escalated,api_rate_limit,2025-09,0,0
EdTech,Assignment,Wrong Item,en-IN,in_app,negative,low,Resolved,activate_esim,2025-09,16,1
Travel,Flight,Account Locked,en-IN,email,neutral,low,Pending Customer,reset_password,2025-09,11,0
Travel,Bus,Wrong Item,en,in_app,negative,high,Escalated,invoice_copy,2025-09,4,0
HealthTech,Insurance Claim,Network Outage,hi,chat,negative,medium,Pending Customer,download_report,2025-09,2,0
Telecom,International Pack,Service Not Activated,hi,whatsapp,negative,high,Resolved,activate_esim,2025-09,18,1
SaaS,Audit Logs,Service Not Activated,en,email,neutral,critical,Resolved,book_appointment,2025-09,22,1
HealthTech,Insurance Claim,Late Delivery,hi,voice_transcript,neutral,high,Closed - No Action,refund_status,2025-09,20,0
SaaS,Analytics,Wrong Item,hi,whatsapp,positive,medium,Resolved,reschedule_flight,2025-10,7,1
EdTech,Course,Account Locked,en,email,positive,medium,Escalated,apply_coupon,2025-10,6,0
Telecom,4G Pack,Billing Dispute,en-IN,whatsapp,negative,high,Closed - No Action,change_plan,2025-10,20,0
SaaS,Billing,Login Issue,en,email,neutral,critical,Pending Customer,api_rate_limit,2025-10,9,0
SaaS,API,Technical Bug,en-IN,email,negative,high,Pending Vendor,reset_password,2025-10,12,0
E-commerce,Wallet,Billing Dispute,hi,chat,negative,high,Escalated,reschedule_flight,2025-10,16,0
Travel,Bus,Login Issue,en,voice_transcript,negative,medium,Pending Customer,track_order,2025-10,2,0
HealthTech,Teleconsult,Login Issue,en,chat,negative,critical,Resolved,reactivate_subscription,2025-10,18,1
Travel,Insurance,App Crash,hi,email,negative,medium,Resolved,reset_password,2025-10,12,1
Fintech,UPI,KYC Verification,en,whatsapp,neutral,critical,Pending Vendor,book_appointment,2025-10,1,0
EdTech,Subscription,Seat Change,hi,email,negative,medium,Pending Vendor,invoice_copy,2025-10,20,0
Travel,Hotel,Refund Delay,en,chat,negative,critical,Pending Vendor,track_order,2025-10,17,0
Telecom,eSIM,Late Delivery,en-IN,in_app,positive,high,Pending Vendor,cancel_order,2025-10,10,0
FoodTech,Wallet,KYC Verification,en,email,negative,high,Pending Vendor,update_kYC,2025-10,23,0
Telecom,Porting,Billing Dispute,hi,voice_transcript,neutral,critical,Pending Customer,refund_status,2025-10,19,0
Travel,Hotel,Network Outage,hi,voice_transcript,positive,critical,Closed - No Action,activate_esim,2025-10,9,0
E-commerce,Wallet,App Crash,en-IN,email,neutral,critical,Pending Customer,reactivate_subscription,2025-10,2,0
E-commerce,Coupon,Course Access,en,whatsapp,negative,medium,Pending Vendor,update_kYC,2025-10,2,0
Telecom,Porting,Login Issue,en-IN,voice_transcript,negative,medium,Pending Vendor,cancel_order,2025-10,21,0
Fintech,Loan,Course Access,hi,in_app,negative,medium,Resolved,invoice_copy,2025-10,12,1
EdTech,Course,Seat Change,en-IN,email,negative,high,Closed - No Action,change_plan,2025-10,0,0
E-commerce,Wallet,Service Not Activated,hi,in_app,positive,medium,Closed - No Action,reschedule_flight,2025-10,21,0
FoodTech,Partner Offer,Billing Dispute,en-IN,in_app,negative,critical,Pending Customer,book_appointment,2025-10,14,0
Fintech,UPI,KYC Verification,hi,chat,positive,high,Pending Vendor,update_kYC,2025-10,10,0
EdTech,Certificate,Seat Change,en,voice_transcript,negative,low,Escalated,download_report,2025-10,11,0
Travel,Hotel,Login Issue,en,voice_transcript,neutral,low,Pending Customer,change_plan,2025-10,21,0
Telecom,Roaming,Network Outage,en,chat,neutral,high,Pending Vendor,reactivate_subscription,2025-10,13,0
Telecom,Roaming,OTP Not Received,en,whatsapp,negative,high,Resolved,book_appointment,2025-10,2,1
Fintech,Credit Card,Wrong Item,en-IN,email,positive,high,Closed - No Action,update_kYC,2025-10,10,0
Fintech,Savings,Technical Bug,en,whatsapp,negative,critical,Closed - No Action,cancel_order,2025-10,1,0
EdTech,Assignment,KYC Verification,en,voice_transcript,negative,high,Escalated,activate_esim,2025-10,18,0
EdTech,Subscription,Wrong Item,en,chat,neutral,high,Escalated,cancel_order,2025-10,9,0
Travel,Cab,Seat Change,hi,email,positive,medium,Closed - No Action,track_order,2025-10,18,0
E-commerce,Prime Delivery,Course Access,en-IN,email,negative,high,Escalated,download_report,2025-11,21,0
Travel,Flight,Refund Delay,hi,whatsapp,negative,medium,Pending Vendor,update_kYC,2025-11,9,0
EdTech,Certificate,Login Issue,en-IN,voice_transcript,negative,high,Pending Vendor,book_appointment,2025-11,6,0
Travel,Refund,KYC Verification,hi,email,negative,medium,Resolved,update_kYC,2025-11,11,1
Telecom,International Pack,Wrong Item,en-IN,whatsapp,negative,medium,Escalated,invoice_copy,2025-11,11,0
Travel,Refund,Network Outage,en-IN,chat,neutral,high,Pending Customer,cancel_order,2025-11,10,0
EdTech,Exam,Wrong Item,en-IN,email,negative,medium,Pending Vendor,reset_password,2025-11,4,0
EdTech,Course,Wrong Item,en-IN,whatsapp,negative,high,Escalated,refund_status,2025-11,14,0
Telecom,5G Upgrade,Service Not Activated,en-IN,email,neutral,critical,Pending Customer,reactivate_subscription,2025-11,14,0
FoodTech,Membership,KYC Verification,en-IN,voice_transcript,negative,high,Resolved,update_kYC,2025-11,23,1
Travel,Bus,OTP Not Received,en,whatsapp,negative,high,Closed - No Action,reset_password,2025-11,8,0
FoodTech,Wallet,Technical Bug,hi,email,positive,medium,Resolved,activate_esim,2025-11,21,1
Fintech,Credit Card,Technical Bug,hi,chat,negative,critical,Pending Customer,cancel_order,2025-11,12,0
HealthTech,Appointment,Payment Failure,en,in_app,positive,low,Pending Vendor,reactivate_subscription,2025-11,0,0
SaaS,Analytics,Seat Change,en-IN,email,negative,critical,Pending Customer,track_order,2025-11,11,0
Telecom,International Pack,App Crash,en-IN,whatsapp,neutral,critical,Escalated,apply_coupon,2025-11,10,0
HealthTech,Report,Network Outage,en,email,neutral,critical,Pending Customer,download_report,2025-11,15,0
HealthTech,Lab Test,Service Not Activated,en-IN,in_app,negative,high,Pending Vendor,track_order,2025-11,0,0
Telecom,Broadband,Wrong Item,hi,chat,positive,medium,Closed - No Action,reset_password,2025-11,10,0
EdTech,Course,Seat Change,en-IN,whatsapp,negative,critical,Pending Customer,change_plan,2025-11,9,0
E-commerce,Wallet,Late Delivery,en-IN,in_app,positive,high,Pending Customer,refund_status,2025-11,21,0
E-commerce,Coupon,Billing Dispute,en-IN,voice_transcript,positive,high,Escalated,reschedule_flight,2025-11,23,0
E-commerce,Wallet,KYC Verification,en,chat,neutral,medium,Pending Customer,book_appointment,2025-11,1,0
Travel,Refund,Service Not Activated,en,voice_transcript,neutral,high,Pending Customer,reset_password,2025-11,2,0
Telecom,Roaming,App Crash,en,voice_transcript,neutral,low,Pending Vendor,apply_coupon,2025-11,20,0
EdTech,Mock Test,Late Delivery,hi,in_app,neutral,medium,Pending Vendor,track_order,2025-11,22,0
Fintech,UPI,Payment Failure,en-IN,chat,negative,medium,Pending Vendor,track_order,2025-11,9,0
FoodTech,Partner Offer,KYC Verification,en-IN,in_app,negative,high,Pending Vendor,download_report,2025-12,0,0
HealthTech,Teleconsult,Billing Dispute,hi,email,neutral,critical,Closed - No Action,apply_coupon,2025-08,3,0
FoodTech,Order,Seat Change,en-IN,in_app,positive,high,Closed - No Action,invoice_copy,2025-08,3,0
Telecom,eSIM,Service Not Activated,hi,email,negative,low,Escalated,reschedule_flight,2025-08,23,0
E-commerce,Order,Wrong Item,en,in_app,negative,critical,Escalated,invoice_copy,2025-08,19,0
Travel,Refund,OTP Not Received,en,chat,positive,medium,Pending Customer,change_plan,2025-08,10,0
FoodTech,Partner Offer,KYC Verification,hi,whatsapp,neutral,high,Escalated,reactivate_subscription,2025-08,7,0
E-commerce,Order,Wrong Item,en-IN,chat,negative,critical,Pending Vendor,cancel_order,2025-08,21,0
SaaS,Webhooks,Technical Bug,hi,in_app,negative,critical,Closed - No Action,change_plan,2025-08,17,0
FoodTech,Promo,Course Access,en,chat,negative,high,Pending Customer,track_order,2025-08,14,0
SaaS,Billing,Billing Dispute,en-IN,voice_transcript,negative,critical,Escalated,update_kYC,2025-08,10,0
Telecom,eSIM,Refund Delay,hi,whatsapp,negative,high,Resolved,api_rate_limit,2025-08,23,1
E-commerce,Exchange,KYC Verification,en,voice_transcript,neutral,high,Resolved,update_kYC,2025-08,17,1
SaaS,Webhooks,Wrong Item,hi,voice_transcript,neutral,high,Closed - No Action,invoice_copy,2025-08,15,0
Telecom,International Pack,Seat Change,hi,chat,negative,high,Escalated,reset_password,2025-08,23,0
Fintech,FASTag,Account Locked,en-IN,whatsapp,negative,medium,Pending Vendor,reset_password,2025-08,5,0
Fintech,Insurance,Wrong Item,en,in_app,neutral,medium,Resolved,book_appointment,2025-08,4,1
SaaS,Audit Logs,Seat Change,en-IN,email,negative,high,Pending Vendor,cancel_order,2025-08,12,0
SaaS,SSO,Billing Dispute,en,voice_transcript,negative,low,Pending Vendor,refund_status,2025-08,3,0
SaaS,Webhooks,Seat Change,hi,email,negative,medium,Escalated,cancel_order,2025-08,16,0
FoodTech,Promo,Course Access,en,in_app,negative,critical,Closed - No Action,update_kYC,2025-08,22,0
Travel,Insurance,Service Not Activated,en,in_app,positive,medium,Resolved,refund_status,2025-08,19,1
Travel,Flight,Course Access,en,whatsapp,negative,high,Resolved,refund_status,2025-08,20,1
EdTech,Subscription,Network Outage,hi,chat,negative,critical,Closed - No Action,track_order,2025-08,0,0
SaaS,Webhooks,Service Not Activated,en,in_app,negative,high,Closed - No Action,change_plan,2025-08,20,0
Telecom,eSIM,Payment Failure,en-IN,in_app,negative,high,Resolved,cancel_order,2025-08,8,1
E-commerce,Exchange,Network Outage,en-IN,whatsapp,neutral,medium,Closed - No Action,refund_status,2025-08,4,0
SaaS,Billing,Wrong Item,en-IN,whatsapp,negative,high,Pending Customer,reset_password,2025-08,6,0
E-commerce,Prime Delivery,Seat Change,hi,chat,negative,high,Closed - No Action,refund_status,2025-08,22,0
HealthTech,Insurance Claim,Network Outage,hi,voice_transcript,neutral,critical,Pending Customer,cancel_order,2025-08,22,0
Fintech,Loan,Seat Change,en-IN,voice_transcript,negative,critical,Pending Customer,update_kYC,2025-08,19,0
SaaS,API,Service Not Activated,hi,voice_transcript,neutral,critical,Escalated,reschedule_flight,2025-09,22,0
E-commerce,Prime Delivery,Account Locked,hi,in_app,negative,low,Escalated,reactivate_subscription,2025-09,23,0
EdTech,Mock Test,Login Issue,en,voice_transcript,negative,critical,Pending Vendor,invoice_copy,2025-09,18,0
Telecom,4G Pack,KYC Verification,en,in_app,neutral,critical,Closed - No Action,invoice_copy,2025-09,0,0
EdTech,Certificate,KYC Verification,en-IN,whatsapp,neutral,critical,Resolved,refund_status,2025-09,18,1
Travel,Voucher,Account Locked,en-IN,whatsapp,neutral,medium,Closed - No Action,refund_status,2025-09,12,0
Telecom,4G Pack,Course Access,hi,email,negative,medium,Pending Vendor,activate_esim,2025-09,14,0
Telecom,International Pack,Refund Delay,en-IN,in_app,neutral,medium,Pending Vendor,reset_password,2025-09,4,0
SaaS,Billing,Service Not Activated,en-IN,in_app,neutral,critical,Closed - No Action,reset_password,2025-09,3,0
HealthTech,Prescription,KYC Verification,en-IN,in_app,negative,medium,Pending Vendor,change_plan,2025-09,3,0
HealthTech,Prescription,Wrong Item,en,in_app,negative,critical,Resolved,track_order,2025-09,12,1
FoodTech,Order,Payment Failure,hi,chat,negative,medium,Closed - No Action,activate_esim,2025-09,15,0
Telecom,Broadband,Late Delivery,en,email,neutral,medium,Pending Customer,invoice_copy,2025-09,18,0
Fintech,Savings,KYC Verification,hi,whatsapp,positive,high,Closed - No Action,track_order,2025-09,3,0
SaaS,Workspace,Wrong Item,en,voice_transcript,neutral,high,Closed - No Action,cancel_order,2025-09,12,0
Telecom,Porting,Account Locked,hi,email,negative,high,Closed - No Action,book_appointment,2025-09,23,0
Fintech,Loan,Billing Dispute,en,email,negative,high,Pending Customer,book_appointment,2025-09,10,0
E-commerce,Exchange,KYC Verification,en,in_app,positive,medium,Escalated,apply_coupon,2025-09,11,0
SaaS,Audit Logs,Technical Bug,en-IN,in_app,neutral,high,Closed - No Action,reset_password,2025-09,15,0
SaaS,Audit Logs,Network Outage,en-IN,voice_transcript,negative,critical,Pending Vendor,reactivate_subscription,2025-09,10,0
Travel,Refund,Wrong Item,hi,voice_transcript,neutral,low,Closed - No Action,apply_coupon,2025-09,21,0
HealthTech,Report,App Crash,en,chat,negative,high,Pending Vendor,apply_coupon,2025-09,8,0
HealthTech,Insurance Claim,Network Outage,en-IN,whatsapp,positive,high,Closed - No Action,change_plan,2025-09,14,0
Fintech,Insurance,Course Access,hi,email,neutral,high,Escalated,change_plan,2025-09,4,0
Travel,Flight,Course Access,hi,whatsapp,neutral,high,Escalated,change_plan,2025-09,4,0
HealthTech,Appointment,Account Locked,hi,chat,negative,high,Pending Customer,invoice_copy,2025-09,18,0
EdTech,Assignment,App Crash,hi,chat,positive,medium,Escalated,update_kYC,2025-09,11,0
E-commerce,Wallet,OTP Not Received,en-IN,voice_transcript,neutral,medium,Escalated,apply_coupon,2025-09,10,0
HealthTech,Insurance Claim,Technical Bug,en-IN,chat,positive,critical,Escalated,reschedule_flight,2025-09,21,0
SaaS,Audit Logs,Late Delivery,hi,in_app,negative,low,Pending Customer,change_plan,2025-09,11,0
Fintech,Mutual Fund,KYC Verification,en,email,neutral,low,Pending Customer,reset_password,2025-09,19,0
HealthTech,Prescription,Login Issue,en-IN,in_app,neutral,high,Resolved,change_plan,2025-10,3,1
FoodTech,Order,Network Outage,en-IN,email,negative,medium,Closed - No Action,reset_password,2025-10,12,0
SaaS,Workspace,Seat Change,en,voice_transcript,negative,low,Escalated,update_kYC,2025-10,8,0
Fintech,UPI,OTP Not Received,en-IN,in_app,negative,medium,Escalated,cancel_order,2025-10,19,0
SaaS,Billing,Login Issue,en,whatsapp,neutral,low,Resolved,cancel_order,2025-10,11,1
Fintech,UPI,Seat Change,en,in_app,neutral,high,Escalated,refund_status,2025-10,5,0
Travel,Refund,Seat Change,en-IN,whatsapp,positive,medium,Pending Vendor,api_rate_limit,2025-10,5,0
EdTech,Subscription,App Crash,hi,chat,negative,high,Escalated,reactivate_subscription,2025-10,5,0
E-commerce,Wallet,KYC Verification,en,email,neutral,low,Pending Customer,download_report,2025-10,16,0
E-commerce,Prime Delivery,Service Not Activated,en,email,negative,low,Closed - No Action,activate_esim,2025-10,18,0
Fintech,FASTag,Payment Failure,en,email,negative,high,Pending Vendor,refund_status,2025-10,12,0
EdTech,Course,Refund Delay,en,chat,negative,medium,Pending Customer,book_appointment,2025-10,22,0
Fintech,Insurance,Login Issue,en,whatsapp,negative,high,Pending Customer,reschedule_flight,2025-10,5,0
Travel,Insurance,Login Issue,hi,email,negative,critical,Pending Customer,invoice_copy,2025-10,23,0
HealthTech,Teleconsult,Technical Bug,en-IN,voice_transcript,negative,high,Pending Vendor,apply_coupon,2025-10,16,0
Travel,Insurance,Course Access,hi,voice_transcript,neutral,critical,Closed - No Action,activate_esim,2025-10,8,0
Telecom,Roaming,Wrong Item,en,in_app,positive,low,Pending Vendor,invoice_copy,2025-10,19,0
EdTech,Career Track,Login Issue,hi,email,negative,high,Pending Vendor,apply_coupon,2025-10,23,0
Fintech,UPI,Seat Change,en,email,positive,critical,Escalated,change_plan,2025-10,8,0
Fintech,Loan,Wrong Item,en,whatsapp,positive,low,Closed - No Action,change_plan,2025-10,3,0
EdTech,Certificate,Login Issue,en,chat,negative,critical,Pending Vendor,book_appointment,2025-10,8,0
Telecom,Porting,Wrong Item,en-IN,email,negative,medium,Escalated,reactivate_subscription,2025-10,4,0
HealthTech,Insurance Claim,Billing Dispute,en,chat,neutral,high,Escalated,apply_coupon,2025-10,6,0
E-commerce,Order,Service Not Activated,hi,email,negative,medium,Pending Vendor,book_appointment,2025-10,11,0
FoodTech,Order,Service Not Activated,en,in_app,neutral,critical,Pending Vendor,apply_coupon,2025-10,1,0
FoodTech,Refund,Course Access,en-IN,in_app,negative,high,Pending Vendor,api_rate_limit,2025-10,11,0
HealthTech,Report,Wrong Item,hi,in_app,positive,high,Resolved,activate_esim,2025-10,2,1
EdTech,Subscription,App Crash,en-IN,chat,neutral,high,Resolved,change_plan,2025-10,23,1
E-commerce,Coupon,KYC Verification,en-IN,whatsapp,negative,critical,Resolved,activate_esim,2025-11,22,1
Telecom,5G Upgrade,KYC Verification,hi,email,neutral,high,Resolved,activate_esim,2025-10,14,1
Telecom,5G Upgrade,KYC Verification,en-IN,whatsapp,neutral,medium,Pending Vendor,book_appointment,2025-11,0,0
EdTech,Exam,Late Delivery,en,voice_transcript,negative,critical,Escalated,update_kYC,2025-11,10,0
SaaS,Audit Logs,KYC Verification,en-IN,email,negative,critical,Escalated,invoice_copy,2025-11,9,0
FoodTech,Promo,Course Access,en-IN,in_app,positive,high,Resolved,apply_coupon,2025-11,9,1
EdTech,Assignment,Seat Change,hi,chat,positive,high,Pending Customer,api_rate_limit,2025-11,5,0
Fintech,Insurance,Course Access,en-IN,whatsapp,neutral,low,Pending Vendor,activate_esim,2025-11,0,0
Travel,Flight,OTP Not Received,en-IN,email,positive,high,Resolved,reset_password,2025-11,0,1
Travel,Flight,Service Not Activated,en-IN,in_app,negative,medium,Pending Customer,reset_password,2025-11,22,0
SaaS,Webhooks,Login Issue,en,email,negative,medium,Pending Customer,activate_esim,2025-11,10,0
EdTech,Mock Test,Service Not Activated,hi,email,negative,high,Pending Customer,api_rate_limit,2025-11,3,0
E-commerce,Wallet,Wrong Item,hi,chat,negative,low,Escalated,invoice_copy,2025-11,10,0
Travel,Voucher,Late Delivery,en,email,negative,critical,Resolved,cancel_order,2025-11,17,1
E-commerce,Prime Delivery,KYC Verification,en-IN,in_app,neutral,medium,Escalated,reactivate_subscription,2025-11,7,0
Fintech,Credit Card,Service Not Activated,en-IN,email,negative,high,Escalated,reactivate_subscription,2025-11,15,0
FoodTech,Partner Offer,Seat Change,hi,email,negative,high,Resolved,track_order,2025-11,17,1
Travel,Voucher,Billing Dispute,en,whatsapp,neutral,high,Resolved,reset_password,2025-11,12,1
E-commerce,Order,KYC Verification,hi,chat,positive,medium,Closed - No Action,reset_password,2025-11,2,0
FoodTech,Priority Delivery,Login Issue,en,email,neutral,medium,Escalated,reschedule_flight,2025-11,17,0
HealthTech,Prescription,OTP Not Received,en-IN,in_app,positive,critical,Resolved,refund_status,2025-11,8,1
FoodTech,Membership,Wrong Item,hi,voice_transcript,negative,critical,Pending Customer,activate_esim,2025-11,19,0
Fintech,Insurance,App Crash,en,in_app,negative,high,Closed - No Action,download_report,2025-11,5,0
FoodTech,Refund,KYC Verification,en,whatsapp,neutral,medium,Escalated,change_plan,2025-11,15,0
EdTech,Course,Service Not Activated,en-IN,email,negative,high,Pending Customer,change_plan,2025-11,5,0
Telecom,Roaming,OTP Not Received,hi,voice_transcript,negative,medium,Pending Vendor,cancel_order,2025-11,3,0
FoodTech,Membership,Service Not Activated,hi,email,positive,medium,Pending Customer,book_appointment,2025-11,19,0
EdTech,Assignment,OTP Not Received,en,voice_transcript,positive,high,Pending Vendor,cancel_order,2025-11,11,0
Fintech,Mutual Fund,Late Delivery,en,chat,positive,critical,Escalated,refund_status,2025-11,23,0
HealthTech,Lab Test,Late Delivery,en-IN,whatsapp,negative,high,Escalated,download_report,2025-11,0,0
HealthTech,Lab Test,Billing Dispute,hi,in_app,neutral,high,Pending Customer,reschedule_flight,2025-12,3,0
SaaS,Audit Logs,Course Access,en-IN,whatsapp,negative,critical,Pending Vendor,reactivate_subscription,2025-08,10,0
E-commerce,Wallet,Wrong Item,hi,chat,neutral,high,Pending Vendor,change_plan,2025-08,18,0
SaaS,SSO,Technical Bug,en,chat,positive,medium,Closed - No Action,refund_status,2025-08,19,0
E-commerce,Exchange,Billing Dispute,hi,chat,positive,low,Escalated,api_rate_limit,2025-08,18,0
HealthTech,Insurance Claim,OTP Not Received,en-IN,whatsapp,positive,critical,Resolved,track_order,2025-08,12,1
Telecom,Broadband,Late Delivery,en,email,negative,low,Closed - No Action,activate_esim,2025-08,6,0
E-commerce,Prime Delivery,Account Locked,en,in_app,neutral,medium,Closed - No Action,reschedule_flight,2025-08,16,0
SaaS,SSO,Late Delivery,en,in_app,positive,high,Escalated,activate_esim,2025-08,4,0
EdTech,Course,App Crash,en-IN,whatsapp,negative,high,Pending Customer,api_rate_limit,2025-08,15,0
Travel,Insurance,Wrong Item,en,voice_transcript,neutral,medium,Closed - No Action,track_order,2025-08,17,0
SaaS,Billing,Course Access,en-IN,whatsapp,positive,medium,Pending Customer,book_appointment,2025-08,14,0
SaaS,Workspace,Refund Delay,en-IN,chat,negative,high,Resolved,activate_esim,2025-08,4,1
HealthTech,Report,Technical Bug,hi,chat,negative,medium,Pending Customer,book_appointment,2025-08,16,0
SaaS,Billing,Login Issue,hi,in_app,neutral,critical,Pending Customer,refund_status,2025-08,4,0
E-commerce,Wallet,KYC Verification,hi,email,positive,medium,Pending Customer,change_plan,2025-08,18,0
EdTech,Subscription,App Crash,en,chat,positive,critical,Escalated,download_report,2025-08,23,0
EdTech,Mock Test,Wrong Item,en-IN,whatsapp,positive,high,Escalated,apply_coupon,2025-08,11,0
FoodTech,Partner Offer,Service Not Activated,en,voice_transcript,negative,high,Closed - No Action,refund_status,2025-08,18,0
Telecom,5G Upgrade,Refund Delay,en,whatsapp,negative,high,Closed - No Action,reactivate_subscription,2025-08,7,0
FoodTech,Membership,Late Delivery,en-IN,chat,negative,low,Pending Customer,api_rate_limit,2025-08,12,0
Telecom,5G Upgrade,OTP Not Received,en-IN,in_app,negative,high,Resolved,api_rate_limit,2025-08,10,1
Fintech,Insurance,Service Not Activated,en-IN,email,positive,critical,Resolved,cancel_order,2025-08,19,1
EdTech,Course,OTP Not Received,en-IN,voice_transcript,neutral,critical,Escalated,invoice_copy,2025-08,4,0
E-commerce,Order,OTP Not Received,en,whatsapp,negative,high,Pending Vendor,book_appointment,2025-08,7,0
Telecom,Broadband,OTP Not Received,en,in_app,neutral,high,Pending Customer,book_appointment,2025-08,22,0
SaaS,Billing,KYC Verification,hi,email,negative,high,Pending Customer,apply_coupon,2025-08,14,0
Travel,Hotel,Network Outage,en,email,negative,medium,Resolved,update_kYC,2025-08,10,1
EdTech,Mock Test,Account Locked,hi,in_app,negative,medium,Pending Vendor,update_kYC,2025-08,8,0
EdTech,Mock Test,Seat Change,en,voice_transcript,negative,medium,Closed - No Action,activate_esim,2025-09,11,0
HealthTech,Insurance Claim,Billing Dispute,en,in_app,neutral,high,Pending Vendor,reactivate_subscription,2025-08,18,0
FoodTech,Wallet,Network Outage,en-IN,whatsapp,negative,medium,Escalated,update_kYC,2025-09,17,0
Fintech,Savings,Service Not Activated,en,voice_transcript,positive,high,Pending Customer,book_appointment,2025-09,8,0
Telecom,Porting,Account Locked,hi,voice_transcript,negative,medium,Escalated,api_rate_limit,2025-09,7,0
Travel,Hotel,OTP Not Received,en,whatsapp,neutral,high,Closed - No Action,change_plan,2025-09,10,0
E-commerce,Coupon,KYC Verification,en,whatsapp,neutral,medium,Closed - No Action,download_report,2025-09,21,0
HealthTech,Report,Account Locked,en-IN,voice_transcript,negative,high,Pending Vendor,cancel_order,2025-09,23,0
Travel,Insurance,Course Access,hi,voice_transcript,negative,high,Pending Vendor,track_order,2025-09,4,0
EdTech,Mock Test,App Crash,en-IN,whatsapp,negative,high,Resolved,invoice_copy,2025-09,5,1
Travel,Flight,Late Delivery,en-IN,voice_transcript,positive,medium,Closed - No Action,book_appointment,2025-09,1,0
EdTech,Career Track,Login Issue,hi,chat,neutral,medium,Pending Customer,reactivate_subscription,2025-09,12,0
E-commerce,Coupon,Payment Failure,hi,voice_transcript,neutral,medium,Escalated,invoice_copy,2025-09,3,0
Fintech,FASTag,Course Access,en-IN,in_app,negative,critical,Pending Customer,refund_status,2025-09,10,0
Travel,Bus,Network Outage,en,chat,negative,high,Resolved,invoice_copy,2025-09,5,1
Telecom,Roaming,Payment Failure,en-IN,in_app,negative,medium,Pending Vendor,reset_password,2025-09,23,0
SaaS,Audit Logs,Late Delivery,hi,chat,negative,high,Pending Vendor,refund_status,2025-09,15,0
EdTech,Subscription,Course Access,hi,voice_transcript,neutral,high,Escalated,book_appointment,2025-09,6,0
Fintech,UPI,Payment Failure,en-IN,voice_transcript,neutral,high,Pending Customer,reactivate_subscription,2025-09,4,0
EdTech,Subscription,Refund Delay,hi,chat,neutral,critical,Resolved,update_kYC,2025-09,8,1
Fintech,Loan,Late Delivery,en,whatsapp,negative,medium,Pending Customer,cancel_order,2025-09,2,0
Travel,Voucher,App Crash,en-IN,chat,neutral,critical,Pending Vendor,activate_esim,2025-09,18,0
SaaS,API,Network Outage,en-IN,whatsapp,negative,medium,Closed - No Action,change_plan,2025-09,17,0
Travel,Cab,Refund Delay,en-IN,email,neutral,medium,Closed - No Action,download_report,2025-09,21,0
HealthTech,Lab Test,Seat Change,en-IN,whatsapp,negative,critical,Closed - No Action,reset_password,2025-09,13,0
FoodTech,Refund,Seat Change,en,in_app,negative,high,Resolved,reschedule_flight,2025-09,22,1
Travel,Hotel,Late Delivery,en-IN,chat,neutral,medium,Resolved,apply_coupon,2025-09,10,1
Travel,Cab,Wrong Item,en-IN,in_app,neutral,medium,Pending Vendor,update_kYC,2025-09,15,0
SaaS,Audit Logs,Account Locked,en-IN,email,negative,critical,Closed - No Action,invoice_copy,2025-09,5,0
E-commerce,Coupon,Login Issue,hi,in_app,negative,high,Pending Customer,apply_coupon,2025-09,7,0
SaaS,SSO,OTP Not Received,hi,email,neutral,high,Escalated,change_plan,2025-10,8,0
Telecom,eSIM,Wrong Item,hi,voice_transcript,positive,critical,Resolved,reactivate_subscription,2025-09,12,1
Fintech,Savings,Seat Change,hi,email,positive,high,Closed - No Action,update_kYC,2025-09,10,0
HealthTech,Insurance Claim,Payment Failure,hi,in_app,neutral,medium,Resolved,invoice_copy,2025-10,15,1
Travel,Flight,OTP Not Received,en-IN,email,neutral,high,Pending Vendor,reschedule_flight,2025-10,13,0
SaaS,API,Service Not Activated,en,email,positive,high,Closed - No Action,reactivate_subscription,2025-10,4,0
HealthTech,Report,Late Delivery,hi,email,neutral,high,Pending Customer,update_kYC,2025-10,12,0
Fintech,UPI,Seat Change,en-IN,email,neutral,low,Closed - No Action,track_order,2025-10,9,0
FoodTech,Membership,OTP Not Received,en,email,positive,high,Closed - No Action,apply_coupon,2025-10,8,0
Travel,Hotel,Wrong Item,en-IN,chat,negative,critical,Pending Customer,book_appointment,2025-10,3,0
HealthTech,Insurance Claim,Service Not Activated,hi,voice_transcript,neutral,high,Closed - No Action,track_order,2025-10,1,0
Fintech,Insurance,KYC Verification,hi,email,negative,high,Closed - No Action,activate_esim,2025-10,1,0
Telecom,International Pack,Seat Change,en,in_app,positive,high,Pending Customer,activate_esim,2025-10,20,0
SaaS,SSO,Wrong Item,en,voice_transcript,negative,medium,Pending Vendor,reactivate_subscription,2025-10,18,0
Telecom,International Pack,Technical Bug,en,chat,negative,high,Closed - No Action,update_kYC,2025-10,20,0
Telecom,Roaming,Network Outage,en,in_app,positive,critical,Escalated,reactivate_subscription,2025-10,8,0
EdTech,Career Track,Refund Delay,en-IN,whatsapp,neutral,low,Resolved,update_kYC,2025-10,8,1
Fintech,FASTag,Late Delivery,hi,email,negative,medium,Closed - No Action,download_report,2025-10,0,0
Fintech,Savings,Account Locked,en,whatsapp,negative,high,Pending Vendor,update_kYC,2025-10,10,0
SaaS,Billing,Refund Delay,en-IN,whatsapp,negative,low,Escalated,refund_status,2025-10,6,0
FoodTech,Partner Offer,Service Not Activated,hi,email,negative,high,Pending Customer,change_plan,2025-10,11,0
FoodTech,Promo,Service Not Activated,en,voice_transcript,neutral,high,Escalated,apply_coupon,2025-10,23,0
Fintech,Mutual Fund,Seat Change,en,email,positive,high,Escalated,download_report,2025-10,20,0
Travel,Refund,Seat Change,en-IN,email,neutral,medium,Pending Customer,activate_esim,2025-10,22,0
FoodTech,Refund,KYC Verification,en-IN,voice_transcript,positive,critical,Closed - No Action,download_report,2025-10,13,0
Travel,Insurance,App Crash,en-IN,in_app,negative,medium,Closed - No Action,reactivate_subscription,2025-10,6,0
HealthTech,Teleconsult,Technical Bug,hi,chat,positive,critical,Resolved,track_order,2025-10,13,1
Fintech,Mutual Fund,Late Delivery,en-IN,voice_transcript,negative,high,Pending Vendor,reactivate_subscription,2025-10,7,0
Telecom,Broadband,Course Access,en-IN,whatsapp,neutral,high,Pending Customer,update_kYC,2025-10,9,0
E-commerce,Order,Billing Dispute,hi,voice_transcript,negative,critical,Pending Customer,api_rate_limit,2025-10,15,0
EdTech,Subscription,Payment Failure,en,in_app,negative,medium,Closed - No Action,update_kYC,2025-11,0,0
EdTech,Course,Account Locked,hi,whatsapp,positive,high,Pending Customer,refund_status,2025-10,13,0
FoodTech,Membership,KYC Verification,hi,chat,positive,high,Pending Vendor,update_kYC,2025-11,5,0
HealthTech,Report,Seat Change,hi,email,negative,critical,Pending Customer,api_rate_limit,2025-11,23,0
SaaS,Analytics,Technical Bug,en,email,negative,high,Pending Customer,activate_esim,2025-11,17,0
Travel,Refund,Wrong Item,hi,in_app,negative,high,Escalated,reschedule_flight,2025-11,6,0
SaaS,Analytics,Technical Bug,en-IN,whatsapp,negative,high,Escalated,refund_status,2025-11,22,0
Travel,Insurance,Course Access,en-IN,voice_transcript,positive,critical,Escalated,reactivate_subscription,2025-11,1,0
Telecom,Porting,Wrong Item,hi,chat,neutral,high,Escalated,reset_password,2025-11,0,0
FoodTech,Partner Offer,Payment Failure,hi,whatsapp,negative,critical,Pending Customer,api_rate_limit,2025-11,7,0
E-commerce,Exchange,Payment Failure,en,whatsapp,negative,low,Escalated,download_report,2025-11,7,0
Fintech,Insurance,KYC Verification,en,whatsapp,neutral,high,Closed - No Action,download_report,2025-11,15,0
Telecom,5G Upgrade,Login Issue,en-IN,chat,neutral,high,Pending Customer,reset_password,2025-11,6,0
Fintech,Mutual Fund,Payment Failure,en,in_app,neutral,high,Pending Customer,reactivate_subscription,2025-11,9,0
EdTech,Subscription,Login Issue,en-IN,chat,negative,high,Escalated,download_report,2025-11,21,0
SaaS,API,Late Delivery,hi,chat,neutral,critical,Resolved,api_rate_limit,2025-11,20,1
FoodTech,Promo,Account Locked,hi,email,neutral,critical,Resolved,download_report,2025-11,8,1
Telecom,4G Pack,Login Issue,hi,whatsapp,negative,medium,Pending Customer,refund_status,2025-11,10,0
EdTech,Certificate,Wrong Item,hi,chat,neutral,medium,Pending Customer,cancel_order,2025-11,23,0
Travel,Insurance,Technical Bug,hi,voice_transcript,positive,medium,Resolved,refund_status,2025-11,7,1
EdTech,Course,Refund Delay,en-IN,voice_transcript,neutral,high,Closed - No Action,apply_coupon,2025-11,20,0
SaaS,Billing,Account Locked,en-IN,in_app,negative,low,Pending Customer,change_plan,2025-11,18,0
HealthTech,Prescription,Network Outage,en-IN,chat,negative,medium,Closed - No Action,reactivate_subscription,2025-11,8,0
FoodTech,Promo,Service Not Activated,en-IN,voice_transcript,positive,medium,Resolved,invoice_copy,2025-11,7,1
EdTech,Course,Late Delivery,hi,email,positive,critical,Resolved,reschedule_flight,2025-11,12,1
Travel,Hotel,Network Outage,en-IN,email,neutral,high,Closed - No Action,refund_status,2025-11,9,0
HealthTech,Report,Late Delivery,hi,in_app,negative,high,Resolved,refund_status,2025-11,14,1
Telecom,Porting,Technical Bug,hi,email,negative,high,Pending Customer,activate_esim,2025-11,23,0
Fintech,Loan,Refund Delay,en-IN,voice_transcript,negative,medium,Pending Vendor,activate_esim,2025-11,8,0
E-commerce,Prime Delivery,Refund Delay,hi,chat,positive,high,Pending Customer,change_plan,2025-11,14,0
EdTech,Assignment,Wrong Item,hi,chat,negative,high,Pending Vendor,refund_status,2025-11,20,0
FoodTech,Order,Payment Failure,en-IN,email,neutral,medium,Closed - No Action,track_order,2025-12,9,0
EdTech,Course,Login Issue,en,email,negative,critical,Resolved,reactivate_subscription,2025-08,20,1
Fintech,Insurance,Refund Delay,en-IN,whatsapp,negative,critical,Resolved,book_appointment,2025-08,8,1
FoodTech,Order,Billing Dispute,en,whatsapp,neutral,medium,Closed - No Action,cancel_order,2025-08,14,0
Travel,Insurance,Network Outage,hi,in_app,negative,low,Escalated,api_rate_limit,2025-08,12,0
Travel,Cab,Late Delivery,en,in_app,neutral,medium,Resolved,apply_coupon,2025-08,16,1
HealthTech,Teleconsult,Account Locked,en-IN,in_app,positive,critical,Pending Vendor,update_kYC,2025-08,6,0
SaaS,Billing,Seat Change,en-IN,in_app,negative,high,Closed - No Action,reactivate_subscription,2025-08,8,0
SaaS,Analytics,Account Locked,en,chat,negative,low,Escalated,activate_esim,2025-08,19,0
EdTech,Subscription,Late Delivery,hi,whatsapp,negative,high,Pending Vendor,reactivate_subscription,2025-08,10,0
SaaS,API,Refund Delay,en-IN,voice_transcript,neutral,high,Pending Customer,update_kYC,2025-08,1,0
FoodTech,Membership,Refund Delay,en,in_app,negative,critical,Closed - No Action,refund_status,2025-08,4,0
HealthTech,Prescription,App Crash,en-IN,chat,positive,medium,Closed - No Action,reset_password,2025-08,8,0
EdTech,Subscription,KYC Verification,en,in_app,neutral,high,Pending Vendor,reactivate_subscription,2025-08,13,0
SaaS,Audit Logs,Account Locked,hi,voice_transcript,positive,high,Closed - No Action,change_plan,2025-08,15,0
Telecom,Roaming,Course Access,en-IN,in_app,neutral,medium,Closed - No Action,reactivate_subscription,2025-08,23,0
HealthTech,Report,Refund Delay,en,chat,negative,high,Escalated,api_rate_limit,2025-08,7,0
FoodTech,Refund,Service Not Activated,en,email,negative,high,Pending Customer,api_rate_limit,2025-08,2,0
E-commerce,Return,Service Not Activated,en,whatsapp,negative,high,Escalated,invoice_copy,2025-08,20,0
EdTech,Course,Login Issue,en-IN,in_app,negative,high,Resolved,download_report,2025-08,19,1
Travel,Voucher,Course Access,en-IN,voice_transcript,positive,high,Escalated,change_plan,2025-08,17,0
Fintech,Loan,Login Issue,en,whatsapp,positive,high,Pending Customer,cancel_order,2025-08,14,0
E-commerce,Gift Card,Billing Dispute,en,email,positive,medium,Resolved,reactivate_subscription,2025-08,5,1
Fintech,Loan,Network Outage,en,in_app,neutral,critical,Pending Vendor,invoice_copy,2025-08,16,0
E-commerce,Wallet,Refund Delay,hi,voice_transcript,positive,medium,Closed - No Action,change_plan,2025-08,21,0
Fintech,FASTag,Login Issue,hi,chat,negative,critical,Closed - No Action,cancel_order,2025-08,13,0
EdTech,Certificate,Billing Dispute,en-IN,email,negative,high,Pending Vendor,refund_status,2025-08,0,0
EdTech,Exam,KYC Verification,hi,voice_transcript,neutral,medium,Escalated,change_plan,2025-08,17,0
EdTech,Certificate,Wrong Item,en,voice_transcript,neutral,high,Pending Vendor,track_order,2025-08,9,0
Travel,Hotel,Payment Failure,en,whatsapp,negative,critical,Escalated,reset_password,2025-08,10,0
Telecom,5G Upgrade,Technical Bug,en-IN,in_app,neutral,critical,Escalated,update_kYC,2025-08,4,0
E-commerce,Gift Card,App Crash,en,whatsapp,neutral,high,Resolved,invoice_copy,2025-09,9,1
FoodTech,Refund,Seat Change,en-IN,in_app,negative,high,Closed - No Action,activate_esim,2025-09,0,0
Fintech,Loan,Technical Bug,hi,in_app,negative,medium,Closed - No Action,api_rate_limit,2025-09,8,0
Travel,Bus,Refund Delay,en-IN,chat,negative,low,Pending Vendor,change_plan,2025-09,11,0
SaaS,API,App Crash,en-IN,whatsapp,negative,high,Resolved,reset_password,2025-09,20,1
E-commerce,Coupon,Service Not Activated,en,in_app,positive,high,Closed - No Action,apply_coupon,2025-09,19,0
SaaS,Audit Logs,Service Not Activated,en,voice_transcript,neutral,critical,Closed - No Action,refund_status,2025-09,0,0
Travel,Refund,Network Outage,en-IN,whatsapp,negative,low,Pending Vendor,download_report,2025-09,7,0
Fintech,FASTag,Payment Failure,en,whatsapp,negative,high,Resolved,change_plan,2025-09,1,1
FoodTech,Partner Offer,KYC Verification,en-IN,chat,positive,low,Pending Vendor,api_rate_limit,2025-09,0,0
EdTech,Subscription,Account Locked,en-IN,chat,neutral,high,Resolved,change_plan,2025-09,12,1
FoodTech,Wallet,Seat Change,en,chat,negative,high,Closed - No Action,change_plan,2025-09,2,0
Travel,Cab,Service Not Activated,hi,chat,positive,medium,Closed - No Action,reset_password,2025-09,4,0
HealthTech,Insurance Claim,OTP Not Received,en-IN,in_app,positive,medium,Pending Customer,activate_esim,2025-09,11,0
Fintech,Loan,Course Access,hi,whatsapp,negative,medium,Resolved,book_appointment,2025-09,17,1
Travel,Bus,Billing Dispute,en-IN,whatsapp,positive,high,Closed - No Action,track_order,2025-09,10,0
Travel,Bus,Course Access,en-IN,voice_transcript,neutral,high,Pending Customer,activate_esim,2025-09,6,0
Telecom,Roaming,Technical Bug,hi,whatsapp,positive,critical,Pending Vendor,apply_coupon,2025-09,15,0
Travel,Hotel,Payment Failure,en-IN,voice_transcript,negative,high,Closed - No Action,reactivate_subscription,2025-09,13,0
Travel,Bus,Account Locked,hi,voice_transcript,negative,high,Resolved,reschedule_flight,2025-09,8,1
Telecom,Roaming,Refund Delay,en,in_app,negative,medium,Escalated,refund_status,2025-09,15,0
SaaS,API,Technical Bug,en-IN,in_app,negative,low,Pending Vendor,activate_esim,2025-09,17,0
Telecom,eSIM,Account Locked,hi,email,neutral,high,Pending Vendor,cancel_order,2025-09,20,0
Telecom,Broadband,App Crash,hi,whatsapp,negative,low,Closed - No Action,change_plan,2025-09,21,0
FoodTech,Wallet,Late Delivery,en-IN,chat,negative,high,Pending Vendor,apply_coupon,2025-09,22,0
Travel,Cab,Refund Delay,en-IN,chat,negative,high,Escalated,track_order,2025-09,8,0
SaaS,Webhooks,Payment Failure,hi,email,negative,critical,Resolved,refund_status,2025-09,18,1
SaaS,API,Billing Dispute,en-IN,in_app,negative,high,Resolved,change_plan,2025-09,15,1
Travel,Cab,Refund Delay,en,chat,neutral,high,Escalated,api_rate_limit,2025-09,2,0
Fintech,Credit Card,Login Issue,en-IN,whatsapp,negative,medium,Closed - No Action,reset_password,2025-09,15,0
Fintech,UPI,Wrong Item,en-IN,email,negative,high,Pending Customer,reset_password,2025-10,2,0
SaaS,Billing,Technical Bug,en-IN,whatsapp,negative,medium,Pending Vendor,download_report,2025-10,22,0
SaaS,Billing,Billing Dispute,en,email,negative,critical,Pending Customer,refund_status,2025-10,14,0
HealthTech,Prescription,Refund Delay,en,chat,negative,high,Pending Customer,reactivate_subscription,2025-10,5,0
Telecom,Broadband,Late Delivery,hi,voice_transcript,positive,medium,Escalated,reschedule_flight,2025-10,3,0
HealthTech,Appointment,Service Not Activated,en,in_app,positive,critical,Pending Customer,download_report,2025-10,6,0
Fintech,Loan,Payment Failure,hi,in_app,neutral,high,Closed - No Action,activate_esim,2025-10,4,0
HealthTech,Prescription,Late Delivery,en,email,negative,high,Pending Customer,update_kYC,2025-10,23,0
EdTech,Mock Test,KYC Verification,en-IN,voice_transcript,negative,high,Escalated,reschedule_flight,2025-10,10,0
SaaS,SSO,Refund Delay,en,in_app,neutral,medium,Closed - No Action,reactivate_subscription,2025-10,8,0
HealthTech,Report,App Crash,hi,voice_transcript,positive,medium,Pending Vendor,apply_coupon,2025-10,10,0
Telecom,Broadband,Seat Change,en-IN,email,neutral,critical,Pending Vendor,reschedule_flight,2025-10,20,0
FoodTech,Membership,Course Access,en,chat,positive,low,Pending Vendor,download_report,2025-10,9,0
FoodTech,Membership,Wrong Item,en,voice_transcript,positive,medium,Resolved,track_order,2025-10,18,1
Telecom,International Pack,Service Not Activated,hi,voice_transcript,negative,medium,Pending Vendor,download_report,2025-10,23,0
SaaS,Billing,Refund Delay,hi,in_app,negative,medium,Pending Vendor,refund_status,2025-10,21,0
Fintech,Savings,App Crash,en,whatsapp,negative,medium,Closed - No Action,update_kYC,2025-10,1,0
FoodTech,Priority Delivery,Seat Change,hi,chat,negative,high,Pending Vendor,reactivate_subscription,2025-10,10,0
SaaS,API,Wrong Item,en,chat,neutral,critical,Pending Vendor,activate_esim,2025-10,22,0
HealthTech,Report,OTP Not Received,en,in_app,positive,critical,Escalated,book_appointment,2025-10,1,0
E-commerce,Order,Late Delivery,en-IN,chat,negative,low,Escalated,activate_esim,2025-10,18,0
Telecom,Roaming,Wrong Item,en,chat,negative,high,Resolved,reset_password,2025-10,10,1
Travel,Bus,Network Outage,hi,chat,negative,critical,Pending Customer,reschedule_flight,2025-10,22,0
Travel,Refund,Network Outage,en,chat,neutral,critical,Pending Vendor,apply_coupon,2025-10,8,0
EdTech,Assignment,App Crash,en-IN,chat,positive,medium,Escalated,api_rate_limit,2025-10,4,0
HealthTech,Prescription,Course Access,en,voice_transcript,negative,high,Pending Customer,apply_coupon,2025-10,20,0
Travel,Hotel,Seat Change,en-IN,chat,neutral,critical,Pending Customer,cancel_order,2025-10,20,0
Fintech,Insurance,Login Issue,en-IN,chat,negative,high,Escalated,change_plan,2025-10,8,0
HealthTech,Report,Network Outage,en-IN,in_app,positive,medium,Closed - No Action,cancel_order,2025-10,16,0
Travel,Insurance,Refund Delay,hi,email,neutral,medium,Escalated,track_order,2025-10,15,0
Fintech,FASTag,OTP Not Received,hi,voice_transcript,positive,low,Resolved,change_plan,2025-10,16,1
Telecom,International Pack,Network Outage,en-IN,email,neutral,high,Resolved,reactivate_subscription,2025-11,21,1
EdTech,Exam,Network Outage,en-IN,chat,positive,high,Pending Customer,invoice_copy,2025-11,2,0
E-commerce,Order,Refund Delay,en,email,positive,medium,Pending Vendor,reset_password,2025-11,21,0
Telecom,Broadband,Late Delivery,en,voice_transcript,neutral,high,Resolved,reactivate_subscription,2025-11,16,1
Travel,Insurance,Account Locked,en-IN,email,negative,high,Pending Vendor,book_appointment,2025-11,20,0
SaaS,API,Payment Failure,en-IN,whatsapp,neutral,low,Pending Vendor,activate_esim,2025-11,18,0
SaaS,SSO,Technical Bug,hi,whatsapp,negative,medium,Resolved,cancel_order,2025-11,9,1
E-commerce,Gift Card,Payment Failure,en,chat,positive,high,Escalated,api_rate_limit,2025-11,7,0
FoodTech,Membership,Wrong Item,en-IN,email,neutral,high,Pending Vendor,book_appointment,2025-11,11,0
HealthTech,Teleconsult,Payment Failure,en-IN,in_app,positive,medium,Resolved,cancel_order,2025-11,21,1
Fintech,Mutual Fund,Service Not Activated,en-IN,whatsapp,negative,high,Resolved,invoice_copy,2025-11,7,1
EdTech,Assignment,Seat Change,en,chat,negative,high,Resolved,reschedule_flight,2025-11,15,1
HealthTech,Lab Test,Service Not Activated,en,voice_transcript,negative,high,Resolved,invoice_copy,2025-11,8,1
SaaS,Webhooks,Service Not Activated,hi,email,neutral,critical,Closed - No Action,activate_esim,2025-11,3,0
E-commerce,Exchange,App Crash,en-IN,in_app,negative,low,Pending Vendor,book_appointment,2025-11,18,0
FoodTech,Order,Payment Failure,en,email,neutral,high,Pending Vendor,api_rate_limit,2025-11,13,0
Fintech,Insurance,Late Delivery,en-IN,voice_transcript,negative,medium,Resolved,api_rate_limit,2025-11,19,1
HealthTech,Insurance Claim,Seat Change,hi,chat,neutral,high,Pending Vendor,change_plan,2025-11,20,0
Fintech,Mutual Fund,Course Access,hi,whatsapp,neutral,high,Resolved,reactivate_subscription,2025-11,13,1
Travel,Bus,Login Issue,hi,whatsapp,negative,critical,Resolved,refund_status,2025-11,5,1
HealthTech,Prescription,Late Delivery,en-IN,whatsapp,positive,high,Pending Customer,download_report,2025-11,17,0
FoodTech,Wallet,Seat Change,hi,voice_transcript,negative,high,Pending Customer,reschedule_flight,2025-11,10,0
E-commerce,Return,Billing Dispute,en-IN,whatsapp,negative,high,Pending Vendor,reactivate_subscription,2025-11,3,0
Telecom,Broadband,Account Locked,en,email,positive,medium,Pending Vendor,activate_esim,2025-11,6,0
Fintech,Savings,Late Delivery,hi,whatsapp,negative,critical,Closed - No Action,invoice_copy,2025-11,8,0
E-commerce,Gift Card,Refund Delay,hi,in_app,negative,low,Pending Customer,reset_password,2025-11,7,0
SaaS,Audit Logs,Payment Failure,en-IN,email,neutral,high,Escalated,reactivate_subscription,2025-11,21,0
HealthTech,Insurance Claim,KYC Verification,en,in_app,negative,low,Escalated,invoice_copy,2025-11,22,0
HealthTech,Prescription,OTP Not Received,en-IN,whatsapp,neutral,low,Closed - No Action,track_order,2025-12,19,0
SaaS,Webhooks,App Crash,en,voice_transcript,neutral,high,Resolved,download_report,2025-08,15,1
Telecom,eSIM,Billing Dispute,hi,whatsapp,positive,high,Escalated,track_order,2025-08,21,0
HealthTech,Appointment,KYC Verification,en,voice_transcript,negative,critical,Resolved,track_order,2025-08,21,1
EdTech,Assignment,Course Access,en-IN,email,positive,high,Escalated,api_rate_limit,2025-08,14,0
FoodTech,Refund,Course Access,en,in_app,negative,medium,Pending Vendor,cancel_order,2025-08,0,0
Travel,Voucher,Service Not Activated,en,voice_transcript,neutral,high,Pending Vendor,update_kYC,2025-08,13,0
Travel,Cab,Refund Delay,en,email,negative,medium,Resolved,reset_password,2025-08,22,1
EdTech,Exam,Technical Bug,en-IN,whatsapp,neutral,critical,Resolved,reactivate_subscription,2025-08,14,1
EdTech,Mock Test,Seat Change,en,whatsapp,negative,medium,Pending Customer,reactivate_subscription,2025-08,10,0
Travel,Insurance,Refund Delay,en,voice_transcript,negative,medium,Pending Vendor,reactivate_subscription,2025-08,10,0
SaaS,Analytics,App Crash,hi,whatsapp,negative,medium,Escalated,reset_password,2025-08,7,0
Travel,Refund,Late Delivery,hi,whatsapp,neutral,critical,Resolved,reschedule_flight,2025-08,4,1
Fintech,Loan,Service Not Activated,hi,whatsapp,negative,critical,Pending Vendor,refund_status,2025-08,22,0
Telecom,5G Upgrade,Refund Delay,en-IN,in_app,neutral,high,Pending Vendor,change_plan,2025-08,14,0
EdTech,Mock Test,Login Issue,en,email,neutral,medium,Resolved,apply_coupon,2025-08,0,1
Fintech,Credit Card,Refund Delay,en-IN,email,negative,medium,Closed - No Action,track_order,2025-08,5,0
HealthTech,Teleconsult,OTP Not Received,en,chat,negative,high,Closed - No Action,cancel_order,2025-08,4,0
Telecom,eSIM,Refund Delay,en-IN,email,negative,high,Resolved,track_order,2025-08,19,1
Telecom,Broadband,OTP Not Received,hi,chat,neutral,high,Closed - No Action,invoice_copy,2025-08,14,0
FoodTech,Order,Payment Failure,en,email,negative,high,Pending Vendor,change_plan,2025-08,20,0
SaaS,Workspace,Wrong Item,hi,voice_transcript,negative,medium,Resolved,reactivate_subscription,2025-08,10,1
Fintech,FASTag,KYC Verification,hi,voice_transcript,negative,medium,Pending Vendor,download_report,2025-08,19,0
E-commerce,Exchange,OTP Not Received,en,voice_transcript,negative,critical,Escalated,reschedule_flight,2025-08,0,0
Travel,Cab,Payment Failure,en,whatsapp,negative,medium,Pending Customer,change_plan,2025-08,2,0
EdTech,Certificate,OTP Not Received,en-IN,chat,positive,high,Pending Customer,download_report,2025-08,19,0
Fintech,Insurance,Payment Failure,en,chat,negative,high,Pending Customer,update_kYC,2025-08,15,0
Telecom,eSIM,Late Delivery,hi,chat,neutral,high,Escalated,activate_esim,2025-08,1,0
FoodTech,Partner Offer,Payment Failure,en-IN,in_app,negative,medium,Resolved,cancel_order,2025-08,0,1
EdTech,Certificate,App Crash,hi,chat,negative,low,Pending Vendor,reset_password,2025-08,0,0
Telecom,5G Upgrade,App Crash,en-IN,chat,positive,critical,Pending Customer,apply_coupon,2025-09,7,0
Fintech,Savings,App Crash,en-IN,email,negative,medium,Pending Customer,update_kYC,2025-09,13,0
HealthTech,Appointment,Refund Delay,en,email,neutral,high,Pending Vendor,update_kYC,2025-09,16,0
Fintech,Mutual Fund,KYC Verification,en,in_app,negative,medium,Pending Vendor,download_report,2025-09,16,0
FoodTech,Partner Offer,Payment Failure,hi,voice_transcript,positive,medium,Resolved,download_report,2025-09,22,1
Telecom,Porting,Late Delivery,hi,in_app,positive,high,Pending Vendor,apply_coupon,2025-09,11,0
SaaS,Billing,Login Issue,en-IN,whatsapp,negative,medium,Resolved,api_rate_limit,2025-09,5,1
FoodTech,Partner Offer,Service Not Activated,en,whatsapp,neutral,high,Pending Vendor,refund_status,2025-09,4,0
HealthTech,Lab Test,Login Issue,hi,email,positive,high,Pending Vendor,reset_password,2025-09,9,0
Fintech,Mutual Fund,Wrong Item,en-IN,email,negative,medium,Pending Customer,track_order,2025-09,8,0
E-commerce,Exchange,Login Issue,en,email,negative,high,Pending Customer,refund_status,2025-09,6,0
Travel,Refund,KYC Verification,en,email,neutral,medium,Resolved,reset_password,2025-09,3,1
E-commerce,Order,App Crash,en-IN,whatsapp,negative,low,Pending Vendor,book_appointment,2025-09,9,0
E-commerce,Coupon,Billing Dispute,hi,chat,negative,high,Pending Customer,change_plan,2025-09,2,0
E-commerce,Return,KYC Verification,en-IN,voice_transcript,negative,high,Closed - No Action,reset_password,2025-09,23,0
E-commerce,Exchange,Account Locked,hi,voice_transcript,neutral,critical,Closed - No Action,activate_esim,2025-09,21,0
FoodTech,Order,App Crash,hi,chat,positive,medium,Escalated,api_rate_limit,2025-09,5,0
HealthTech,Prescription,Billing Dispute,en-IN,voice_transcript,positive,high,Pending Vendor,reset_password,2025-09,21,0
Telecom,International Pack,Refund Delay,hi,whatsapp,neutral,medium,Resolved,download_report,2025-09,4,1
EdTech,Assignment,Account Locked,hi,chat,negative,low,Resolved,track_order,2025-09,14,1
HealthTech,Appointment,Refund Delay,hi,whatsapp,negative,critical,Closed - No Action,invoice_copy,2025-09,20,0
FoodTech,Order,Network Outage,en,voice_transcript,neutral,critical,Resolved,book_appointment,2025-09,6,1
HealthTech,Report,KYC Verification,en,voice_transcript,negative,medium,Resolved,track_order,2025-09,10,1
SaaS,Audit Logs,Account Locked,en,voice_transcript,negative,high,Escalated,reset_password,2025-09,0,0
FoodTech,Wallet,Login Issue,hi,whatsapp,negative,critical,Closed - No Action,change_plan,2025-09,0,0
Fintech,Insurance,Billing Dispute,hi,voice_transcript,neutral,low,Resolved,api_rate_limit,2025-09,14,1
Telecom,International Pack,Account Locked,en,email,negative,medium,Escalated,reactivate_subscription,2025-09,12,0
Fintech,Mutual Fund,Refund Delay,hi,email,neutral,medium,Closed - No Action,book_appointment,2025-09,13,0
Travel,Bus,KYC Verification,en,in_app,negative,high,Closed - No Action,track_order,2025-09,1,0
FoodTech,Promo,Network Outage,en-IN,chat,negative,critical,Resolved,cancel_order,2025-09,21,1
Telecom,Roaming,OTP Not Received,en-IN,email,negative,high,Pending Vendor,invoice_copy,2025-10,3,0
HealthTech,Appointment,Technical Bug,hi,in_app,positive,critical,Closed - No Action,update_kYC,2025-10,19,0
FoodTech,Partner Offer,Wrong Item,en,email,neutral,medium,Resolved,change_plan,2025-10,3,1
EdTech,Exam,Payment Failure,en-IN,chat,negative,medium,Closed - No Action,invoice_copy,2025-10,5,0
EdTech,Subscription,Login Issue,hi,whatsapp,negative,high,Pending Vendor,cancel_order,2025-10,0,0
E-commerce,Return,Payment Failure,en-IN,whatsapp,negative,high,Escalated,update_kYC,2025-10,19,0
E-commerce,Wallet,Late Delivery,hi,whatsapp,negative,low,Pending Customer,book_appointment,2025-10,4,0
SaaS,SSO,OTP Not Received,hi,in_app,negative,high,Pending Vendor,cancel_order,2025-10,22,0
HealthTech,Report,Login Issue,en-IN,chat,neutral,high,Pending Vendor,activate_esim,2025-10,7,0
FoodTech,Membership,Account Locked,en-IN,voice_transcript,negative,high,Closed - No Action,cancel_order,2025-10,22,0
HealthTech,Report,OTP Not Received,en,chat,positive,high,Closed - No Action,reset_password,2025-10,6,0
E-commerce,Return,Refund Delay,hi,whatsapp,neutral,critical,Escalated,reset_password,2025-10,19,0
Fintech,Savings,Course Access,en,chat,negative,medium,Pending Customer,invoice_copy,2025-10,14,0
Travel,Flight,Billing Dispute,en-IN,email,neutral,high,Pending Vendor,change_plan,2025-10,3,0
Telecom,International Pack,Network Outage,hi,in_app,negative,critical,Closed - No Action,cancel_order,2025-10,9,0
SaaS,SSO,Technical Bug,hi,email,neutral,high,Closed - No Action,book_appointment,2025-10,1,0
EdTech,Course,Network Outage,en-IN,email,neutral,medium,Resolved,activate_esim,2025-10,15,1
E-commerce,Order,App Crash,hi,in_app,neutral,critical,Resolved,refund_status,2025-10,6,1
E-commerce,Prime Delivery,Seat Change,en-IN,in_app,neutral,high,Pending Customer,cancel_order,2025-10,17,0
HealthTech,Lab Test,Wrong Item,hi,voice_transcript,neutral,high,Pending Customer,invoice_copy,2025-10,9,0
EdTech,Subscription,Late Delivery,hi,chat,neutral,medium,Pending Vendor,api_rate_limit,2025-10,1,0
Travel,Bus,Service Not Activated,en-IN,chat,negative,high,Escalated,reschedule_flight,2025-10,10,0
Fintech,Mutual Fund,Technical Bug,en,voice_transcript,negative,medium,Pending Customer,reset_password,2025-10,19,0
Travel,Flight,Refund Delay,en-IN,voice_transcript,negative,high,Pending Customer,reactivate_subscription,2025-10,14,0
FoodTech,Order,Billing Dispute,hi,in_app,negative,high,Pending Customer,book_appointment,2025-10,1,0
Travel,Cab,Login Issue,en-IN,chat,negative,high,Pending Customer,change_plan,2025-10,12,0
EdTech,Certificate,Technical Bug,en-IN,email,negative,medium,Resolved,cancel_order,2025-10,10,1
HealthTech,Report,Account Locked,en-IN,whatsapp,positive,high,Pending Vendor,cancel_order,2025-10,21,0
EdTech,Exam,OTP Not Received,en-IN,chat,negative,high,Resolved,book_appointment,2025-10,20,1
FoodTech,Promo,Network Outage,hi,voice_transcript,negative,medium,Resolved,reactivate_subscription,2025-10,16,1
EdTech,Certificate,Course Access,en,in_app,negative,high,Closed - No Action,change_plan,2025-10,4,0
Fintech,Savings,Service Not Activated,en-IN,voice_transcript,neutral,low,Pending Vendor,apply_coupon,2025-10,15,0
SaaS,API,Refund Delay,en,in_app,negative,high,Escalated,change_plan,2025-11,10,0
EdTech,Certificate,Late Delivery,en-IN,chat,negative,medium,Resolved,change_plan,2025-11,20,1
Fintech,Mutual Fund,KYC Verification,en,in_app,neutral,medium,Pending Vendor,apply_coupon,2025-11,6,0
EdTech,Career Track,Seat Change,hi,in_app,positive,high,Escalated,refund_status,2025-11,15,0
EdTech,Subscription,Login Issue,en-IN,in_app,neutral,medium,Pending Vendor,reset_password,2025-11,18,0
FoodTech,Partner Offer,Seat Change,hi,in_app,negative,medium,Escalated,reset_password,2025-11,4,0
Fintech,FASTag,Wrong Item,en,chat,positive,high,Pending Vendor,track_order,2025-11,21,0
HealthTech,Prescription,OTP Not Received,hi,in_app,negative,high,Pending Customer,apply_coupon,2025-11,6,0
SaaS,SSO,Refund Delay,hi,voice_transcript,neutral,medium,Closed - No Action,update_kYC,2025-11,22,0
HealthTech,Teleconsult,Refund Delay,en,email,negative,medium,Escalated,refund_status,2025-11,5,0
EdTech,Course,Service Not Activated,hi,chat,negative,high,Closed - No Action,reactivate_subscription,2025-11,10,0
FoodTech,Order,OTP Not Received,en,voice_transcript,negative,low,Pending Vendor,apply_coupon,2025-11,17,0
Telecom,eSIM,Wrong Item,hi,in_app,negative,medium,Escalated,activate_esim,2025-11,22,0
SaaS,Audit Logs,Billing Dispute,hi,whatsapp,positive,critical,Pending Vendor,apply_coupon,2025-11,2,0
EdTech,Career Track,Late Delivery,hi,whatsapp,negative,high,Resolved,apply_coupon,2025-11,21,1
E-commerce,Coupon,Account Locked,en-IN,email,negative,high,Pending Vendor,reset_password,2025-11,2,0
Telecom,5G Upgrade,Refund Delay,hi,in_app,negative,medium,Pending Vendor,change_plan,2025-11,17,0
EdTech,Certificate,Network Outage,hi,voice_transcript,negative,high,Closed - No Action,activate_esim,2025-11,3,0
Fintech,FASTag,Technical Bug,en-IN,chat,positive,critical,Pending Customer,api_rate_limit,2025-11,20,0
E-commerce,Coupon,Seat Change,en-IN,in_app,negative,critical,Closed - No Action,change_plan,2025-11,2,0
E-commerce,Exchange,Late Delivery,en-IN,whatsapp,neutral,medium,Pending Customer,refund_status,2025-11,14,0
EdTech,Mock Test,Payment Failure,en,chat,negative,critical,Escalated,change_plan,2025-11,10,0
HealthTech,Teleconsult,Refund Delay,en-IN,email,negative,high,Pending Vendor,cancel_order,2025-11,14,0
EdTech,Career Track,App Crash,en,email,negative,high,Resolved,book_appointment,2025-11,20,1
EdTech,Subscription,KYC Verification,en-IN,voice_transcript,neutral,high,Closed - No Action,api_rate_limit,2025-11,7,0
Telecom,Broadband,Payment Failure,hi,chat,negative,critical,Pending Vendor,change_plan,2025-11,8,0
FoodTech,Refund,Late Delivery,en,email,positive,medium,Escalated,update_kYC,2025-11,8,0
E-commerce,Gift Card,OTP Not Received,en,chat,negative,high,Resolved,cancel_order,2025-11,13,1
Telecom,5G Upgrade,Course Access,en-IN,email,negative,critical,Closed - No Action,invoice_copy,2025-11,6,0
Fintech,UPI,Account Locked,en-IN,email,negative,high,Escalated,reactivate_subscription,2025-08,23,0
E-commerce,Exchange,OTP Not Received,en,chat,negative,critical,Resolved,track_order,2025-08,20,1
Fintech,Insurance,Wrong Item,en-IN,voice_transcript,negative,medium,Pending Customer,refund_status,2025-08,10,0
Fintech,UPI,App Crash,en-IN,voice_transcript,neutral,critical,Escalated,api_rate_limit,2025-08,12,0
Travel,Bus,Account Locked,en-IN,whatsapp,negative,high,Pending Customer,track_order,2025-08,22,0
Fintech,FASTag,Payment Failure,en,in_app,neutral,high,Pending Customer,api_rate_limit,2025-08,21,0
FoodTech,Priority Delivery,Seat Change,en-IN,chat,negative,high,Escalated,download_report,2025-08,6,0
SaaS,Analytics,Refund Delay,en,chat,negative,high,Resolved,api_rate_limit,2025-08,23,1
E-commerce,Gift Card,App Crash,hi,chat,neutral,high,Closed - No Action,update_kYC,2025-08,18,0
Telecom,4G Pack,OTP Not Received,hi,in_app,neutral,critical,Resolved,api_rate_limit,2025-08,5,1
Travel,Insurance,Service Not Activated,en-IN,whatsapp,negative,high,Closed - No Action,download_report,2025-08,1,0
HealthTech,Prescription,Account Locked,hi,in_app,negative,high,Pending Vendor,change_plan,2025-08,0,0
SaaS,Audit Logs,Refund Delay,hi,whatsapp,positive,critical,Resolved,reset_password,2025-08,23,1
E-commerce,Gift Card,Course Access,en,chat,negative,medium,Escalated,refund_status,2025-08,7,0
SaaS,Analytics,Billing Dispute,en-IN,email,positive,high,Pending Customer,reset_password,2025-08,10,0
SaaS,API,Technical Bug,en-IN,voice_transcript,negative,high,Pending Customer,reschedule_flight,2025-08,12,0
HealthTech,Report,Payment Failure,en,voice_transcript,negative,high,Closed - No Action,reactivate_subscription,2025-08,20,0
SaaS,Billing,Wrong Item,en,voice_transcript,neutral,critical,Pending Vendor,change_plan,2025-08,22,0
Travel,Bus,Account Locked,en-IN,in_app,positive,medium,Pending Vendor,reset_password,2025-08,10,0
SaaS,Analytics,Service Not Activated,en,whatsapp,neutral,low,Pending Vendor,reschedule_flight,2025-08,3,0
Telecom,Roaming,OTP Not Received,en-IN,email,negative,high,Escalated,update_kYC,2025-08,5,0
E-commerce,Exchange,Payment Failure,en-IN,chat,negative,high,Pending Customer,download_report,2025-08,2,0
HealthTech,Insurance Claim,Refund Delay,hi,in_app,neutral,critical,Pending Customer,reschedule_flight,2025-08,2,0
SaaS,Workspace,Course Access,en-IN,whatsapp,negative,high,Pending Customer,update_kYC,2025-08,6,0
HealthTech,Appointment,Billing Dispute,en,in_app,neutral,high,Escalated,change_plan,2025-08,1,0
EdTech,Subscription,Login Issue,en,voice_transcript,negative,low,Pending Vendor,activate_esim,2025-08,6,0
E-commerce,Gift Card,Account Locked,en,chat,negative,high,Pending Customer,apply_coupon,2025-08,23,0
Telecom,Broadband,Payment Failure,en,whatsapp,negative,medium,Pending Customer,cancel_order,2025-08,12,0
HealthTech,Report,Refund Delay,en-IN,voice_transcript,negative,critical,Pending Customer,invoice_copy,2025-08,4,0
HealthTech,Prescription,Network Outage,en,chat,negative,medium,Closed - No Action,cancel_order,2025-09,8,0
Telecom,Roaming,Billing Dispute,en-IN,in_app,positive,medium,Escalated,change_plan,2025-09,0,0
Fintech,FASTag,Refund Delay,hi,chat,negative,high,Pending Vendor,reactivate_subscription,2025-09,21,0
FoodTech,Refund,Login Issue,hi,chat,neutral,critical,Resolved,reschedule_flight,2025-09,14,1
FoodTech,Partner Offer,Technical Bug,en-IN,in_app,neutral,high,Pending Customer,refund_status,2025-09,16,0
SaaS,SSO,App Crash,hi,in_app,neutral,medium,Resolved,reset_password,2025-09,12,1
Travel,Cab,Refund Delay,en,in_app,neutral,medium,Resolved,cancel_order,2025-09,2,1
FoodTech,Order,Billing Dispute,hi,email,negative,low,Escalated,change_plan,2025-09,21,0
EdTech,Course,Technical Bug,en,voice_transcript,neutral,medium,Closed - No Action,cancel_order,2025-09,20,0
Telecom,Roaming,Late Delivery,en,email,neutral,critical,Pending Vendor,activate_esim,2025-09,9,0
Fintech,Credit Card,Login Issue,hi,chat,negative,medium,Pending Customer,invoice_copy,2025-09,0,0
Telecom,4G Pack,Course Access,en,email,neutral,high,Pending Customer,api_rate_limit,2025-09,0,0
FoodTech,Wallet,Billing Dispute,en-IN,whatsapp,negative,medium,Pending Customer,activate_esim,2025-09,6,0
HealthTech,Insurance Claim,Technical Bug,hi,whatsapp,negative,high,Escalated,reset_password,2025-09,8,0
E-commerce,Return,Billing Dispute,en-IN,whatsapp,negative,low,Escalated,change_plan,2025-09,0,0
Travel,Flight,Billing Dispute,en,voice_transcript,negative,critical,Pending Customer,track_order,2025-09,2,0
Telecom,Broadband,Late Delivery,en,chat,neutral,critical,Pending Vendor,refund_status,2025-09,12,0
EdTech,Subscription,Network Outage,hi,voice_transcript,negative,critical,Pending Vendor,track_order,2025-09,2,0
EdTech,Mock Test,Technical Bug,hi,whatsapp,neutral,medium,Pending Customer,apply_coupon,2025-09,18,0
HealthTech,Appointment,App Crash,en-IN,whatsapp,negative,high,Pending Vendor,invoice_copy,2025-09,14,0
E-commerce,Coupon,Technical Bug,en,voice_transcript,negative,medium,Resolved,update_kYC,2025-09,9,1
FoodTech,Promo,Billing Dispute,en,voice_transcript,positive,medium,Closed - No Action,reschedule_flight,2025-09,16,0
SaaS,Webhooks,Seat Change,en,in_app,negative,medium,Resolved,activate_esim,2025-09,2,1
Travel,Refund,Refund Delay,en,voice_transcript,neutral,medium,Pending Vendor,reactivate_subscription,2025-09,11,0
FoodTech,Refund,Payment Failure,en,voice_transcript,negative,medium,Pending Customer,cancel_order,2025-09,0,0
E-commerce,Wallet,App Crash,hi,voice_transcript,positive,high,Pending Vendor,refund_status,2025-09,19,0
SaaS,SSO,Billing Dispute,en-IN,in_app,negative,high,Resolved,api_rate_limit,2025-09,10,1
SaaS,Analytics,Login Issue,hi,voice_transcript,neutral,medium,Closed - No Action,reschedule_flight,2025-09,9,0
EdTech,Certificate,Course Access,en,email,positive,medium,Pending Customer,cancel_order,2025-09,22,0
FoodTech,Wallet,App Crash,en,chat,negative,critical,Pending Customer,book_appointment,2025-09,3,0
Fintech,FASTag,Login Issue,en,chat,neutral,critical,Pending Vendor,book_appointment,2025-10,23,0
E-commerce,Exchange,KYC Verification,en,whatsapp,negative,high,Pending Vendor,cancel_order,2025-10,1,0
Telecom,Roaming,Refund Delay,en-IN,chat,positive,high,Escalated,update_kYC,2025-10,10,0
EdTech,Assignment,Refund Delay,en,chat,neutral,critical,Closed - No Action,activate_esim,2025-10,17,0
HealthTech,Report,Service Not Activated,en-IN,email,neutral,high,Resolved,api_rate_limit,2025-10,16,1
Fintech,Mutual Fund,App Crash,en-IN,whatsapp,negative,medium,Resolved,apply_coupon,2025-10,20,1
Fintech,Credit Card,Network Outage,en,voice_transcript,neutral,medium,Pending Vendor,activate_esim,2025-10,22,0
EdTech,Mock Test,Login Issue,hi,chat,positive,high,Escalated,track_order,2025-10,19,0
Fintech,UPI,Seat Change,en,email,negative,high,Escalated,reactivate_subscription,2025-10,9,0
SaaS,Analytics,KYC Verification,en-IN,in_app,negative,low,Closed - No Action,invoice_copy,2025-10,17,0
FoodTech,Promo,Network Outage,en,chat,neutral,high,Escalated,activate_esim,2025-10,21,0
FoodTech,Refund,Refund Delay,en-IN,whatsapp,positive,high,Pending Customer,update_kYC,2025-10,19,0
HealthTech,Lab Test,Wrong Item,en,voice_transcript,neutral,high,Resolved,reschedule_flight,2025-10,6,1
FoodTech,Promo,Billing Dispute,en,whatsapp,positive,high,Escalated,cancel_order,2025-10,10,0
Fintech,Savings,Seat Change,en,chat,neutral,high,Resolved,reset_password,2025-10,0,1
E-commerce,Prime Delivery,Refund Delay,hi,voice_transcript,positive,critical,Closed - No Action,download_report,2025-10,3,0
E-commerce,Exchange,Late Delivery,hi,chat,negative,high,Pending Vendor,api_rate_limit,2025-10,15,0
Travel,Flight,Wrong Item,en,chat,negative,high,Resolved,apply_coupon,2025-10,6,1
Travel,Refund,Account Locked,en,email,negative,high,Closed - No Action,reactivate_subscription,2025-10,15,0
Fintech,Loan,OTP Not Received,en,whatsapp,neutral,high,Resolved,cancel_order,2025-10,15,1
Travel,Cab,App Crash,hi,chat,negative,high,Resolved,cancel_order,2025-10,10,1
Travel,Refund,Network Outage,en,whatsapp,negative,high,Resolved,reset_password,2025-10,1,1
E-commerce,Coupon,Billing Dispute,en-IN,whatsapp,neutral,high,Closed - No Action,cancel_order,2025-10,20,0
SaaS,SSO,App Crash,en,email,negative,critical,Resolved,reactivate_subscription,2025-10,21,1
Telecom,Broadband,Technical Bug,en-IN,in_app,negative,high,Escalated,download_report,2025-10,12,0
HealthTech,Appointment,Seat Change,en-IN,chat,negative,medium,Resolved,book_appointment,2025-10,23,1
Fintech,FASTag,Service Not Activated,en,chat,negative,high,Pending Customer,refund_status,2025-10,2,0
Travel,Cab,Network Outage,en,email,negative,medium,Pending Customer,reschedule_flight,2025-10,16,0
Travel,Hotel,Wrong Item,en,voice_transcript,negative,medium,Pending Vendor,download_report,2025-10,0,0
Travel,Bus,KYC Verification,en,whatsapp,negative,medium,Closed - No Action,book_appointment,2025-10,4,0
E-commerce,Gift Card,Billing Dispute,en-IN,email,negative,high,Escalated,update_kYC,2025-11,20,0
E-commerce,Return,Late Delivery,en-IN,chat,negative,medium,Closed - No Action,apply_coupon,2025-11,2,0
Fintech,Insurance,Login Issue,en-IN,whatsapp,negative,medium,Closed - No Action,cancel_order,2025-10,21,0
E-commerce,Exchange,Late Delivery,en-IN,chat,positive,critical,Pending Customer,refund_status,2025-11,7,0
Travel,Voucher,Course Access,en-IN,in_app,negative,medium,Pending Vendor,reset_password,2025-11,9,0
E-commerce,Order,Payment Failure,en,in_app,negative,high,Escalated,activate_esim,2025-11,11,0
Telecom,Porting,App Crash,en,whatsapp,negative,high,Resolved,invoice_copy,2025-11,21,1
EdTech,Course,OTP Not Received,en-IN,whatsapp,positive,high,Escalated,download_report,2025-11,15,0
Travel,Hotel,Account Locked,en-IN,chat,positive,low,Escalated,reschedule_flight,2025-11,12,0
Telecom,International Pack,KYC Verification,en-IN,voice_transcript,neutral,high,Closed - No Action,invoice_copy,2025-11,11,0
FoodTech,Priority Delivery,OTP Not Received,en,whatsapp,negative,high,Resolved,book_appointment,2025-11,4,1
EdTech,Exam,Payment Failure,hi,in_app,negative,high,Escalated,download_report,2025-11,11,0
EdTech,Certificate,App Crash,hi,voice_transcript,positive,high,Pending Customer,reactivate_subscription,2025-11,21,0
E-commerce,Wallet,Service Not Activated,en,email,positive,critical,Resolved,reactivate_subscription,2025-11,22,1
E-commerce,Return,KYC Verification,hi,email,negative,critical,Pending Vendor,reactivate_subscription,2025-11,9,0
EdTech,Certificate,Payment Failure,en-IN,in_app,neutral,high,Resolved,change_plan,2025-11,21,1
Telecom,Porting,KYC Verification,en,email,neutral,critical,Pending Customer,activate_esim,2025-11,3,0
EdTech,Course,Billing Dispute,en,voice_transcript,negative,high,Pending Vendor,update_kYC,2025-11,2,0
E-commerce,Exchange,Login Issue,en,voice_transcript,positive,critical,Escalated,track_order,2025-11,13,0
E-commerce,Return,KYC Verification,en-IN,email,positive,medium,Escalated,activate_esim,2025-11,13,0
HealthTech,Prescription,Late Delivery,hi,email,neutral,medium,Closed - No Action,cancel_order,2025-11,18,0
SaaS,Analytics,Refund Delay,en-IN,email,negative,low,Resolved,change_plan,2025-11,16,1
Telecom,Porting,Account Locked,hi,voice_transcript,negative,medium,Escalated,book_appointment,2025-11,11,0
SaaS,Webhooks,Seat Change,en-IN,email,positive,medium,Pending Customer,activate_esim,2025-11,12,0
Telecom,eSIM,KYC Verification,en,in_app,positive,critical,Pending Vendor,reactivate_subscription,2025-11,19,0
FoodTech,Priority Delivery,Refund Delay,en-IN,in_app,negative,medium,Pending Customer,track_order,2025-11,21,0
HealthTech,Teleconsult,Refund Delay,en,email,neutral,high,Pending Customer,download_report,2025-11,22,0
E-commerce,Wallet,Wrong Item,en-IN,whatsapp,positive,low,Resolved,invoice_copy,2025-11,22,1
Telecom,Porting,Account Locked,en-IN,chat,negative,critical,Pending Customer,refund_status,2025-11,12,0
Fintech,Credit Card,OTP Not Received,en,voice_transcript,negative,high,Resolved,book_appointment,2025-11,0,1
Telecom,eSIM,Technical Bug,en-IN,whatsapp,neutral,critical,Pending Vendor,apply_coupon,2025-12,18,0
Fintech,FASTag,Technical Bug,en-IN,chat,negative,medium,Closed - No Action,cancel_order,2025-08,23,0
E-commerce,Wallet,Network Outage,hi,whatsapp,negative,medium,Pending Customer,download_report,2025-08,9,0
EdTech,Course,Billing Dispute,en,email,neutral,medium,Closed - No Action,reschedule_flight,2025-08,10,0
EdTech,Subscription,Technical Bug,hi,whatsapp,negative,high,Resolved,api_rate_limit,2025-08,8,1
HealthTech,Prescription,Late Delivery,en,whatsapp,neutral,medium,Resolved,reschedule_flight,2025-08,3,1
SaaS,Workspace,Refund Delay,hi,in_app,neutral,medium,Escalated,change_plan,2025-08,15,0
Travel,Bus,Account Locked,en,chat,positive,critical,Escalated,book_appointment,2025-08,13,0
Travel,Bus,Course Access,hi,email,negative,high,Pending Vendor,invoice_copy,2025-08,23,0
Telecom,4G Pack,Technical Bug,en-IN,in_app,negative,high,Escalated,book_appointment,2025-08,16,0
FoodTech,Partner Offer,Seat Change,en,in_app,neutral,critical,Resolved,apply_coupon,2025-08,6,1
HealthTech,Report,Account Locked,en-IN,email,neutral,critical,Resolved,api_rate_limit,2025-08,10,1
HealthTech,Teleconsult,Course Access,en,whatsapp,negative,critical,Closed - No Action,update_kYC,2025-08,5,0
E-commerce,Prime Delivery,KYC Verification,en-IN,whatsapp,negative,high,Closed - No Action,refund_status,2025-08,18,0
Telecom,Porting,KYC Verification,en,in_app,neutral,critical,Pending Customer,api_rate_limit,2025-08,19,0
Fintech,Credit Card,Late Delivery,en,chat,negative,critical,Escalated,refund_status,2025-08,18,0
Travel,Refund,Payment Failure,en,voice_transcript,neutral,high,Escalated,api_rate_limit,2025-08,17,0
Travel,Flight,App Crash,en,voice_transcript,negative,medium,Escalated,reschedule_flight,2025-08,5,0
FoodTech,Promo,Late Delivery,en-IN,chat,neutral,medium,Escalated,download_report,2025-08,6,0
EdTech,Assignment,Billing Dispute,en-IN,chat,positive,high,Pending Vendor,cancel_order,2025-08,9,0
SaaS,Workspace,Billing Dispute,hi,email,negative,high,Pending Customer,reschedule_flight,2025-08,21,0
Travel,Hotel,Course Access,hi,whatsapp,negative,critical,Pending Customer,apply_coupon,2025-08,19,0
SaaS,Analytics,Login Issue,en,chat,negative,critical,Pending Vendor,refund_status,2025-08,22,0
Fintech,Mutual Fund,Late Delivery,en-IN,voice_transcript,neutral,low,Pending Customer,invoice_copy,2025-08,12,0
HealthTech,Report,Wrong Item,hi,whatsapp,negative,critical,Closed - No Action,activate_esim,2025-08,15,0
Telecom,eSIM,Account Locked,en-IN,email,negative,medium,Pending Customer,cancel_order,2025-08,4,0
SaaS,SSO,Payment Failure,en,voice_transcript,negative,high,Escalated,reset_password,2025-08,11,0
Telecom,Roaming,KYC Verification,en,in_app,negative,high,Closed - No Action,update_kYC,2025-08,23,0
Travel,Cab,App Crash,en-IN,whatsapp,positive,critical,Escalated,reschedule_flight,2025-08,8,0
FoodTech,Wallet,App Crash,hi,in_app,negative,high,Escalated,refund_status,2025-09,23,0
E-commerce,Return,Payment Failure,en,chat,positive,medium,Escalated,api_rate_limit,2025-09,0,0
HealthTech,Insurance Claim,Wrong Item,hi,voice_transcript,negative,medium,Resolved,change_plan,2025-09,2,1
Fintech,Insurance,Account Locked,en,voice_transcript,negative,critical,Pending Customer,change_plan,2025-09,13,0
FoodTech,Priority Delivery,Login Issue,hi,in_app,positive,critical,Resolved,reset_password,2025-09,14,1
E-commerce,Wallet,Service Not Activated,en-IN,email,neutral,high,Pending Vendor,refund_status,2025-09,0,0
Fintech,Savings,Billing Dispute,hi,chat,neutral,high,Pending Vendor,reschedule_flight,2025-09,5,0
EdTech,Assignment,Payment Failure,en-IN,voice_transcript,negative,medium,Resolved,activate_esim,2025-09,10,1
Travel,Voucher,Account Locked,en,whatsapp,positive,high,Escalated,api_rate_limit,2025-09,20,0
SaaS,API,Course Access,hi,voice_transcript,neutral,medium,Pending Customer,change_plan,2025-09,9,0
Travel,Hotel,App Crash,en-IN,email,negative,low,Pending Vendor,refund_status,2025-09,20,0
SaaS,SSO,Wrong Item,en,voice_transcript,positive,critical,Pending Vendor,change_plan,2025-09,5,0
EdTech,Exam,Course Access,hi,chat,negative,high,Pending Vendor,update_kYC,2025-09,10,0
Travel,Hotel,Refund Delay,en-IN,voice_transcript,negative,medium,Closed - No Action,book_appointment,2025-09,21,0
Telecom,eSIM,Billing Dispute,en,in_app,negative,high,Closed - No Action,update_kYC,2025-09,17,0
Travel,Voucher,Wrong Item,hi,email,negative,high,Pending Vendor,cancel_order,2025-09,23,0
Travel,Bus,Late Delivery,en,in_app,negative,medium,Closed - No Action,apply_coupon,2025-09,18,0
Telecom,Porting,Login Issue,en,chat,negative,critical,Pending Customer,update_kYC,2025-09,2,0
EdTech,Mock Test,Seat Change,en,voice_transcript,negative,high,Resolved,book_appointment,2025-09,16,1
EdTech,Course,Technical Bug,en-IN,voice_transcript,neutral,medium,Closed - No Action,api_rate_limit,2025-09,12,0
Telecom,eSIM,Late Delivery,hi,whatsapp,positive,medium,Resolved,reschedule_flight,2025-09,8,1
Fintech,Mutual Fund,App Crash,en,chat,negative,medium,Pending Vendor,refund_status,2025-09,0,0
EdTech,Mock Test,Technical Bug,en,in_app,positive,high,Resolved,book_appointment,2025-09,14,1
Fintech,Credit Card,Seat Change,hi,voice_transcript,positive,high,Resolved,book_appointment,2025-09,22,1
E-commerce,Prime Delivery,OTP Not Received,hi,email,negative,medium,Pending Vendor,reschedule_flight,2025-09,6,0
HealthTech,Teleconsult,Late Delivery,en,email,negative,medium,Pending Customer,activate_esim,2025-09,12,0
FoodTech,Promo,Course Access,en-IN,in_app,positive,critical,Pending Customer,reactivate_subscription,2025-09,0,0
Telecom,Broadband,Login Issue,en,email,negative,medium,Pending Customer,reschedule_flight,2025-09,20,0
Fintech,UPI,Late Delivery,en-IN,email,neutral,medium,Escalated,apply_coupon,2025-09,8,0
Travel,Hotel,Network Outage,hi,email,negative,low,Pending Customer,refund_status,2025-09,18,0
E-commerce,Order,Billing Dispute,hi,email,negative,high,Resolved,download_report,2025-09,17,1
Travel,Voucher,Billing Dispute,en-IN,chat,negative,medium,Pending Customer,refund_status,2025-10,16,0
FoodTech,Order,Technical Bug,en,voice_transcript,negative,critical,Pending Customer,refund_status,2025-10,0,0
Travel,Refund,Technical Bug,hi,voice_transcript,negative,medium,Escalated,reactivate_subscription,2025-10,5,0
SaaS,SSO,App Crash,en-IN,voice_transcript,negative,low,Resolved,book_appointment,2025-10,13,1
SaaS,Webhooks,App Crash,en-IN,voice_transcript,negative,high,Escalated,book_appointment,2025-10,14,0
E-commerce,Coupon,Service Not Activated,hi,chat,positive,critical,Resolved,reset_password,2025-10,3,1
EdTech,Course,Refund Delay,en,whatsapp,positive,high,Resolved,download_report,2025-10,18,1
Telecom,5G Upgrade,Technical Bug,en-IN,in_app,positive,high,Closed - No Action,activate_esim,2025-10,6,0
E-commerce,Gift Card,Billing Dispute,hi,in_app,neutral,high,Escalated,refund_status,2025-10,11,0
HealthTech,Teleconsult,Course Access,hi,whatsapp,negative,low,Resolved,reactivate_subscription,2025-10,12,1
SaaS,API,Network Outage,en-IN,email,positive,critical,Closed - No Action,track_order,2025-10,0,0
Fintech,Loan,Late Delivery,en-IN,chat,negative,low,Pending Vendor,update_kYC,2025-10,18,0
E-commerce,Prime Delivery,Account Locked,en,chat,positive,high,Closed - No Action,book_appointment,2025-10,6,0
Telecom,4G Pack,Course Access,hi,in_app,negative,high,Closed - No Action,update_kYC,2025-10,16,0
Telecom,Porting,Course Access,en,whatsapp,neutral,medium,Resolved,reset_password,2025-10,19,1
FoodTech,Wallet,Billing Dispute,en,in_app,neutral,high,Pending Customer,track_order,2025-10,16,0
Telecom,International Pack,Course Access,en,whatsapp,negative,medium,Closed - No Action,reactivate_subscription,2025-10,4,0
Travel,Insurance,Course Access,en,voice_transcript,neutral,medium,Escalated,reactivate_subscription,2025-10,10,0
Travel,Voucher,KYC Verification,hi,chat,neutral,critical,Pending Customer,download_report,2025-10,11,0
FoodTech,Membership,Account Locked,en-IN,email,neutral,high,Resolved,refund_status,2025-10,19,1
HealthTech,Lab Test,App Crash,en-IN,in_app,positive,high,Pending Vendor,cancel_order,2025-10,21,0
FoodTech,Wallet,Late Delivery,en,email,neutral,low,Escalated,invoice_copy,2025-10,19,0
SaaS,Workspace,Service Not Activated,en,in_app,negative,high,Pending Customer,activate_esim,2025-10,17,0
SaaS,SSO,Technical Bug,hi,whatsapp,neutral,high,Pending Vendor,reactivate_subscription,2025-10,13,0
Fintech,Credit Card,App Crash,hi,voice_transcript,positive,high,Escalated,reset_password,2025-10,15,0
SaaS,API,App Crash,en,email,negative,high,Pending Vendor,update_kYC,2025-10,1,0
E-commerce,Coupon,KYC Verification,en,chat,negative,medium,Resolved,change_plan,2025-10,2,1
Travel,Voucher,Late Delivery,en,in_app,neutral,high,Pending Vendor,api_rate_limit,2025-10,15,0
Telecom,Roaming,OTP Not Received,en-IN,voice_transcript,negative,medium,Pending Vendor,api_rate_limit,2025-10,9,0
HealthTech,Prescription,KYC Verification,en,in_app,neutral,critical,Pending Customer,book_appointment,2025-10,15,0
Travel,Bus,App Crash,en-IN,in_app,neutral,low,Pending Vendor,update_kYC,2025-10,14,0
EdTech,Subscription,App Crash,hi,in_app,negative,high,Escalated,book_appointment,2025-11,20,0
SaaS,Workspace,Wrong Item,hi,voice_transcript,neutral,medium,Pending Customer,api_rate_limit,2025-10,16,0
Fintech,Mutual Fund,OTP Not Received,en,voice_transcript,neutral,high,Resolved,refund_status,2025-11,1,1
Travel,Cab,Course Access,en,whatsapp,neutral,critical,Escalated,reactivate_subscription,2025-11,16,0
Telecom,eSIM,Payment Failure,en,whatsapp,negative,high,Pending Customer,activate_esim,2025-11,10,0
Fintech,FASTag,Service Not Activated,en-IN,in_app,neutral,low,Escalated,track_order,2025-11,17,0
Telecom,International Pack,Course Access,en-IN,chat,neutral,low,Escalated,invoice_copy,2025-11,15,0
EdTech,Mock Test,App Crash,en-IN,voice_transcript,neutral,high,Escalated,api_rate_limit,2025-11,23,0
Travel,Voucher,OTP Not Received,en-IN,email,positive,critical,Pending Customer,apply_coupon,2025-11,15,0
SaaS,Analytics,Billing Dispute,en,whatsapp,neutral,high,Closed - No Action,reactivate_subscription,2025-11,0,0
EdTech,Career Track,Wrong Item,hi,in_app,positive,high,Escalated,change_plan,2025-11,10,0
HealthTech,Lab Test,KYC Verification,hi,in_app,negative,critical,Pending Vendor,download_report,2025-11,12,0
Fintech,Loan,OTP Not Received,en,voice_transcript,positive,high,Resolved,reset_password,2025-11,20,1
Fintech,Credit Card,Login Issue,hi,chat,neutral,medium,Closed - No Action,cancel_order,2025-11,2,0
Telecom,5G Upgrade,Late Delivery,en,voice_transcript,positive,high,Resolved,cancel_order,2025-11,8,1
Travel,Bus,Course Access,hi,email,positive,medium,Escalated,invoice_copy,2025-11,16,0
Travel,Voucher,Technical Bug,en,chat,negative,critical,Escalated,reactivate_subscription,2025-11,19,0
Fintech,UPI,Billing Dispute,hi,whatsapp,positive,high,Pending Vendor,reschedule_flight,2025-11,12,0
Telecom,5G Upgrade,Course Access,en,in_app,positive,high,Escalated,apply_coupon,2025-11,5,0
EdTech,Exam,KYC Verification,en,whatsapp,neutral,high,Pending Customer,reset_password,2025-11,4,0
E-commerce,Order,Seat Change,en,in_app,negative,critical,Resolved,download_report,2025-11,15,1
Telecom,5G Upgrade,Account Locked,en-IN,in_app,negative,medium,Pending Customer,refund_status,2025-11,8,0
Travel,Hotel,Wrong Item,en-IN,voice_transcript,negative,medium,Pending Vendor,apply_coupon,2025-11,15,0
Travel,Cab,Account Locked,en-IN,voice_transcript,neutral,low,Pending Customer,refund_status,2025-11,13,0
Travel,Cab,Refund Delay,en-IN,chat,negative,critical,Pending Vendor,track_order,2025-11,1,0
Travel,Insurance,Course Access,en,whatsapp,positive,medium,Closed - No Action,api_rate_limit,2025-11,22,0
SaaS,SSO,Login Issue,hi,email,neutral,medium,Closed - No Action,change_plan,2025-11,17,0
FoodTech,Partner Offer,Service Not Activated,hi,email,neutral,critical,Resolved,refund_status,2025-11,20,1
SaaS,API,Service Not Activated,en-IN,whatsapp,neutral,low,Resolved,change_plan,2025-11,16,1
FoodTech,Membership,Late Delivery,en-IN,whatsapp,positive,high,Escalated,track_order,2025-11,23,0
Telecom,Broadband,Login Issue,en-IN,whatsapp,negative,medium,Escalated,download_report,2025-08,17,0
Telecom,5G Upgrade,Refund Delay,hi,in_app,negative,medium,Resolved,invoice_copy,2025-08,5,1
Fintech,Loan,Late Delivery,hi,in_app,negative,medium,Resolved,change_plan,2025-08,6,1
SaaS,API,Network Outage,hi,email,neutral,medium,Resolved,download_report,2025-08,7,1
E-commerce,Exchange,App Crash,hi,whatsapp,negative,high,Pending Customer,download_report,2025-08,8,0
HealthTech,Prescription,Wrong Item,hi,chat,negative,medium,Resolved,apply_coupon,2025-08,3,1
SaaS,Billing,Account Locked,hi,voice_transcript,negative,critical,Resolved,refund_status,2025-08,2,1
E-commerce,Wallet,Refund Delay,hi,in_app,positive,high,Resolved,update_kYC,2025-08,10,1
SaaS,Audit Logs,Service Not Activated,hi,email,negative,high,Pending Vendor,download_report,2025-08,9,0
E-commerce,Exchange,Seat Change,hi,voice_transcript,negative,medium,Closed - No Action,download_report,2025-08,19,0
SaaS,Analytics,Network Outage,en-IN,email,negative,high,Resolved,api_rate_limit,2025-08,23,1
Fintech,Mutual Fund,OTP Not Received,hi,chat,negative,high,Resolved,update_kYC,2025-08,0,1
Travel,Insurance,Course Access,en-IN,in_app,positive,low,Pending Vendor,invoice_copy,2025-08,10,0
Travel,Voucher,Course Access,en-IN,whatsapp,negative,high,Pending Customer,activate_esim,2025-08,23,0
Telecom,International Pack,Refund Delay,en-IN,email,neutral,high,Pending Vendor,book_appointment,2025-08,20,0
HealthTech,Teleconsult,Login Issue,hi,email,negative,medium,Closed - No Action,apply_coupon,2025-08,12,0
Telecom,International Pack,Course Access,hi,email,negative,critical,Escalated,reset_password,2025-08,16,0
SaaS,Billing,Payment Failure,en,chat,negative,medium,Pending Customer,refund_status,2025-08,10,0
EdTech,Subscription,Service Not Activated,en-IN,email,positive,medium,Resolved,download_report,2025-08,1,1
Fintech,Credit Card,Login Issue,en,email,negative,low,Pending Customer,reset_password,2025-08,2,0
EdTech,Exam,Billing Dispute,hi,voice_transcript,neutral,high,Pending Vendor,book_appointment,2025-08,12,0
EdTech,Mock Test,Refund Delay,hi,email,neutral,high,Pending Vendor,api_rate_limit,2025-08,17,0
SaaS,Analytics,Course Access,en,voice_transcript,negative,low,Pending Customer,reset_password,2025-08,6,0
E-commerce,Wallet,Seat Change,en-IN,email,negative,medium,Closed - No Action,book_appointment,2025-08,16,0
Telecom,Porting,Technical Bug,hi,whatsapp,positive,medium,Resolved,reactivate_subscription,2025-08,9,1
Travel,Insurance,Seat Change,en,in_app,neutral,medium,Closed - No Action,change_plan,2025-08,13,0
Telecom,International Pack,App Crash,en,whatsapp,negative,high,Closed - No Action,activate_esim,2025-08,12,0
Fintech,Savings,Account Locked,en-IN,chat,negative,high,Escalated,reschedule_flight,2025-08,14,0
HealthTech,Teleconsult,Wrong Item,en,email,negative,low,Closed - No Action,invoice_copy,2025-08,16,0
Fintech,Loan,Wrong Item,en-IN,voice_transcript,negative,high,Pending Customer,apply_coupon,2025-08,17,0
SaaS,SSO,KYC Verification,hi,whatsapp,negative,high,Resolved,track_order,2025-09,6,1
Fintech,Insurance,Late Delivery,en-IN,voice_transcript,positive,medium,Pending Customer,reschedule_flight,2025-09,8,0
Telecom,International Pack,Payment Failure,en,voice_transcript,positive,critical,Resolved,invoice_copy,2025-09,13,1
HealthTech,Prescription,Seat Change,en-IN,chat,neutral,medium,Resolved,api_rate_limit,2025-09,4,1
Travel,Flight,Login Issue,en-IN,whatsapp,neutral,medium,Pending Customer,reactivate_subscription,2025-09,2,0
SaaS,Billing,OTP Not Received,en,whatsapp,positive,low,Escalated,apply_coupon,2025-09,13,0
Travel,Cab,App Crash,hi,email,neutral,low,Closed - No Action,track_order,2025-09,19,0
SaaS,API,Course Access,en-IN,whatsapp,positive,high,Closed - No Action,update_kYC,2025-09,21,0
SaaS,SSO,Wrong Item,hi,in_app,negative,critical,Pending Vendor,cancel_order,2025-09,9,0
Travel,Hotel,Wrong Item,en-IN,chat,negative,medium,Closed - No Action,book_appointment,2025-09,0,0
Telecom,Roaming,Login Issue,en-IN,in_app,negative,medium,Pending Customer,reset_password,2025-09,11,0
Telecom,4G Pack,Refund Delay,en-IN,email,neutral,high,Escalated,activate_esim,2025-09,1,0
EdTech,Assignment,OTP Not Received,hi,voice_transcript,neutral,high,Escalated,track_order,2025-09,19,0
Fintech,Mutual Fund,Refund Delay,en-IN,voice_transcript,neutral,high,Resolved,refund_status,2025-09,22,1
HealthTech,Teleconsult,App Crash,hi,email,neutral,low,Escalated,refund_status,2025-09,23,0
FoodTech,Wallet,Account Locked,en-IN,voice_transcript,negative,low,Pending Vendor,update_kYC,2025-09,8,0
SaaS,Webhooks,Login Issue,en,chat,neutral,high,Closed - No Action,track_order,2025-09,22,0
HealthTech,Teleconsult,Billing Dispute,en-IN,chat,neutral,medium,Closed - No Action,reschedule_flight,2025-09,8,0
Fintech,FASTag,KYC Verification,en,chat,neutral,high,Closed - No Action,change_plan,2025-09,6,0
Telecom,Broadband,Refund Delay,hi,whatsapp,negative,high,Escalated,cancel_order,2025-09,11,0
SaaS,Workspace,App Crash,en-IN,email,positive,medium,Pending Customer,download_report,2025-09,11,0
E-commerce,Wallet,Payment Failure,hi,whatsapp,negative,high,Resolved,reset_password,2025-09,11,1
SaaS,API,Seat Change,hi,chat,positive,high,Escalated,reset_password,2025-09,9,0
Telecom,5G Upgrade,KYC Verification,hi,email,negative,high,Pending Vendor,api_rate_limit,2025-09,14,0
FoodTech,Priority Delivery,Login Issue,en-IN,chat,negative,medium,Pending Vendor,apply_coupon,2025-09,0,0
EdTech,Mock Test,OTP Not Received,en,chat,neutral,critical,Pending Customer,change_plan,2025-09,6,0
E-commerce,Return,OTP Not Received,hi,voice_transcript,neutral,low,Resolved,reset_password,2025-09,23,1
Travel,Refund,Late Delivery,en,chat,negative,high,Escalated,book_appointment,2025-09,4,0
Travel,Bus,Account Locked,en-IN,in_app,neutral,high,Pending Vendor,apply_coupon,2025-09,4,0
Travel,Voucher,OTP Not Received,en-IN,chat,positive,low,Closed - No Action,book_appointment,2025-09,8,0
EdTech,Certificate,Late Delivery,en-IN,email,positive,medium,Escalated,invoice_copy,2025-10,1,0
Travel,Voucher,Account Locked,hi,whatsapp,positive,critical,Resolved,download_report,2025-10,18,1
EdTech,Mock Test,Payment Failure,en,email,negative,medium,Pending Customer,track_order,2025-10,22,0
Fintech,Savings,KYC Verification,en-IN,chat,neutral,low,Pending Vendor,api_rate_limit,2025-10,9,0
E-commerce,Coupon,Billing Dispute,en,in_app,positive,critical,Closed - No Action,refund_status,2025-10,15,0
EdTech,Subscription,KYC Verification,en,chat,positive,high,Pending Vendor,invoice_copy,2025-10,19,0
FoodTech,Priority Delivery,Seat Change,en,voice_transcript,neutral,critical,Pending Vendor,download_report,2025-10,19,0
FoodTech,Wallet,Wrong Item,hi,chat,negative,low,Resolved,reschedule_flight,2025-10,1,1
Fintech,FASTag,Course Access,en-IN,email,negative,medium,Pending Vendor,api_rate_limit,2025-10,19,0
Telecom,Roaming,Network Outage,en-IN,chat,neutral,medium,Resolved,update_kYC,2025-10,6,1
Telecom,Porting,Network Outage,en,email,neutral,high,Pending Customer,reschedule_flight,2025-10,13,0
Fintech,UPI,Refund Delay,en,chat,neutral,high,Pending Customer,invoice_copy,2025-10,1,0
FoodTech,Wallet,Course Access,en-IN,whatsapp,negative,low,Pending Customer,book_appointment,2025-10,0,0
EdTech,Exam,Login Issue,hi,in_app,negative,critical,Pending Vendor,book_appointment,2025-10,0,0
FoodTech,Membership,Late Delivery,en-IN,email,neutral,high,Closed - No Action,activate_esim,2025-10,15,0
Travel,Voucher,App Crash,en,in_app,neutral,medium,Escalated,reset_password,2025-10,11,0
HealthTech,Prescription,Billing Dispute,hi,voice_transcript,negative,high,Pending Vendor,track_order,2025-10,10,0
SaaS,Webhooks,Refund Delay,hi,voice_transcript,negative,high,Resolved,update_kYC,2025-10,10,1
Travel,Bus,Seat Change,hi,voice_transcript,negative,high,Pending Vendor,activate_esim,2025-10,20,0
SaaS,API,App Crash,en,chat,negative,medium,Pending Vendor,invoice_copy,2025-10,7,0
HealthTech,Appointment,Payment Failure,hi,whatsapp,neutral,high,Closed - No Action,book_appointment,2025-10,13,0
Fintech,Loan,Login Issue,en-IN,email,negative,low,Resolved,change_plan,2025-10,22,1
HealthTech,Insurance Claim,Payment Failure,en,chat,negative,high,Resolved,reactivate_subscription,2025-10,6,1
HealthTech,Prescription,Seat Change,hi,chat,negative,medium,Escalated,track_order,2025-10,6,0
Fintech,UPI,Login Issue,en,email,positive,high,Pending Customer,update_kYC,2025-10,18,0
HealthTech,Insurance Claim,Wrong Item,hi,email,positive,critical,Escalated,cancel_order,2025-10,2,0
SaaS,Billing,OTP Not Received,hi,whatsapp,positive,critical,Pending Vendor,reactivate_subscription,2025-10,9,0
SaaS,Billing,Refund Delay,en,in_app,neutral,critical,Escalated,activate_esim,2025-10,11,0
EdTech,Career Track,Course Access,en-IN,voice_transcript,positive,medium,Escalated,refund_status,2025-10,9,0
FoodTech,Priority Delivery,Account Locked,hi,chat,positive,medium,Pending Vendor,refund_status,2025-10,20,0
EdTech,Course,Billing Dispute,en,whatsapp,negative,critical,Closed - No Action,refund_status,2025-10,15,0
Travel,Refund,KYC Verification,en-IN,voice_transcript,neutral,critical,Escalated,cancel_order,2025-11,7,0
EdTech,Assignment,Refund Delay,en,email,negative,critical,Pending Customer,reset_password,2025-11,11,0
Telecom,Roaming,Billing Dispute,en-IN,voice_transcript,negative,low,Pending Vendor,reactivate_subscription,2025-11,10,0
SaaS,API,Login Issue,en,whatsapp,negative,low,Closed - No Action,apply_coupon,2025-11,11,0
FoodTech,Priority Delivery,Network Outage,en-IN,chat,neutral,medium,Closed - No Action,change_plan,2025-11,10,0
Travel,Hotel,Payment Failure,en,whatsapp,positive,high,Pending Customer,download_report,2025-11,10,0
Travel,Refund,Login Issue,en-IN,chat,neutral,high,Pending Vendor,update_kYC,2025-11,9,0
Travel,Insurance,Refund Delay,hi,email,positive,medium,Resolved,reset_password,2025-11,9,1
SaaS,Analytics,Wrong Item,hi,chat,positive,medium,Resolved,cancel_order,2025-11,15,1
HealthTech,Report,OTP Not Received,en-IN,voice_transcript,neutral,medium,Resolved,track_order,2025-11,0,1
EdTech,Subscription,Refund Delay,en,voice_transcript,neutral,medium,Escalated,reschedule_flight,2025-11,0,0
HealthTech,Teleconsult,Seat Change,hi,chat,neutral,high,Pending Customer,invoice_copy,2025-11,17,0
Fintech,FASTag,App Crash,en,chat,negative,medium,Escalated,invoice_copy,2025-11,5,0
Telecom,4G Pack,Payment Failure,hi,in_app,negative,high,Closed - No Action,book_appointment,2025-11,23,0
HealthTech,Insurance Claim,Account Locked,hi,voice_transcript,positive,critical,Pending Customer,cancel_order,2025-11,13,0
SaaS,Workspace,Network Outage,en,in_app,neutral,high,Closed - No Action,reschedule_flight,2025-11,14,0
SaaS,Billing,OTP Not Received,hi,chat,neutral,high,Resolved,download_report,2025-11,23,1
Travel,Cab,Seat Change,en-IN,whatsapp,neutral,high,Escalated,refund_status,2025-11,1,0
FoodTech,Wallet,KYC Verification,hi,chat,negative,medium,Pending Customer,invoice_copy,2025-11,3,0
Fintech,Loan,App Crash,en-IN,voice_transcript,negative,high,Resolved,reschedule_flight,2025-11,17,1
SaaS,Analytics,Course Access,hi,email,negative,high,Resolved,refund_status,2025-11,1,1
HealthTech,Prescription,App Crash,en-IN,email,neutral,critical,Closed - No Action,apply_coupon,2025-11,19,0
FoodTech,Refund,Seat Change,hi,email,neutral,critical,Escalated,reset_password,2025-11,8,0
Travel,Flight,OTP Not Received,en,voice_transcript,negative,high,Pending Vendor,book_appointment,2025-11,8,0
Travel,Voucher,Course Access,hi,chat,positive,high,Closed - No Action,reactivate_subscription,2025-11,21,0
Fintech,Insurance,Seat Change,en-IN,chat,neutral,low,Pending Customer,refund_status,2025-11,5,0
SaaS,Workspace,Refund Delay,en,chat,negative,high,Resolved,cancel_order,2025-11,0,1
EdTech,Career Track,App Crash,hi,in_app,neutral,high,Closed - No Action,refund_status,2025-11,4,0
Telecom,4G Pack,Refund Delay,en,whatsapp,negative,low,Pending Customer,invoice_copy,2025-12,4,0
SaaS,Workspace,Service Not Activated,hi,voice_transcript,positive,critical,Pending Vendor,track_order,2025-08,10,0
SaaS,Workspace,Late Delivery,en-IN,in_app,negative,high,Escalated,invoice_copy,2025-08,16,0
Telecom,5G Upgrade,OTP Not Received,en-IN,chat,negative,low,Escalated,download_report,2025-08,2,0
FoodTech,Wallet,OTP Not Received,en-IN,email,negative,medium,Pending Customer,reschedule_flight,2025-08,2,0
Fintech,Mutual Fund,Seat Change,en-IN,voice_transcript,neutral,medium,Pending Customer,invoice_copy,2025-08,10,0
Fintech,Credit Card,Account Locked,en,voice_transcript,neutral,low,Pending Customer,book_appointment,2025-08,8,0
HealthTech,Appointment,Seat Change,en,chat,positive,high,Closed - No Action,change_plan,2025-08,12,0
Fintech,Credit Card,Service Not Activated,hi,whatsapp,neutral,medium,Pending Customer,invoice_copy,2025-08,6,0
E-commerce,Prime Delivery,Late Delivery,en,email,negative,high,Pending Customer,invoice_copy,2025-08,1,0
E-commerce,Gift Card,Billing Dispute,en-IN,chat,positive,high,Resolved,apply_coupon,2025-08,19,1
E-commerce,Exchange,Late Delivery,en,chat,negative,low,Pending Vendor,cancel_order,2025-08,4,0
HealthTech,Insurance Claim,Account Locked,en,email,neutral,medium,Resolved,reset_password,2025-08,10,1
SaaS,Workspace,OTP Not Received,en-IN,in_app,negative,medium,Closed - No Action,apply_coupon,2025-08,13,0
EdTech,Mock Test,Account Locked,en,voice_transcript,positive,high,Resolved,refund_status,2025-08,15,1
Fintech,Insurance,KYC Verification,en-IN,email,negative,critical,Escalated,reactivate_subscription,2025-08,8,0
Travel,Flight,Service Not Activated,en-IN,in_app,positive,medium,Escalated,update_kYC,2025-08,5,0
HealthTech,Insurance Claim,Late Delivery,en,whatsapp,neutral,critical,Escalated,api_rate_limit,2025-08,5,0
E-commerce,Return,Course Access,hi,whatsapp,negative,high,Pending Vendor,update_kYC,2025-08,12,0
HealthTech,Prescription,KYC Verification,en-IN,in_app,negative,low,Closed - No Action,update_kYC,2025-08,16,0
Travel,Hotel,Refund Delay,hi,whatsapp,negative,high,Closed - No Action,book_appointment,2025-08,21,0
SaaS,Billing,Network Outage,hi,email,negative,high,Pending Customer,invoice_copy,2025-08,15,0
SaaS,Webhooks,Service Not Activated,en-IN,chat,positive,medium,Resolved,reset_password,2025-08,23,1
Telecom,eSIM,Payment Failure,hi,whatsapp,negative,high,Closed - No Action,change_plan,2025-08,19,0
Travel,Bus,App Crash,hi,in_app,neutral,critical,Resolved,apply_coupon,2025-08,1,1
Fintech,Mutual Fund,Network Outage,en,whatsapp,neutral,high,Escalated,reschedule_flight,2025-08,2,0
SaaS,Analytics,Late Delivery,hi,email,negative,critical,Escalated,reactivate_subscription,2025-08,16,0
FoodTech,Priority Delivery,Wrong Item,en,voice_transcript,negative,high,Closed - No Action,api_rate_limit,2025-08,4,0
Travel,Refund,Refund Delay,hi,whatsapp,neutral,medium,Closed - No Action,update_kYC,2025-08,1,0
SaaS,Audit Logs,Payment Failure,en-IN,in_app,neutral,high,Pending Vendor,invoice_copy,2025-08,19,0
EdTech,Mock Test,Wrong Item,en-IN,whatsapp,neutral,high,Resolved,reschedule_flight,2025-09,7,1
E-commerce,Exchange,Refund Delay,hi,email,negative,high,Closed - No Action,update_kYC,2025-09,20,0
Telecom,eSIM,Payment Failure,hi,chat,negative,medium,Closed - No Action,track_order,2025-09,8,0
Fintech,Mutual Fund,Account Locked,en,voice_transcript,negative,high,Pending Vendor,update_kYC,2025-09,14,0
Telecom,4G Pack,KYC Verification,hi,in_app,negative,low,Resolved,download_report,2025-09,9,1
FoodTech,Partner Offer,Refund Delay,hi,voice_transcript,positive,low,Pending Vendor,reactivate_subscription,2025-09,2,0
Travel,Voucher,Account Locked,en-IN,chat,neutral,medium,Pending Customer,apply_coupon,2025-09,14,0
Telecom,Broadband,Course Access,en-IN,voice_transcript,positive,medium,Escalated,api_rate_limit,2025-09,18,0
Telecom,Porting,Wrong Item,hi,email,negative,high,Closed - No Action,update_kYC,2025-09,7,0
E-commerce,Gift Card,Login Issue,en,voice_transcript,neutral,high,Pending Customer,change_plan,2025-09,11,0
Telecom,Broadband,Login Issue,en,in_app,negative,high,Pending Customer,book_appointment,2025-09,20,0
FoodTech,Membership,Late Delivery,en,chat,negative,high,Pending Customer,reschedule_flight,2025-09,23,0
Telecom,International Pack,Login Issue,hi,chat,neutral,high,Escalated,cancel_order,2025-09,14,0
Fintech,UPI,OTP Not Received,hi,chat,negative,high,Closed - No Action,reschedule_flight,2025-09,7,0
SaaS,SSO,OTP Not Received,en-IN,in_app,negative,high,Resolved,update_kYC,2025-09,4,1
E-commerce,Coupon,Network Outage,en,voice_transcript,positive,medium,Escalated,track_order,2025-09,23,0
HealthTech,Appointment,Network Outage,hi,whatsapp,negative,medium,Resolved,update_kYC,2025-09,20,1
HealthTech,Report,Network Outage,en-IN,voice_transcript,negative,critical,Pending Vendor,reschedule_flight,2025-09,18,0
HealthTech,Prescription,Payment Failure,hi,chat,negative,medium,Pending Vendor,update_kYC,2025-09,16,0
FoodTech,Partner Offer,Service Not Activated,en-IN,voice_transcript,negative,medium,Resolved,api_rate_limit,2025-09,8,1
SaaS,Workspace,Login Issue,en,chat,positive,critical,Closed - No Action,reschedule_flight,2025-09,17,0
EdTech,Career Track,Technical Bug,en-IN,email,neutral,high,Closed - No Action,activate_esim,2025-09,9,0
Travel,Refund,Billing Dispute,en-IN,in_app,positive,medium,Resolved,track_order,2025-09,0,1
Telecom,Porting,Network Outage,hi,whatsapp,neutral,critical,Pending Vendor,invoice_copy,2025-09,23,0
EdTech,Exam,Payment Failure,hi,email,positive,medium,Pending Customer,reactivate_subscription,2025-09,21,0
SaaS,Billing,Billing Dispute,en-IN,in_app,negative,high,Pending Vendor,book_appointment,2025-09,3,0
Telecom,Porting,Login Issue,en-IN,whatsapp,negative,medium,Pending Customer,update_kYC,2025-09,19,0
Fintech,UPI,Course Access,en,email,negative,critical,Resolved,activate_esim,2025-09,23,1
E-commerce,Order,OTP Not Received,en-IN,email,neutral,high,Resolved,refund_status,2025-09,19,1
Telecom,Broadband,Seat Change,hi,in_app,negative,medium,Resolved,invoice_copy,2025-10,0,1
HealthTech,Report,Billing Dispute,hi,whatsapp,negative,medium,Resolved,update_kYC,2025-10,3,1
EdTech,Certificate,KYC Verification,en,whatsapp,negative,low,Escalated,apply_coupon,2025-10,4,0
Fintech,Loan,KYC Verification,en,whatsapp,negative,low,Closed - No Action,reset_password,2025-10,0,0
SaaS,Billing,Account Locked,en-IN,voice_transcript,negative,high,Closed - No Action,book_appointment,2025-10,15,0
EdTech,Career Track,App Crash,en,voice_transcript,negative,high,Escalated,book_appointment,2025-10,23,0
FoodTech,Refund,Service Not Activated,hi,email,negative,medium,Escalated,cancel_order,2025-10,21,0
EdTech,Course,Seat Change,en-IN,chat,negative,high,Pending Customer,reschedule_flight,2025-10,6,0
SaaS,Workspace,Wrong Item,hi,email,negative,high,Pending Customer,change_plan,2025-10,13,0
Fintech,Savings,Late Delivery,en-IN,chat,negative,high,Resolved,reset_password,2025-10,16,1
Fintech,Loan,Payment Failure,en-IN,chat,negative,medium,Pending Vendor,api_rate_limit,2025-10,23,0
Fintech,Savings,Account Locked,en,in_app,negative,high,Pending Vendor,book_appointment,2025-10,16,0
SaaS,Workspace,Refund Delay,hi,email,neutral,medium,Pending Vendor,cancel_order,2025-10,13,0
SaaS,Audit Logs,KYC Verification,hi,email,negative,medium,Resolved,reactivate_subscription,2025-10,18,1
HealthTech,Prescription,Wrong Item,en,email,neutral,medium,Resolved,cancel_order,2025-10,21,1
Fintech,Loan,Course Access,hi,in_app,negative,critical,Pending Vendor,cancel_order,2025-10,11,0
EdTech,Subscription,Technical Bug,en-IN,whatsapp,negative,critical,Pending Customer,reset_password,2025-10,4,0
SaaS,Webhooks,Technical Bug,hi,chat,negative,critical,Escalated,update_kYC,2025-10,9,0
FoodTech,Membership,Late Delivery,hi,chat,neutral,high,Escalated,reactivate_subscription,2025-10,19,0
Telecom,4G Pack,Network Outage,hi,whatsapp,neutral,high,Escalated,invoice_copy,2025-10,15,0
SaaS,API,Course Access,en-IN,chat,negative,high,Escalated,download_report,2025-10,19,0
E-commerce,Prime Delivery,Wrong Item,en-IN,in_app,positive,low,Closed - No Action,reset_password,2025-10,2,0
SaaS,Billing,Late Delivery,en,voice_transcript,neutral,low,Resolved,reschedule_flight,2025-10,14,1
Telecom,4G Pack,Seat Change,en,whatsapp,positive,medium,Closed - No Action,apply_coupon,2025-10,12,0
Fintech,FASTag,Wrong Item,hi,email,negative,medium,Pending Vendor,activate_esim,2025-10,2,0
Telecom,4G Pack,Wrong Item,hi,in_app,neutral,critical,Pending Customer,book_appointment,2025-10,11,0
EdTech,Certificate,OTP Not Received,hi,chat,negative,medium,Pending Customer,track_order,2025-10,20,0
SaaS,Workspace,Login Issue,hi,chat,negative,high,Pending Customer,reset_password,2025-10,14,0
Telecom,4G Pack,Seat Change,en-IN,whatsapp,negative,critical,Escalated,update_kYC,2025-10,21,0
HealthTech,Report,Late Delivery,en,email,negative,critical,Escalated,reschedule_flight,2025-10,3,0
SaaS,Analytics,Seat Change,en,in_app,negative,high,Resolved,book_appointment,2025-10,12,1
FoodTech,Priority Delivery,Account Locked,en-IN,email,negative,critical,Closed - No Action,activate_esim,2025-10,19,0
Fintech,Credit Card,App Crash,en,whatsapp,negative,low,Pending Customer,book_appointment,2025-11,20,0
HealthTech,Insurance Claim,Course Access,en,email,negative,high,Pending Vendor,activate_esim,2025-10,12,0
FoodTech,Membership,Service Not Activated,en-IN,voice_transcript,positive,medium,Resolved,activate_esim,2025-11,1,1
FoodTech,Partner Offer,OTP Not Received,en-IN,whatsapp,negative,medium,Closed - No Action,refund_status,2025-11,20,0
SaaS,Audit Logs,Login Issue,en-IN,chat,negative,high,Resolved,refund_status,2025-11,11,1
Telecom,Broadband,Account Locked,hi,whatsapp,neutral,high,Escalated,activate_esim,2025-11,22,0
Telecom,Porting,Service Not Activated,en-IN,in_app,negative,low,Pending Customer,download_report,2025-11,8,0
Travel,Insurance,Refund Delay,hi,voice_transcript,neutral,critical,Pending Customer,cancel_order,2025-11,17,0
Telecom,eSIM,Billing Dispute,en,chat,neutral,high,Resolved,track_order,2025-11,15,1
Telecom,International Pack,OTP Not Received,en,email,neutral,high,Pending Customer,activate_esim,2025-11,6,0
Telecom,eSIM,Wrong Item,en-IN,email,neutral,high,Pending Customer,update_kYC,2025-11,18,0
FoodTech,Partner Offer,Technical Bug,en-IN,chat,neutral,high,Resolved,activate_esim,2025-11,14,1
EdTech,Subscription,Payment Failure,hi,voice_transcript,positive,high,Closed - No Action,invoice_copy,2025-11,16,0
HealthTech,Teleconsult,Course Access,en,in_app,negative,high,Resolved,api_rate_limit,2025-11,8,1
HealthTech,Insurance Claim,Refund Delay,en,email,negative,medium,Pending Vendor,update_kYC,2025-11,19,0
HealthTech,Teleconsult,Course Access,hi,in_app,positive,high,Pending Vendor,reset_password,2025-11,0,0
E-commerce,Coupon,App Crash,en,voice_transcript,negative,medium,Pending Vendor,cancel_order,2025-11,16,0
Fintech,Loan,App Crash,en-IN,voice_transcript,positive,low,Resolved,download_report,2025-11,5,1
Fintech,Loan,Account Locked,en-IN,in_app,negative,medium,Escalated,change_plan,2025-11,4,0
EdTech,Certificate,Payment Failure,hi,email,negative,high,Pending Customer,reschedule_flight,2025-11,22,0
SaaS,SSO,Payment Failure,en-IN,chat,neutral,high,Closed - No Action,reactivate_subscription,2025-11,1,0
Travel,Bus,Account Locked,en-IN,in_app,positive,medium,Resolved,update_kYC,2025-11,8,1
EdTech,Certificate,KYC Verification,en-IN,in_app,negative,high,Closed - No Action,api_rate_limit,2025-11,14,0
FoodTech,Partner Offer,Payment Failure,hi,chat,neutral,medium,Resolved,reactivate_subscription,2025-11,0,1
Fintech,Mutual Fund,Seat Change,en-IN,voice_transcript,negative,medium,Pending Customer,download_report,2025-11,8,0
Telecom,4G Pack,Service Not Activated,en,email,negative,medium,Resolved,change_plan,2025-11,22,1
FoodTech,Promo,Service Not Activated,en-IN,email,negative,high,Resolved,update_kYC,2025-11,3,1
Fintech,Savings,Seat Change,en,chat,negative,high,Closed - No Action,reset_password,2025-11,16,0
SaaS,Webhooks,Network Outage,hi,voice_transcript,neutral,critical,Resolved,cancel_order,2025-11,21,1
Travel,Bus,Network Outage,hi,whatsapp,neutral,medium,Pending Vendor,apply_coupon,2025-11,19,0
EdTech,Assignment,Account Locked,hi,voice_transcript,positive,high,Pending Vendor,change_plan,2025-08,21,0
SaaS,API,Course Access,en,chat,positive,high,Resolved,reset_password,2025-08,15,1
E-commerce,Exchange,KYC Verification,hi,email,positive,low,Pending Customer,refund_status,2025-08,5,0
EdTech,Career Track,Account Locked,en,email,positive,high,Pending Vendor,book_appointment,2025-08,0,0
HealthTech,Teleconsult,Service Not Activated,hi,voice_transcript,negative,critical,Pending Vendor,reschedule_flight,2025-08,7,0
E-commerce,Return,Course Access,en,voice_transcript,neutral,high,Closed - No Action,activate_esim,2025-08,23,0
SaaS,Audit Logs,Late Delivery,hi,chat,neutral,medium,Closed - No Action,invoice_copy,2025-08,9,0
Travel,Insurance,Technical Bug,en,email,positive,high,Pending Vendor,download_report,2025-08,19,0
FoodTech,Promo,OTP Not Received,en,in_app,positive,medium,Escalated,apply_coupon,2025-08,15,0
HealthTech,Teleconsult,Payment Failure,hi,in_app,neutral,medium,Escalated,api_rate_limit,2025-08,10,0
Fintech,UPI,Network Outage,hi,chat,negative,high,Pending Customer,invoice_copy,2025-08,19,0
Telecom,eSIM,OTP Not Received,en-IN,chat,neutral,high,Closed - No Action,activate_esim,2025-08,13,0
FoodTech,Wallet,Account Locked,en,email,negative,medium,Pending Vendor,update_kYC,2025-08,13,0
SaaS,Audit Logs,Technical Bug,en,in_app,positive,medium,Escalated,download_report,2025-08,11,0
EdTech,Exam,KYC Verification,en-IN,in_app,positive,high,Closed - No Action,reschedule_flight,2025-08,21,0
Telecom,eSIM,OTP Not Received,en-IN,in_app,neutral,high,Pending Vendor,refund_status,2025-08,1,0
HealthTech,Insurance Claim,Technical Bug,en-IN,voice_transcript,neutral,high,Closed - No Action,track_order,2025-08,19,0
EdTech,Mock Test,Network Outage,hi,in_app,neutral,medium,Pending Vendor,cancel_order,2025-08,16,0
EdTech,Certificate,App Crash,en,voice_transcript,positive,medium,Resolved,update_kYC,2025-08,16,1
EdTech,Career Track,KYC Verification,hi,in_app,negative,high,Pending Customer,book_appointment,2025-08,6,0
Telecom,5G Upgrade,App Crash,hi,email,neutral,critical,Closed - No Action,refund_status,2025-08,23,0
SaaS,Billing,Network Outage,en-IN,email,positive,high,Pending Customer,change_plan,2025-08,5,0
HealthTech,Prescription,Seat Change,en,chat,negative,critical,Resolved,reset_password,2025-08,16,1
Fintech,FASTag,KYC Verification,en-IN,whatsapp,neutral,high,Closed - No Action,reschedule_flight,2025-08,14,0
E-commerce,Exchange,Technical Bug,hi,whatsapp,neutral,high,Resolved,activate_esim,2025-08,18,1
HealthTech,Teleconsult,App Crash,en,voice_transcript,negative,medium,Escalated,track_order,2025-08,16,0
E-commerce,Coupon,App Crash,en-IN,in_app,neutral,critical,Pending Customer,refund_status,2025-08,1,0
Fintech,UPI,Payment Failure,hi,whatsapp,positive,high,Pending Vendor,track_order,2025-08,12,0
HealthTech,Lab Test,Course Access,en,whatsapp,positive,medium,Pending Customer,book_appointment,2025-08,21,0
Telecom,Roaming,Late Delivery,en-IN,chat,negative,high,Pending Customer,cancel_order,2025-08,17,0
Telecom,Porting,Seat Change,en,whatsapp,negative,medium,Pending Customer,book_appointment,2025-09,21,0
SaaS,Workspace,Login Issue,hi,email,negative,medium,Pending Vendor,refund_status,2025-09,18,0
Travel,Bus,Account Locked,en-IN,chat,positive,high,Pending Vendor,reschedule_flight,2025-09,18,0
Fintech,Mutual Fund,Seat Change,en,whatsapp,negative,high,Closed - No Action,update_kYC,2025-09,12,0
Travel,Bus,Late Delivery,en,email,positive,critical,Resolved,apply_coupon,2025-09,21,1
FoodTech,Priority Delivery,Refund Delay,hi,whatsapp,neutral,high,Pending Vendor,api_rate_limit,2025-09,18,0
HealthTech,Teleconsult,Course Access,en-IN,email,negative,critical,Pending Vendor,api_rate_limit,2025-09,11,0
FoodTech,Wallet,Course Access,hi,in_app,positive,medium,Escalated,change_plan,2025-09,11,0
FoodTech,Partner Offer,Billing Dispute,en-IN,chat,negative,medium,Pending Customer,refund_status,2025-09,9,0
EdTech,Mock Test,Seat Change,en-IN,in_app,neutral,critical,Resolved,download_report,2025-09,9,1
E-commerce,Exchange,Course Access,hi,email,positive,medium,Pending Vendor,download_report,2025-09,19,0
E-commerce,Return,Refund Delay,en,chat,negative,medium,Pending Vendor,cancel_order,2025-09,8,0
Fintech,Savings,Network Outage,en-IN,whatsapp,neutral,medium,Closed - No Action,download_report,2025-09,7,0
HealthTech,Insurance Claim,App Crash,en-IN,voice_transcript,negative,medium,Closed - No Action,apply_coupon,2025-09,10,0
HealthTech,Teleconsult,Course Access,hi,whatsapp,neutral,critical,Pending Vendor,change_plan,2025-09,11,0
Telecom,4G Pack,Service Not Activated,hi,chat,negative,low,Pending Customer,reschedule_flight,2025-09,0,0
E-commerce,Order,Late Delivery,hi,email,negative,high,Closed - No Action,track_order,2025-09,7,0
Fintech,Loan,Account Locked,hi,email,negative,high,Resolved,download_report,2025-09,12,1
Telecom,Porting,Technical Bug,en-IN,email,positive,high,Resolved,download_report,2025-09,3,1
FoodTech,Promo,Late Delivery,en-IN,in_app,neutral,critical,Pending Vendor,track_order,2025-09,13,0
HealthTech,Teleconsult,Payment Failure,en-IN,email,negative,high,Resolved,update_kYC,2025-09,21,1
E-commerce,Exchange,Course Access,hi,in_app,negative,critical,Pending Vendor,api_rate_limit,2025-09,11,0
SaaS,Audit Logs,App Crash,en-IN,in_app,negative,high,Escalated,invoice_copy,2025-09,6,0
SaaS,Audit Logs,KYC Verification,hi,in_app,negative,low,Resolved,api_rate_limit,2025-09,15,1
E-commerce,Gift Card,Network Outage,en,chat,negative,critical,Pending Customer,activate_esim,2025-09,13,0
HealthTech,Report,Payment Failure,en,chat,negative,critical,Pending Vendor,refund_status,2025-09,23,0
EdTech,Subscription,Seat Change,en-IN,chat,neutral,high,Escalated,track_order,2025-09,14,0
Fintech,Savings,App Crash,en,in_app,negative,critical,Closed - No Action,track_order,2025-09,15,0
Fintech,Credit Card,Account Locked,en,email,negative,critical,Pending Vendor,download_report,2025-09,14,0
EdTech,Course,Account Locked,en,email,neutral,high,Resolved,invoice_copy,2025-10,12,1
FoodTech,Partner Offer,KYC Verification,en-IN,in_app,neutral,high,Pending Vendor,book_appointment,2025-10,10,0
EdTech,Certificate,Network Outage,hi,chat,positive,critical,Escalated,track_order,2025-10,3,0
Travel,Insurance,Network Outage,en,email,negative,high,Closed - No Action,book_appointment,2025-10,6,0
Fintech,Insurance,OTP Not Received,hi,chat,neutral,medium,Pending Vendor,track_order,2025-10,15,0
HealthTech,Lab Test,Network Outage,en-IN,chat,negative,medium,Resolved,api_rate_limit,2025-10,9,1
SaaS,API,Service Not Activated,en-IN,chat,negative,high,Escalated,reschedule_flight,2025-10,0,0
Fintech,UPI,Technical Bug,en-IN,chat,negative,critical,Resolved,track_order,2025-10,21,1
Fintech,UPI,Refund Delay,en-IN,in_app,negative,critical,Pending Customer,api_rate_limit,2025-10,19,0
E-commerce,Wallet,Billing Dispute,en,in_app,negative,medium,Closed - No Action,download_report,2025-10,6,0
FoodTech,Wallet,Course Access,hi,in_app,positive,critical,Closed - No Action,invoice_copy,2025-10,18,0
HealthTech,Report,Technical Bug,hi,voice_transcript,neutral,high,Resolved,reschedule_flight,2025-10,9,1
HealthTech,Report,Seat Change,hi,email,positive,critical,Pending Customer,reschedule_flight,2025-10,14,0
Telecom,5G Upgrade,OTP Not Received,en,whatsapp,negative,high,Pending Vendor,api_rate_limit,2025-10,8,0
FoodTech,Wallet,Network Outage,hi,email,positive,high,Escalated,reset_password,2025-10,3,0
Telecom,4G Pack,Billing Dispute,en-IN,email,neutral,critical,Pending Vendor,change_plan,2025-10,4,0
Telecom,Porting,Login Issue,en-IN,email,negative,high,Resolved,reactivate_subscription,2025-10,20,1
Telecom,4G Pack,Service Not Activated,hi,voice_transcript,neutral,critical,Resolved,apply_coupon,2025-10,12,1
SaaS,Analytics,Technical Bug,hi,in_app,positive,low,Resolved,activate_esim,2025-10,20,1
E-commerce,Exchange,Login Issue,en,whatsapp,neutral,high,Pending Vendor,apply_coupon,2025-10,4,0
E-commerce,Order,Refund Delay,en,voice_transcript,neutral,high,Pending Customer,download_report,2025-10,19,0
HealthTech,Appointment,Refund Delay,hi,email,negative,high,Escalated,reactivate_subscription,2025-10,18,0
E-commerce,Return,Payment Failure,en,voice_transcript,negative,high,Resolved,reactivate_subscription,2025-10,6,1
Fintech,Mutual Fund,Login Issue,hi,whatsapp,negative,high,Pending Vendor,change_plan,2025-10,11,0
Travel,Refund,Technical Bug,hi,in_app,neutral,low,Resolved,cancel_order,2025-10,1,1
FoodTech,Wallet,Login Issue,en,email,neutral,high,Pending Customer,update_kYC,2025-10,1,0
SaaS,Webhooks,Account Locked,en-IN,whatsapp,positive,medium,Resolved,change_plan,2025-10,18,1
Fintech,Loan,Course Access,en,voice_transcript,neutral,low,Escalated,book_appointment,2025-10,19,0
Fintech,FASTag,Technical Bug,en,voice_transcript,negative,high,Closed - No Action,download_report,2025-10,22,0
FoodTech,Wallet,Wrong Item,hi,whatsapp,positive,critical,Closed - No Action,api_rate_limit,2025-10,2,0
EdTech,Mock Test,Refund Delay,hi,whatsapp,negative,high,Closed - No Action,reschedule_flight,2025-10,9,0
FoodTech,Membership,App Crash,en,voice_transcript,negative,medium,Pending Vendor,reset_password,2025-10,8,0
Telecom,5G Upgrade,Billing Dispute,en-IN,voice_transcript,positive,high,Resolved,download_report,2025-11,20,1
SaaS,Workspace,Billing Dispute,en,in_app,neutral,medium,Escalated,download_report,2025-11,4,0
Fintech,Savings,Refund Delay,en,email,neutral,high,Closed - No Action,apply_coupon,2025-11,5,0
EdTech,Course,Late Delivery,hi,in_app,negative,high,Pending Vendor,change_plan,2025-11,12,0
HealthTech,Lab Test,KYC Verification,en,chat,negative,medium,Pending Vendor,update_kYC,2025-11,12,0
Fintech,Credit Card,Network Outage,hi,voice_transcript,negative,high,Pending Customer,download_report,2025-11,21,0
FoodTech,Priority Delivery,OTP Not Received,en,in_app,neutral,medium,Closed - No Action,api_rate_limit,2025-11,16,0
Travel,Hotel,Late Delivery,en-IN,in_app,negative,high,Escalated,update_kYC,2025-11,5,0
SaaS,Analytics,Login Issue,en-IN,email,negative,medium,Pending Customer,activate_esim,2025-11,12,0
FoodTech,Refund,KYC Verification,en,in_app,negative,medium,Resolved,api_rate_limit,2025-11,23,1
SaaS,Billing,KYC Verification,en,whatsapp,negative,critical,Escalated,cancel_order,2025-11,4,0
HealthTech,Insurance Claim,Wrong Item,en-IN,email,positive,medium,Pending Vendor,update_kYC,2025-11,7,0
FoodTech,Refund,Refund Delay,en,whatsapp,neutral,low,Resolved,book_appointment,2025-11,20,1
EdTech,Certificate,KYC Verification,en,whatsapp,positive,high,Closed - No Action,book_appointment,2025-11,21,0
EdTech,Course,KYC Verification,en,email,neutral,critical,Pending Vendor,refund_status,2025-11,7,0
Telecom,4G Pack,App Crash,en-IN,voice_transcript,positive,low,Closed - No Action,reschedule_flight,2025-11,18,0
SaaS,Audit Logs,Refund Delay,en,in_app,neutral,critical,Pending Vendor,cancel_order,2025-11,18,0
FoodTech,Order,Technical Bug,hi,voice_transcript,negative,high,Closed - No Action,reset_password,2025-11,16,0
E-commerce,Return,Technical Bug,en-IN,whatsapp,negative,high,Pending Vendor,cancel_order,2025-11,0,0
HealthTech,Appointment,KYC Verification,hi,whatsapp,negative,critical,Pending Vendor,change_plan,2025-11,12,0
Telecom,4G Pack,Billing Dispute,hi,email,negative,high,Closed - No Action,invoice_copy,2025-11,14,0
Telecom,Roaming,OTP Not Received,hi,voice_transcript,positive,high,Closed - No Action,apply_coupon,2025-11,16,0
SaaS,API,Late Delivery,hi,whatsapp,positive,medium,Resolved,book_appointment,2025-11,7,1
HealthTech,Teleconsult,Course Access,en-IN,whatsapp,neutral,high,Escalated,api_rate_limit,2025-11,5,0
EdTech,Subscription,Payment Failure,hi,voice_transcript,neutral,high,Pending Vendor,download_report,2025-11,12,0
E-commerce,Exchange,OTP Not Received,en-IN,email,negative,high,Pending Vendor,change_plan,2025-11,5,0
HealthTech,Teleconsult,Network Outage,hi,in_app,positive,high,Resolved,api_rate_limit,2025-11,4,1
SaaS,Analytics,Billing Dispute,en,chat,negative,high,Escalated,api_rate_limit,2025-11,13,0
SaaS,Audit Logs,Login Issue,en,in_app,neutral,medium,Resolved,api_rate_limit,2025-11,8,1
EdTech,Exam,Wrong Item,en-IN,email,negative,medium,Pending Vendor,track_order,2025-08,23,0
HealthTech,Prescription,Network Outage,en-IN,in_app,negative,high,Pending Customer,reschedule_flight,2025-08,4,0
FoodTech,Membership,Payment Failure,hi,in_app,neutral,medium,Closed - No Action,api_rate_limit,2025-08,17,0
EdTech,Career Track,Refund Delay,en-IN,whatsapp,negative,high,Pending Vendor,invoice_copy,2025-08,12,0
E-commerce,Prime Delivery,Course Access,hi,chat,negative,high,Escalated,reset_password,2025-08,1,0
FoodTech,Priority Delivery,Account Locked,en-IN,whatsapp,positive,high,Resolved,download_report,2025-08,10,1
Telecom,Broadband,OTP Not Received,hi,email,positive,critical,Resolved,update_kYC,2025-08,2,1
Fintech,Savings,Account Locked,hi,email,negative,high,Resolved,download_report,2025-08,23,1
E-commerce,Return,Technical Bug,en,chat,neutral,high,Pending Vendor,apply_coupon,2025-08,14,0
Travel,Bus,Late Delivery,en,in_app,positive,medium,Pending Vendor,track_order,2025-08,0,0
Telecom,eSIM,KYC Verification,hi,whatsapp,neutral,low,Pending Vendor,activate_esim,2025-08,5,0
HealthTech,Report,Refund Delay,en-IN,chat,negative,critical,Pending Vendor,refund_status,2025-08,14,0
Fintech,Mutual Fund,Course Access,hi,whatsapp,positive,critical,Pending Vendor,download_report,2025-08,15,0
Fintech,Savings,Seat Change,en,in_app,neutral,medium,Resolved,activate_esim,2025-08,23,1
SaaS,Webhooks,Account Locked,en-IN,email,negative,high,Resolved,change_plan,2025-08,16,1
Telecom,eSIM,Refund Delay,en,in_app,positive,high,Pending Vendor,change_plan,2025-08,23,0
EdTech,Exam,Billing Dispute,en,chat,neutral,medium,Pending Vendor,change_plan,2025-08,21,0
Telecom,International Pack,Login Issue,en,email,negative,medium,Pending Vendor,book_appointment,2025-08,3,0
E-commerce,Prime Delivery,Technical Bug,en,chat,negative,high,Pending Customer,reschedule_flight,2025-08,6,0
E-commerce,Gift Card,Technical Bug,en-IN,whatsapp,negative,low,Closed - No Action,api_rate_limit,2025-08,12,0
EdTech,Subscription,Technical Bug,hi,email,negative,high,Resolved,refund_status,2025-08,7,1
Fintech,Savings,Login Issue,hi,whatsapp,negative,medium,Pending Customer,update_kYC,2025-08,17,0
EdTech,Subscription,Account Locked,en,voice_transcript,negative,critical,Escalated,refund_status,2025-08,21,0
Travel,Cab,Login Issue,en,in_app,negative,high,Escalated,reschedule_flight,2025-08,15,0
Telecom,Porting,Service Not Activated,en-IN,chat,negative,medium,Pending Vendor,invoice_copy,2025-08,11,0
SaaS,Billing,Refund Delay,en-IN,whatsapp,negative,medium,Escalated,apply_coupon,2025-08,2,0
Telecom,eSIM,Service Not Activated,en,whatsapp,negative,critical,Pending Vendor,reactivate_subscription,2025-08,8,0
EdTech,Assignment,Wrong Item,en,email,neutral,high,Escalated,change_plan,2025-08,5,0
E-commerce,Exchange,Network Outage,en-IN,in_app,positive,high,Resolved,reschedule_flight,2025-09,9,1
SaaS,SSO,Network Outage,hi,chat,neutral,medium,Pending Customer,api_rate_limit,2025-09,14,0
Travel,Bus,Wrong Item,hi,chat,positive,critical,Escalated,refund_status,2025-09,15,0
HealthTech,Lab Test,OTP Not Received,hi,voice_transcript,negative,medium,Closed - No Action,api_rate_limit,2025-09,13,0
Travel,Cab,Account Locked,en,email,neutral,medium,Closed - No Action,invoice_copy,2025-09,15,0
HealthTech,Appointment,Course Access,hi,chat,negative,medium,Escalated,cancel_order,2025-09,15,0
FoodTech,Wallet,Late Delivery,en-IN,whatsapp,neutral,high,Pending Vendor,refund_status,2025-09,7,0
EdTech,Course,Late Delivery,en-IN,email,neutral,high,Escalated,track_order,2025-09,22,0
Travel,Cab,Refund Delay,en-IN,email,positive,critical,Pending Customer,change_plan,2025-09,3,0
FoodTech,Membership,KYC Verification,en,chat,negative,low,Escalated,invoice_copy,2025-09,18,0
EdTech,Exam,Network Outage,en-IN,email,positive,critical,Resolved,reactivate_subscription,2025-09,13,1
SaaS,SSO,Login Issue,en,in_app,negative,medium,Closed - No Action,activate_esim,2025-09,6,0
FoodTech,Refund,Login Issue,hi,in_app,negative,high,Closed - No Action,apply_coupon,2025-09,23,0
Telecom,5G Upgrade,Refund Delay,en-IN,voice_transcript,neutral,medium,Pending Customer,reset_password,2025-09,18,0
HealthTech,Lab Test,Payment Failure,hi,voice_transcript,positive,low,Pending Customer,change_plan,2025-09,17,0
FoodTech,Partner Offer,KYC Verification,hi,chat,negative,medium,Pending Customer,change_plan,2025-09,6,0
Telecom,Porting,KYC Verification,hi,chat,neutral,high,Pending Vendor,reactivate_subscription,2025-09,23,0
HealthTech,Appointment,Billing Dispute,en-IN,chat,negative,high,Resolved,track_order,2025-09,22,1
E-commerce,Prime Delivery,Billing Dispute,hi,whatsapp,positive,critical,Resolved,apply_coupon,2025-09,21,1
Telecom,5G Upgrade,Login Issue,hi,whatsapp,negative,high,Pending Customer,update_kYC,2025-09,5,0
E-commerce,Return,Seat Change,en,voice_transcript,negative,medium,Resolved,change_plan,2025-09,8,1
Travel,Hotel,Course Access,en-IN,email,negative,low,Pending Vendor,download_report,2025-09,19,0
EdTech,Assignment,Late Delivery,hi,in_app,neutral,medium,Pending Vendor,download_report,2025-09,15,0
Fintech,UPI,Course Access,en-IN,whatsapp,neutral,medium,Resolved,download_report,2025-09,22,1
FoodTech,Promo,Seat Change,hi,chat,negative,high,Resolved,api_rate_limit,2025-09,12,1
SaaS,Audit Logs,Service Not Activated,hi,chat,neutral,critical,Pending Customer,api_rate_limit,2025-09,18,0
HealthTech,Lab Test,Wrong Item,en,whatsapp,negative,medium,Pending Customer,refund_status,2025-09,9,0
Telecom,Broadband,Technical Bug,hi,whatsapp,positive,medium,Escalated,reschedule_flight,2025-09,7,0
FoodTech,Priority Delivery,App Crash,en-IN,whatsapp,neutral,medium,Resolved,change_plan,2025-09,6,1
E-commerce,Prime Delivery,Technical Bug,hi,in_app,negative,medium,Pending Customer,activate_esim,2025-09,22,0
FoodTech,Membership,KYC Verification,en,chat,neutral,high,Escalated,update_kYC,2025-09,16,0
Telecom,5G Upgrade,Seat Change,en,voice_transcript,negative,medium,Pending Customer,activate_esim,2025-10,10,0
FoodTech,Wallet,Late Delivery,hi,voice_transcript,positive,high,Pending Vendor,change_plan,2025-10,21,0
EdTech,Exam,OTP Not Received,en,in_app,positive,high,Pending Vendor,change_plan,2025-10,17,0
Travel,Voucher,KYC Verification,en,chat,negative,medium,Pending Vendor,book_appointment,2025-10,0,0
HealthTech,Appointment,Service Not Activated,hi,email,neutral,high,Pending Customer,reset_password,2025-10,2,0
Travel,Flight,Account Locked,en-IN,chat,negative,high,Pending Vendor,reset_password,2025-10,14,0
Telecom,Roaming,Service Not Activated,en,email,positive,high,Resolved,reset_password,2025-10,23,1
Telecom,5G Upgrade,App Crash,en,voice_transcript,positive,critical,Pending Vendor,change_plan,2025-10,10,0
HealthTech,Report,Late Delivery,hi,in_app,positive,high,Closed - No Action,apply_coupon,2025-10,14,0
FoodTech,Partner Offer,OTP Not Received,en-IN,email,negative,critical,Closed - No Action,api_rate_limit,2025-10,20,0
Travel,Bus,Login Issue,hi,chat,neutral,medium,Resolved,download_report,2025-10,7,1
EdTech,Mock Test,Login Issue,en-IN,whatsapp,positive,high,Pending Vendor,download_report,2025-10,16,0
Telecom,4G Pack,Network Outage,hi,chat,negative,high,Pending Customer,reschedule_flight,2025-10,10,0
E-commerce,Return,KYC Verification,hi,chat,neutral,high,Pending Vendor,apply_coupon,2025-10,20,0
HealthTech,Appointment,OTP Not Received,en,in_app,negative,critical,Pending Vendor,reactivate_subscription,2025-10,8,0
Travel,Flight,Wrong Item,en-IN,chat,neutral,high,Resolved,api_rate_limit,2025-10,13,1
Fintech,Insurance,Wrong Item,hi,whatsapp,negative,high,Closed - No Action,change_plan,2025-10,22,0
Telecom,Porting,Late Delivery,en,voice_transcript,negative,critical,Closed - No Action,update_kYC,2025-10,18,0
EdTech,Certificate,Wrong Item,en-IN,in_app,negative,critical,Closed - No Action,reset_password,2025-10,8,0
E-commerce,Return,Wrong Item,en-IN,email,neutral,high,Closed - No Action,reset_password,2025-10,23,0
HealthTech,Insurance Claim,Technical Bug,hi,voice_transcript,positive,critical,Escalated,reset_password,2025-10,22,0
E-commerce,Coupon,Wrong Item,en-IN,chat,neutral,medium,Pending Customer,api_rate_limit,2025-10,21,0
SaaS,Billing,Billing Dispute,hi,voice_transcript,positive,low,Pending Vendor,refund_status,2025-10,23,0
SaaS,Analytics,Wrong Item,en-IN,email,negative,medium,Escalated,change_plan,2025-10,8,0
HealthTech,Appointment,Technical Bug,en-IN,chat,negative,high,Resolved,change_plan,2025-10,0,1
Telecom,5G Upgrade,App Crash,en-IN,in_app,positive,medium,Resolved,download_report,2025-10,10,1
Travel,Cab,OTP Not Received,en-IN,voice_transcript,neutral,high,Escalated,apply_coupon,2025-10,19,0
FoodTech,Wallet,Billing Dispute,en-IN,whatsapp,negative,high,Closed - No Action,api_rate_limit,2025-10,2,0
Travel,Hotel,Wrong Item,en-IN,in_app,neutral,high,Resolved,track_order,2025-10,11,1
FoodTech,Order,Service Not Activated,en,whatsapp,neutral,medium,Resolved,download_report,2025-11,8,1
HealthTech,Report,Payment Failure,en,voice_transcript,negative,high,Pending Vendor,refund_status,2025-11,15,0
FoodTech,Membership,Course Access,hi,chat,positive,high,Resolved,download_report,2025-11,21,1
EdTech,Mock Test,Service Not Activated,hi,whatsapp,negative,low,Closed - No Action,download_report,2025-11,5,0
Fintech,Credit Card,Course Access,hi,email,negative,high,Resolved,reschedule_flight,2025-11,14,1
SaaS,API,Login Issue,en-IN,whatsapp,negative,high,Pending Customer,download_report,2025-11,21,0
Fintech,UPI,Service Not Activated,hi,whatsapp,negative,high,Pending Customer,reset_password,2025-11,22,0
SaaS,Audit Logs,Login Issue,en-IN,voice_transcript,negative,critical,Closed - No Action,book_appointment,2025-11,5,0
FoodTech,Promo,OTP Not Received,hi,email,negative,high,Pending Customer,reset_password,2025-11,17,0
FoodTech,Priority Delivery,Refund Delay,hi,chat,neutral,high,Escalated,invoice_copy,2025-11,18,0
Fintech,Credit Card,App Crash,en-IN,whatsapp,negative,high,Resolved,download_report,2025-11,13,1
Telecom,4G Pack,OTP Not Received,en-IN,chat,negative,high,Closed - No Action,apply_coupon,2025-11,1,0
E-commerce,Return,Technical Bug,en-IN,email,negative,critical,Escalated,api_rate_limit,2025-11,23,0
Fintech,Savings,Technical Bug,hi,chat,neutral,medium,Resolved,download_report,2025-11,11,1
Telecom,Broadband,KYC Verification,hi,voice_transcript,negative,high,Closed - No Action,refund_status,2025-11,4,0
Fintech,Loan,Network Outage,hi,in_app,neutral,high,Pending Customer,reset_password,2025-11,18,0
Fintech,Credit Card,OTP Not Received,hi,email,positive,critical,Pending Vendor,change_plan,2025-11,15,0
Fintech,Insurance,Account Locked,hi,email,neutral,medium,Closed - No Action,api_rate_limit,2025-11,9,0
FoodTech,Priority Delivery,OTP Not Received,en-IN,email,negative,medium,Resolved,book_appointment,2025-11,1,1
Telecom,Porting,App Crash,en,voice_transcript,negative,medium,Resolved,cancel_order,2025-11,4,1
SaaS,Webhooks,Login Issue,hi,in_app,positive,medium,Pending Customer,invoice_copy,2025-11,1,0
Travel,Flight,Payment Failure,hi,whatsapp,negative,medium,Escalated,refund_status,2025-11,14,0
E-commerce,Wallet,Service Not Activated,en,in_app,neutral,high,Closed - No Action,book_appointment,2025-11,20,0
EdTech,Course,Technical Bug,hi,whatsapp,negative,low,Pending Vendor,track_order,2025-11,8,0
HealthTech,Report,Late Delivery,en-IN,voice_transcript,neutral,low,Resolved,book_appointment,2025-11,11,1
FoodTech,Wallet,Technical Bug,en-IN,in_app,neutral,medium,Closed - No Action,refund_status,2025-11,9,0
SaaS,Billing,App Crash,en-IN,in_app,negative,high,Resolved,reset_password,2025-11,2,1
EdTech,Career Track,Payment Failure,en-IN,whatsapp,negative,medium,Escalated,download_report,2025-11,2,0
Telecom,Porting,Refund Delay,en-IN,email,positive,high,Closed - No Action,refund_status,2025-11,9,0
EdTech,Assignment,Refund Delay,en-IN,email,positive,medium,Pending Customer,activate_esim,2025-11,18,0
Travel,Voucher,Course Access,hi,in_app,negative,critical,Pending Customer,book_appointment,2025-11,0,0
HealthTech,Prescription,Wrong Item,en-IN,email,negative,critical,Escalated,reschedule_flight,2025-11,10,0
FoodTech,Order,Course Access,en-IN,chat,negative,high,Pending Customer,reschedule_flight,2025-08,4,0
SaaS,Analytics,Course Access,en-IN,in_app,positive,high,Pending Customer,download_report,2025-08,8,0
Travel,Hotel,Account Locked,en,in_app,positive,high,Pending Vendor,reactivate_subscription,2025-08,0,0
Travel,Insurance,Seat Change,en-IN,voice_transcript,negative,medium,Closed - No Action,update_kYC,2025-08,9,0
FoodTech,Refund,Seat Change,hi,whatsapp,negative,high,Pending Customer,invoice_copy,2025-08,0,0
Telecom,Porting,KYC Verification,hi,in_app,negative,high,Pending Customer,track_order,2025-08,7,0
FoodTech,Promo,Wrong Item,hi,whatsapp,negative,medium,Escalated,reactivate_subscription,2025-08,10,0
SaaS,Analytics,Service Not Activated,hi,whatsapp,positive,critical,Resolved,change_plan,2025-08,10,1
Telecom,4G Pack,Billing Dispute,en-IN,in_app,negative,critical,Closed - No Action,activate_esim,2025-08,2,0
FoodTech,Promo,App Crash,hi,whatsapp,negative,medium,Escalated,apply_coupon,2025-08,21,0
Fintech,Insurance,Course Access,hi,whatsapp,negative,medium,Resolved,change_plan,2025-08,6,1
HealthTech,Insurance Claim,Wrong Item,hi,email,negative,medium,Resolved,refund_status,2025-08,17,1
EdTech,Assignment,Account Locked,hi,whatsapp,negative,high,Escalated,book_appointment,2025-08,6,0
HealthTech,Appointment,Billing Dispute,hi,voice_transcript,negative,high,Pending Customer,download_report,2025-08,13,0
Travel,Cab,Login Issue,en,email,negative,high,Escalated,reactivate_subscription,2025-08,18,0
FoodTech,Refund,KYC Verification,hi,chat,neutral,high,Escalated,cancel_order,2025-08,17,0
EdTech,Subscription,Technical Bug,en,whatsapp,negative,medium,Pending Customer,activate_esim,2025-08,21,0
Telecom,Broadband,Billing Dispute,en,whatsapp,neutral,medium,Pending Customer,reset_password,2025-08,4,0
HealthTech,Report,Refund Delay,hi,in_app,negative,high,Closed - No Action,invoice_copy,2025-08,7,0
FoodTech,Refund,KYC Verification,en-IN,voice_transcript,neutral,high,Resolved,reactivate_subscription,2025-08,3,1
HealthTech,Prescription,Billing Dispute,en,chat,positive,low,Resolved,cancel_order,2025-08,6,1
Travel,Refund,Refund Delay,en-IN,email,negative,high,Pending Vendor,download_report,2025-08,18,0
Telecom,4G Pack,Seat Change,hi,in_app,negative,high,Pending Vendor,cancel_order,2025-08,7,0
EdTech,Career Track,Wrong Item,en,whatsapp,neutral,low,Escalated,refund_status,2025-08,14,0
SaaS,SSO,Service Not Activated,en-IN,email,neutral,critical,Escalated,api_rate_limit,2025-08,15,0
Telecom,5G Upgrade,Payment Failure,en-IN,email,negative,critical,Pending Vendor,reactivate_subscription,2025-08,11,0
Fintech,FASTag,App Crash,hi,chat,neutral,low,Escalated,reset_password,2025-08,5,0
HealthTech,Insurance Claim,Payment Failure,en-IN,email,neutral,high,Closed - No Action,invoice_copy,2025-08,5,0
EdTech,Assignment,Course Access,en,whatsapp,positive,critical,Closed - No Action,reactivate_subscription,2025-08,11,0
EdTech,Assignment,Billing Dispute,en-IN,chat,positive,medium,Resolved,refund_status,2025-09,2,1
HealthTech,Prescription,Account Locked,hi,chat,positive,low,Closed - No Action,change_plan,2025-08,18,0
Telecom,5G Upgrade,Wrong Item,en,voice_transcript,negative,medium,Pending Vendor,apply_coupon,2025-09,10,0
E-commerce,Coupon,Account Locked,hi,in_app,positive,high,Escalated,apply_coupon,2025-09,20,0
E-commerce,Exchange,KYC Verification,en,email,positive,critical,Escalated,update_kYC,2025-09,5,0
E-commerce,Order,OTP Not Received,hi,email,negative,high,Resolved,track_order,2025-09,22,1
Telecom,5G Upgrade,OTP Not Received,en,whatsapp,negative,high,Resolved,download_report,2025-09,23,1
SaaS,Workspace,OTP Not Received,en-IN,in_app,neutral,medium,Closed - No Action,reschedule_flight,2025-09,8,0
Fintech,Credit Card,Payment Failure,hi,voice_transcript,neutral,medium,Closed - No Action,track_order,2025-09,10,0
Fintech,Loan,Wrong Item,en-IN,whatsapp,neutral,critical,Escalated,invoice_copy,2025-09,23,0
SaaS,Analytics,Service Not Activated,en,in_app,neutral,high,Resolved,change_plan,2025-09,18,1
Telecom,5G Upgrade,Course Access,en-IN,chat,positive,high,Pending Customer,track_order,2025-09,16,0
E-commerce,Prime Delivery,Service Not Activated,hi,chat,negative,medium,Resolved,invoice_copy,2025-09,10,1
FoodTech,Partner Offer,KYC Verification,en-IN,whatsapp,neutral,medium,Pending Vendor,reschedule_flight,2025-09,9,0
EdTech,Mock Test,Network Outage,en,voice_transcript,negative,high,Resolved,activate_esim,2025-09,18,1
FoodTech,Promo,OTP Not Received,en-IN,email,negative,high,Pending Vendor,refund_status,2025-09,6,0
FoodTech,Promo,Account Locked,en,chat,positive,high,Pending Vendor,apply_coupon,2025-09,22,0
E-commerce,Order,Wrong Item,en-IN,in_app,negative,high,Closed - No Action,reactivate_subscription,2025-09,22,0
Telecom,Broadband,KYC Verification,en-IN,voice_transcript,neutral,critical,Closed - No Action,cancel_order,2025-09,8,0
Telecom,Porting,Network Outage,en-IN,chat,positive,medium,Escalated,cancel_order,2025-09,20,0
Travel,Flight,Login Issue,en-IN,whatsapp,neutral,high,Resolved,track_order,2025-09,2,1
EdTech,Career Track,Technical Bug,en-IN,chat,negative,medium,Escalated,update_kYC,2025-09,6,0
Travel,Hotel,Refund Delay,hi,chat,neutral,critical,Closed - No Action,track_order,2025-09,14,0
Telecom,International Pack,Account Locked,hi,whatsapp,neutral,low,Pending Customer,reset_password,2025-09,1,0
Fintech,Loan,Login Issue,en,email,neutral,critical,Pending Vendor,download_report,2025-09,22,0
HealthTech,Teleconsult,Billing Dispute,en,whatsapp,neutral,low,Resolved,book_appointment,2025-09,10,1
EdTech,Certificate,Account Locked,hi,whatsapp,neutral,high,Pending Vendor,apply_coupon,2025-09,6,0
Fintech,Mutual Fund,Course Access,en,chat,neutral,low,Pending Vendor,reschedule_flight,2025-09,4,0
SaaS,Webhooks,Course Access,en,in_app,negative,high,Closed - No Action,cancel_order,2025-09,10,0
HealthTech,Report,KYC Verification,hi,email,positive,high,Closed - No Action,change_plan,2025-09,21,0
FoodTech,Membership,Technical Bug,en,voice_transcript,negative,high,Closed - No Action,activate_esim,2025-10,12,0
Travel,Hotel,Late Delivery,en,email,negative,high,Escalated,refund_status,2025-10,4,0
SaaS,API,Payment Failure,hi,voice_transcript,neutral,critical,Resolved,apply_coupon,2025-10,19,1
Fintech,Insurance,Refund Delay,en-IN,voice_transcript,neutral,low,Pending Customer,reschedule_flight,2025-10,11,0
Telecom,Roaming,Technical Bug,en-IN,voice_transcript,negative,high,Escalated,download_report,2025-10,16,0
SaaS,Audit Logs,Payment Failure,hi,in_app,negative,high,Resolved,activate_esim,2025-10,13,1
Travel,Voucher,Network Outage,en,voice_transcript,positive,high,Escalated,change_plan,2025-10,11,0
SaaS,SSO,Seat Change,hi,voice_transcript,positive,critical,Resolved,activate_esim,2025-10,17,1
E-commerce,Gift Card,Service Not Activated,en-IN,in_app,negative,low,Resolved,activate_esim,2025-10,8,1
Travel,Voucher,Account Locked,en-IN,voice_transcript,negative,medium,Resolved,track_order,2025-10,22,1
Travel,Bus,Account Locked,en-IN,whatsapp,neutral,high,Resolved,cancel_order,2025-10,6,1
FoodTech,Wallet,Course Access,en-IN,whatsapp,negative,medium,Escalated,invoice_copy,2025-10,4,0
EdTech,Course,Technical Bug,en,voice_transcript,negative,critical,Pending Customer,reschedule_flight,2025-10,16,0
SaaS,Webhooks,Late Delivery,en,in_app,neutral,high,Pending Vendor,download_report,2025-10,10,0
Fintech,Mutual Fund,Technical Bug,en-IN,in_app,negative,high,Resolved,change_plan,2025-10,7,1
EdTech,Mock Test,Service Not Activated,hi,chat,positive,high,Escalated,reactivate_subscription,2025-10,10,0
Telecom,International Pack,Billing Dispute,hi,in_app,positive,critical,Pending Customer,apply_coupon,2025-10,7,0
SaaS,Workspace,Seat Change,en,voice_transcript,neutral,medium,Resolved,book_appointment,2025-10,13,1
EdTech,Career Track,Refund Delay,hi,voice_transcript,negative,high,Resolved,track_order,2025-10,16,1
Telecom,Porting,Login Issue,hi,in_app,negative,medium,Closed - No Action,api_rate_limit,2025-10,17,0
HealthTech,Lab Test,Payment Failure,en-IN,in_app,positive,high,Escalated,track_order,2025-10,10,0
HealthTech,Lab Test,Service Not Activated,en-IN,in_app,negative,high,Pending Customer,apply_coupon,2025-10,0,0
EdTech,Career Track,Login Issue,en,chat,positive,critical,Closed - No Action,refund_status,2025-10,13,0
SaaS,Analytics,Login Issue,en-IN,in_app,negative,low,Pending Customer,book_appointment,2025-10,12,0
HealthTech,Report,OTP Not Received,en,whatsapp,negative,high,Resolved,track_order,2025-10,13,1
Fintech,Mutual Fund,Course Access,en,chat,neutral,critical,Resolved,refund_status,2025-10,23,1
HealthTech,Lab Test,Course Access,hi,in_app,positive,high,Pending Vendor,download_report,2025-10,8,0
EdTech,Exam,Payment Failure,en,voice_transcript,neutral,high,Closed - No Action,activate_esim,2025-10,9,0
HealthTech,Insurance Claim,Billing Dispute,en-IN,voice_transcript,negative,critical,Closed - No Action,apply_coupon,2025-10,14,0
Travel,Hotel,OTP Not Received,en-IN,chat,negative,high,Pending Customer,reschedule_flight,2025-10,5,0
SaaS,Analytics,Billing Dispute,en-IN,in_app,negative,medium,Resolved,reschedule_flight,2025-11,15,1
FoodTech,Order,Network Outage,en-IN,voice_transcript,negative,critical,Closed - No Action,reactivate_subscription,2025-11,2,0
Fintech,UPI,Wrong Item,en,email,negative,medium,Pending Customer,apply_coupon,2025-11,3,0
HealthTech,Insurance Claim,Technical Bug,hi,email,neutral,critical,Pending Customer,reset_password,2025-11,1,0
Telecom,Broadband,Service Not Activated,en-IN,in_app,neutral,medium,Pending Vendor,track_order,2025-11,0,0
Fintech,Loan,Late Delivery,en,voice_transcript,positive,high,Resolved,reactivate_subscription,2025-11,0,1
FoodTech,Promo,Late Delivery,en,chat,neutral,high,Escalated,reset_password,2025-11,6,0
FoodTech,Partner Offer,Late Delivery,en-IN,email,negative,low,Pending Vendor,reschedule_flight,2025-11,21,0
Telecom,Porting,OTP Not Received,en-IN,email,negative,high,Pending Customer,activate_esim,2025-11,0,0
EdTech,Exam,KYC Verification,en-IN,in_app,negative,medium,Pending Customer,apply_coupon,2025-11,10,0
SaaS,SSO,Wrong Item,en,in_app,negative,critical,Resolved,apply_coupon,2025-11,2,1
HealthTech,Prescription,Billing Dispute,en-IN,email,neutral,medium,Escalated,refund_status,2025-11,9,0
Fintech,Mutual Fund,Wrong Item,hi,in_app,neutral,medium,Closed - No Action,api_rate_limit,2025-11,11,0
FoodTech,Order,OTP Not Received,hi,voice_transcript,neutral,high,Closed - No Action,reschedule_flight,2025-11,16,0
HealthTech,Prescription,Service Not Activated,en-IN,voice_transcript,negative,high,Pending Vendor,activate_esim,2025-11,13,0
E-commerce,Order,KYC Verification,en-IN,voice_transcript,neutral,medium,Closed - No Action,track_order,2025-11,0,0
Fintech,UPI,Late Delivery,en-IN,chat,neutral,critical,Pending Vendor,invoice_copy,2025-11,0,0
HealthTech,Prescription,KYC Verification,en,whatsapp,positive,critical,Pending Customer,update_kYC,2025-11,2,0
Fintech,UPI,OTP Not Received,hi,in_app,positive,medium,Closed - No Action,reactivate_subscription,2025-11,6,0
FoodTech,Priority Delivery,Account Locked,hi,voice_transcript,neutral,high,Escalated,refund_status,2025-11,18,0
SaaS,Billing,KYC Verification,en-IN,in_app,negative,low,Pending Vendor,activate_esim,2025-11,11,0
SaaS,SSO,Course Access,hi,email,neutral,high,Resolved,reactivate_subscription,2025-11,4,1
E-commerce,Return,Service Not Activated,hi,voice_transcript,negative,medium,Resolved,refund_status,2025-11,21,1
Fintech,Savings,Wrong Item,en-IN,whatsapp,negative,high,Pending Customer,refund_status,2025-11,10,0
Telecom,Roaming,Wrong Item,en-IN,in_app,negative,high,Closed - No Action,cancel_order,2025-11,8,0
SaaS,Analytics,Seat Change,en,voice_transcript,negative,medium,Pending Vendor,reschedule_flight,2025-11,3,0
EdTech,Career Track,Technical Bug,en-IN,chat,neutral,high,Escalated,invoice_copy,2025-11,1,0
Travel,Hotel,Payment Failure,hi,email,negative,low,Escalated,download_report,2025-11,22,0
Telecom,Broadband,App Crash,hi,in_app,negative,high,Resolved,track_order,2025-11,18,1
E-commerce,Exchange,OTP Not Received,en,voice_transcript,negative,critical,Closed - No Action,reactivate_subscription,2025-11,5,0
Fintech,Loan,KYC Verification,hi,in_app,neutral,medium,Resolved,refund_status,2025-11,18,1
Fintech,Insurance,Network Outage,hi,voice_transcript,negative,medium,Resolved,activate_esim,2025-08,8,1
E-commerce,Order,KYC Verification,en,whatsapp,negative,critical,Closed - No Action,activate_esim,2025-08,2,0
Telecom,Broadband,Wrong Item,en-IN,chat,neutral,critical,Closed - No Action,download_report,2025-08,16,0
Fintech,Insurance,Service Not Activated,en-IN,email,neutral,high,Pending Vendor,download_report,2025-08,0,0
SaaS,Workspace,OTP Not Received,hi,in_app,negative,high,Pending Customer,download_report,2025-08,14,0
EdTech,Career Track,Billing Dispute,en-IN,email,positive,medium,Pending Vendor,download_report,2025-08,1,0
HealthTech,Appointment,Payment Failure,en,chat,neutral,high,Closed - No Action,reschedule_flight,2025-08,19,0
HealthTech,Lab Test,Account Locked,en-IN,email,negative,medium,Pending Customer,change_plan,2025-08,4,0
Travel,Voucher,Payment Failure,en-IN,email,neutral,low,Resolved,api_rate_limit,2025-08,23,1
E-commerce,Prime Delivery,Seat Change,en-IN,in_app,neutral,critical,Resolved,reset_password,2025-08,4,1
E-commerce,Wallet,Seat Change,en-IN,in_app,negative,medium,Pending Vendor,api_rate_limit,2025-08,5,0
Fintech,Insurance,Seat Change,en-IN,whatsapp,neutral,medium,Pending Vendor,refund_status,2025-08,0,0
FoodTech,Order,Service Not Activated,en-IN,whatsapp,neutral,high,Pending Vendor,download_report,2025-08,11,0
SaaS,API,Billing Dispute,en-IN,in_app,negative,low,Closed - No Action,api_rate_limit,2025-08,19,0
HealthTech,Insurance Claim,Login Issue,hi,in_app,negative,high,Closed - No Action,reactivate_subscription,2025-08,9,0
E-commerce,Exchange,OTP Not Received,hi,voice_transcript,negative,critical,Escalated,update_kYC,2025-08,15,0
HealthTech,Teleconsult,KYC Verification,en,chat,neutral,medium,Resolved,activate_esim,2025-08,21,1
SaaS,API,Late Delivery,en-IN,voice_transcript,negative,medium,Pending Vendor,cancel_order,2025-08,1,0
EdTech,Subscription,KYC Verification,en,voice_transcript,negative,high,Escalated,download_report,2025-08,20,0
EdTech,Mock Test,App Crash,hi,email,negative,low,Closed - No Action,reset_password,2025-08,11,0
FoodTech,Wallet,Billing Dispute,hi,in_app,negative,medium,Escalated,reset_password,2025-08,0,0
Telecom,Roaming,Network Outage,en-IN,voice_transcript,positive,medium,Pending Vendor,api_rate_limit,2025-08,17,0
EdTech,Certificate,Billing Dispute,en-IN,email,neutral,medium,Pending Customer,refund_status,2025-08,10,0
EdTech,Exam,Wrong Item,en-IN,email,negative,high,Escalated,refund_status,2025-08,5,0
HealthTech,Lab Test,Account Locked,en-IN,email,neutral,critical,Escalated,apply_coupon,2025-08,10,0
HealthTech,Report,OTP Not Received,en,voice_transcript,negative,low,Pending Customer,track_order,2025-08,18,0
HealthTech,Insurance Claim,KYC Verification,en-IN,in_app,negative,high,Resolved,book_appointment,2025-08,8,1
Telecom,International Pack,Account Locked,en-IN,chat,positive,critical,Escalated,track_order,2025-08,23,0
SaaS,SSO,OTP Not Received,en,whatsapp,neutral,medium,Pending Customer,api_rate_limit,2025-09,21,0
Travel,Hotel,Network Outage,en,chat,negative,medium,Closed - No Action,refund_status,2025-08,7,0
Telecom,Roaming,Seat Change,en,whatsapp,negative,high,Pending Customer,track_order,2025-09,20,0
E-commerce,Exchange,Network Outage,hi,in_app,neutral,low,Pending Vendor,book_appointment,2025-09,8,0
E-commerce,Return,Payment Failure,hi,in_app,negative,medium,Pending Vendor,apply_coupon,2025-09,7,0
E-commerce,Return,Service Not Activated,hi,voice_transcript,neutral,high,Pending Customer,reschedule_flight,2025-09,17,0
Travel,Refund,Service Not Activated,hi,email,neutral,high,Pending Vendor,book_appointment,2025-09,17,0
FoodTech,Wallet,Account Locked,en-IN,in_app,positive,high,Escalated,apply_coupon,2025-09,18,0
Telecom,5G Upgrade,Seat Change,hi,email,negative,high,Closed - No Action,download_report,2025-09,12,0
Telecom,Roaming,App Crash,hi,email,negative,medium,Escalated,book_appointment,2025-09,17,0
Fintech,Insurance,Payment Failure,en-IN,email,neutral,medium,Pending Customer,download_report,2025-09,9,0
FoodTech,Promo,KYC Verification,en-IN,chat,negative,medium,Pending Vendor,refund_status,2025-09,9,0
SaaS,API,Account Locked,en,voice_transcript,positive,high,Closed - No Action,reset_password,2025-09,14,0
Travel,Insurance,Network Outage,en-IN,in_app,neutral,high,Pending Customer,track_order,2025-09,1,0
Fintech,UPI,Seat Change,en,in_app,negative,low,Pending Vendor,activate_esim,2025-09,10,0
SaaS,SSO,KYC Verification,en-IN,chat,negative,medium,Closed - No Action,reset_password,2025-09,14,0
EdTech,Course,Billing Dispute,en,chat,positive,high,Pending Customer,cancel_order,2025-09,15,0
FoodTech,Partner Offer,Technical Bug,hi,whatsapp,neutral,critical,Pending Customer,reactivate_subscription,2025-09,22,0
SaaS,Billing,App Crash,hi,in_app,negative,high,Pending Vendor,activate_esim,2025-09,2,0
Travel,Cab,Seat Change,en-IN,email,negative,high,Escalated,reset_password,2025-09,6,0
Fintech,Insurance,Billing Dispute,hi,in_app,neutral,medium,Pending Customer,reset_password,2025-09,12,0
Fintech,Loan,Network Outage,hi,email,positive,medium,Pending Customer,reactivate_subscription,2025-09,10,0
HealthTech,Teleconsult,Payment Failure,hi,chat,negative,medium,Closed - No Action,reschedule_flight,2025-09,19,0
FoodTech,Order,App Crash,en,email,negative,medium,Pending Customer,download_report,2025-09,22,0
HealthTech,Prescription,Course Access,hi,chat,negative,high,Escalated,invoice_copy,2025-09,17,0
EdTech,Certificate,Wrong Item,en-IN,voice_transcript,neutral,high,Pending Vendor,invoice_copy,2025-09,10,0
E-commerce,Return,Late Delivery,en,voice_transcript,positive,high,Escalated,reschedule_flight,2025-09,13,0
E-commerce,Wallet,Billing Dispute,hi,whatsapp,neutral,high,Escalated,update_kYC,2025-09,12,0
EdTech,Exam,Wrong Item,en-IN,chat,negative,low,Pending Vendor,reschedule_flight,2025-09,13,0
Fintech,Mutual Fund,Login Issue,en-IN,chat,negative,medium,Escalated,reschedule_flight,2025-09,3,0
Telecom,4G Pack,OTP Not Received,en,voice_transcript,neutral,critical,Pending Customer,update_kYC,2025-09,19,0
HealthTech,Insurance Claim,Login Issue,en,whatsapp,negative,medium,Closed - No Action,api_rate_limit,2025-10,14,0
SaaS,API,Wrong Item,en,in_app,positive,high,Resolved,reset_password,2025-10,16,1
FoodTech,Order,Refund Delay,hi,email,negative,medium,Escalated,track_order,2025-10,15,0
FoodTech,Priority Delivery,Login Issue,hi,whatsapp,positive,high,Resolved,cancel_order,2025-10,4,1
EdTech,Course,Login Issue,en-IN,email,negative,high,Pending Customer,reschedule_flight,2025-10,23,0
SaaS,Audit Logs,Refund Delay,hi,email,negative,medium,Pending Vendor,download_report,2025-10,4,0
FoodTech,Priority Delivery,Account Locked,en,in_app,neutral,high,Resolved,activate_esim,2025-10,5,1
Telecom,Roaming,Wrong Item,en-IN,chat,neutral,medium,Escalated,apply_coupon,2025-10,22,0
SaaS,API,OTP Not Received,en-IN,voice_transcript,positive,high,Escalated,update_kYC,2025-10,20,0
FoodTech,Priority Delivery,Billing Dispute,hi,voice_transcript,neutral,high,Resolved,reactivate_subscription,2025-10,20,1
FoodTech,Wallet,Account Locked,hi,in_app,neutral,low,Pending Customer,download_report,2025-10,10,0
Fintech,Mutual Fund,Billing Dispute,en-IN,in_app,negative,low,Closed - No Action,reactivate_subscription,2025-10,2,0
FoodTech,Order,Wrong Item,en,voice_transcript,negative,medium,Closed - No Action,reset_password,2025-10,1,0
FoodTech,Promo,Network Outage,hi,email,neutral,critical,Escalated,reschedule_flight,2025-10,5,0
SaaS,Webhooks,Seat Change,en-IN,chat,positive,medium,Closed - No Action,apply_coupon,2025-10,14,0
Fintech,Loan,KYC Verification,en-IN,voice_transcript,negative,low,Resolved,invoice_copy,2025-10,13,1
E-commerce,Order,Technical Bug,hi,whatsapp,negative,low,Pending Vendor,update_kYC,2025-10,8,0
FoodTech,Promo,Account Locked,en,chat,positive,critical,Closed - No Action,apply_coupon,2025-10,14,0
SaaS,Billing,Refund Delay,en-IN,whatsapp,negative,low,Pending Vendor,cancel_order,2025-10,14,0
Travel,Insurance,Payment Failure,en,in_app,neutral,high,Pending Customer,cancel_order,2025-10,21,0
EdTech,Certificate,Wrong Item,en-IN,email,neutral,high,Escalated,reactivate_subscription,2025-10,4,0
EdTech,Subscription,Refund Delay,en-IN,in_app,negative,critical,Escalated,download_report,2025-10,8,0
FoodTech,Partner Offer,KYC Verification,en,in_app,positive,high,Closed - No Action,invoice_copy,2025-10,7,0
EdTech,Subscription,App Crash,hi,in_app,negative,medium,Closed - No Action,reset_password,2025-10,21,0
Telecom,5G Upgrade,Payment Failure,hi,whatsapp,positive,low,Resolved,change_plan,2025-10,19,1
Telecom,International Pack,KYC Verification,en-IN,whatsapp,negative,high,Pending Vendor,book_appointment,2025-10,2,0
FoodTech,Order,Wrong Item,en,chat,negative,high,Escalated,book_appointment,2025-10,4,0
Telecom,5G Upgrade,Billing Dispute,en-IN,in_app,negative,high,Pending Customer,download_report,2025-10,19,0
SaaS,Workspace,Refund Delay,hi,email,negative,medium,Pending Vendor,book_appointment,2025-10,16,0
EdTech,Course,Billing Dispute,hi,in_app,neutral,high,Escalated,book_appointment,2025-11,3,0
HealthTech,Appointment,Service Not Activated,hi,chat,positive,high,Pending Customer,update_kYC,2025-11,22,0
EdTech,Course,App Crash,en,whatsapp,positive,critical,Pending Customer,reset_password,2025-11,11,0
Telecom,eSIM,OTP Not Received,hi,chat,neutral,critical,Pending Customer,download_report,2025-11,15,0
Travel,Voucher,Seat Change,en-IN,in_app,neutral,medium,Resolved,reset_password,2025-11,23,1
EdTech,Course,Wrong Item,en-IN,email,negative,high,Pending Customer,activate_esim,2025-11,12,0
EdTech,Mock Test,Wrong Item,en-IN,whatsapp,negative,medium,Pending Vendor,activate_esim,2025-11,7,0
HealthTech,Appointment,Account Locked,en,chat,negative,low,Resolved,refund_status,2025-11,8,1
Fintech,Mutual Fund,OTP Not Received,hi,in_app,positive,medium,Resolved,activate_esim,2025-11,6,1
Telecom,4G Pack,App Crash,hi,email,positive,critical,Escalated,reset_password,2025-11,21,0
EdTech,Assignment,KYC Verification,en,whatsapp,negative,medium,Pending Vendor,book_appointment,2025-11,0,0
FoodTech,Membership,Service Not Activated,en-IN,whatsapp,positive,high,Closed - No Action,track_order,2025-11,6,0
SaaS,Workspace,App Crash,en-IN,in_app,negative,medium,Pending Customer,book_appointment,2025-11,21,0
Travel,Voucher,Course Access,en,in_app,positive,medium,Pending Customer,update_kYC,2025-11,6,0
E-commerce,Order,Technical Bug,en-IN,chat,negative,high,Pending Customer,track_order,2025-11,16,0
Telecom,International Pack,Service Not Activated,en-IN,chat,negative,critical,Pending Vendor,cancel_order,2025-11,12,0
E-commerce,Prime Delivery,Wrong Item,en-IN,whatsapp,positive,high,Closed - No Action,book_appointment,2025-11,11,0
Travel,Refund,KYC Verification,hi,in_app,positive,high,Escalated,refund_status,2025-11,20,0
EdTech,Course,Late Delivery,hi,in_app,negative,high,Pending Vendor,download_report,2025-11,10,0
Telecom,Roaming,Course Access,en-IN,email,neutral,critical,Pending Customer,refund_status,2025-11,6,0
E-commerce,Gift Card,Account Locked,en-IN,in_app,neutral,critical,Closed - No Action,cancel_order,2025-11,21,0
HealthTech,Lab Test,Course Access,en-IN,email,negative,medium,Escalated,reschedule_flight,2025-11,21,0
EdTech,Exam,Account Locked,hi,whatsapp,negative,high,Pending Customer,cancel_order,2025-11,15,0
Telecom,4G Pack,Seat Change,hi,whatsapp,negative,high,Resolved,track_order,2025-11,8,1
Travel,Voucher,Billing Dispute,hi,whatsapp,neutral,low,Resolved,change_plan,2025-11,0,1
HealthTech,Report,Late Delivery,hi,in_app,neutral,high,Pending Vendor,change_plan,2025-11,9,0
E-commerce,Wallet,OTP Not Received,en-IN,voice_transcript,neutral,high,Closed - No Action,activate_esim,2025-11,21,0
Fintech,Insurance,Service Not Activated,en,chat,negative,high,Pending Customer,book_appointment,2025-11,2,0
Telecom,Broadband,Service Not Activated,en-IN,whatsapp,neutral,high,Resolved,track_order,2025-11,2,1
HealthTech,Insurance Claim,Refund Delay,hi,chat,positive,medium,Closed - No Action,track_order,2025-11,19,0
HealthTech,Report,Wrong Item,en,whatsapp,positive,low,Pending Vendor,invoice_copy,2025-11,3,0
SaaS,Analytics,Refund Delay,en,whatsapp,positive,high,Pending Vendor,invoice_copy,2025-11,21,0
Telecom,Roaming,Technical Bug,hi,chat,negative,medium,Resolved,book_appointment,2025-08,14,1
HealthTech,Prescription,Billing Dispute,en,whatsapp,neutral,high,Escalated,book_appointment,2025-08,3,0
FoodTech,Wallet,App Crash,hi,email,positive,high,Pending Vendor,api_rate_limit,2025-08,21,0
Telecom,Porting,OTP Not Received,hi,voice_transcript,negative,high,Closed - No Action,refund_status,2025-08,8,0
E-commerce,Prime Delivery,Technical Bug,en-IN,in_app,negative,medium,Closed - No Action,reactivate_subscription,2025-08,17,0
EdTech,Mock Test,Billing Dispute,en,in_app,positive,medium,Escalated,apply_coupon,2025-08,0,0
FoodTech,Wallet,Late Delivery,en-IN,whatsapp,negative,medium,Closed - No Action,refund_status,2025-08,6,0
E-commerce,Exchange,KYC Verification,en,voice_transcript,negative,high,Escalated,refund_status,2025-08,10,0
FoodTech,Partner Offer,Wrong Item,en-IN,chat,negative,high,Escalated,api_rate_limit,2025-08,10,0
SaaS,Workspace,Login Issue,hi,chat,neutral,medium,Pending Vendor,change_plan,2025-08,7,0
EdTech,Exam,App Crash,en-IN,email,negative,medium,Escalated,activate_esim,2025-08,22,0
E-commerce,Return,Network Outage,en-IN,in_app,negative,high,Resolved,change_plan,2025-08,19,1
HealthTech,Prescription,Refund Delay,en-IN,chat,negative,critical,Pending Vendor,refund_status,2025-08,1,0
HealthTech,Insurance Claim,KYC Verification,en-IN,voice_transcript,neutral,medium,Closed - No Action,download_report,2025-08,6,0
Fintech,Loan,App Crash,en,voice_transcript,negative,medium,Resolved,activate_esim,2025-08,10,1
HealthTech,Appointment,Late Delivery,hi,in_app,negative,critical,Escalated,reset_password,2025-08,3,0
Telecom,4G Pack,KYC Verification,en-IN,in_app,neutral,high,Pending Vendor,change_plan,2025-08,6,0
E-commerce,Return,Account Locked,en,in_app,negative,critical,Closed - No Action,reset_password,2025-08,16,0
HealthTech,Lab Test,Network Outage,en-IN,whatsapp,negative,critical,Closed - No Action,cancel_order,2025-08,17,0
E-commerce,Gift Card,KYC Verification,hi,chat,neutral,medium,Pending Vendor,activate_esim,2025-08,16,0
Fintech,Insurance,KYC Verification,hi,whatsapp,neutral,high,Escalated,refund_status,2025-08,5,0
Telecom,International Pack,KYC Verification,en,chat,positive,high,Escalated,reschedule_flight,2025-08,20,0
SaaS,Audit Logs,OTP Not Received,en,in_app,negative,medium,Escalated,refund_status,2025-08,17,0
Fintech,Savings,Login Issue,en-IN,in_app,positive,low,Closed - No Action,reset_password,2025-08,22,0
Fintech,UPI,Payment Failure,hi,email,neutral,high,Resolved,update_kYC,2025-08,20,1
Telecom,5G Upgrade,App Crash,en-IN,email,negative,medium,Resolved,reactivate_subscription,2025-08,9,1
SaaS,Webhooks,Late Delivery,hi,chat,negative,medium,Pending Customer,book_appointment,2025-08,17,0
Telecom,eSIM,Service Not Activated,hi,voice_transcript,negative,medium,Escalated,book_appointment,2025-09,5,0
SaaS,Billing,Technical Bug,en,chat,neutral,medium,Escalated,book_appointment,2025-09,19,0
Fintech,FASTag,KYC Verification,hi,whatsapp,negative,low,Closed - No Action,book_appointment,2025-08,12,0
Fintech,Mutual Fund,Billing Dispute,hi,email,neutral,medium,Pending Vendor,change_plan,2025-09,11,0
FoodTech,Membership,Payment Failure,en,email,positive,critical,Escalated,update_kYC,2025-09,10,0
E-commerce,Order,OTP Not Received,en,email,negative,critical,Resolved,download_report,2025-09,7,1
E-commerce,Exchange,Account Locked,en-IN,voice_transcript,neutral,critical,Pending Customer,update_kYC,2025-09,19,0
Travel,Insurance,Late Delivery,en-IN,in_app,neutral,medium,Pending Customer,reset_password,2025-09,15,0
FoodTech,Refund,Seat Change,en,voice_transcript,negative,medium,Closed - No Action,activate_esim,2025-09,4,0
E-commerce,Prime Delivery,Seat Change,hi,voice_transcript,negative,critical,Closed - No Action,api_rate_limit,2025-09,16,0
HealthTech,Insurance Claim,Seat Change,en-IN,in_app,negative,high,Pending Vendor,invoice_copy,2025-09,9,0
E-commerce,Order,Network Outage,en-IN,in_app,negative,medium,Closed - No Action,reactivate_subscription,2025-09,4,0
SaaS,Webhooks,App Crash,en,whatsapp,neutral,medium,Closed - No Action,apply_coupon,2025-09,7,0
Fintech,FASTag,Account Locked,en,chat,negative,medium,Pending Vendor,invoice_copy,2025-09,6,0
HealthTech,Prescription,Wrong Item,en,whatsapp,positive,high,Escalated,api_rate_limit,2025-09,12,0
E-commerce,Prime Delivery,App Crash,en,chat,positive,high,Escalated,reschedule_flight,2025-09,5,0
Telecom,5G Upgrade,Refund Delay,hi,chat,negative,critical,Closed - No Action,track_order,2025-09,7,0
FoodTech,Partner Offer,Payment Failure,en,in_app,negative,critical,Closed - No Action,track_order,2025-09,21,0
E-commerce,Coupon,Network Outage,en-IN,whatsapp,negative,high,Pending Vendor,track_order,2025-09,14,0
Travel,Flight,Course Access,hi,voice_transcript,negative,high,Escalated,book_appointment,2025-09,10,0
Telecom,Broadband,Billing Dispute,hi,whatsapp,positive,low,Resolved,change_plan,2025-09,13,1
SaaS,Audit Logs,Payment Failure,en-IN,chat,negative,high,Escalated,reschedule_flight,2025-09,13,0
Telecom,International Pack,Account Locked,en,chat,negative,medium,Resolved,api_rate_limit,2025-09,8,1
E-commerce,Coupon,Billing Dispute,hi,voice_transcript,neutral,high,Resolved,track_order,2025-09,6,1
E-commerce,Exchange,Refund Delay,en-IN,in_app,negative,critical,Escalated,download_report,2025-09,3,0
HealthTech,Teleconsult,Technical Bug,en,in_app,negative,medium,Pending Vendor,track_order,2025-09,5,0
Fintech,Mutual Fund,Account Locked,hi,voice_transcript,positive,critical,Closed - No Action,reschedule_flight,2025-09,21,0
Travel,Flight,Network Outage,hi,whatsapp,neutral,medium,Closed - No Action,api_rate_limit,2025-09,21,0
HealthTech,Teleconsult,Technical Bug,en-IN,whatsapp,negative,high,Closed - No Action,cancel_order,2025-09,20,0
SaaS,Analytics,Network Outage,hi,in_app,neutral,critical,Pending Vendor,refund_status,2025-09,10,0
Travel,Cab,Refund Delay,en,whatsapp,negative,high,Resolved,change_plan,2025-09,18,1
E-commerce,Order,OTP Not Received,hi,voice_transcript,negative,high,Closed - No Action,cancel_order,2025-09,5,0
EdTech,Exam,App Crash,hi,in_app,positive,high,Pending Customer,download_report,2025-10,22,0
SaaS,API,Technical Bug,en-IN,voice_transcript,negative,high,Resolved,reset_password,2025-10,2,1
Fintech,Savings,Service Not Activated,hi,voice_transcript,positive,critical,Pending Vendor,api_rate_limit,2025-10,1,0
Fintech,Credit Card,Service Not Activated,en,email,neutral,critical,Escalated,reset_password,2025-10,3,0
E-commerce,Prime Delivery,Login Issue,en-IN,email,negative,critical,Resolved,reactivate_subscription,2025-10,1,1
Telecom,Porting,Login Issue,en,in_app,neutral,high,Pending Vendor,reschedule_flight,2025-10,11,0
Fintech,Credit Card,Seat Change,en-IN,email,negative,high,Pending Customer,reschedule_flight,2025-10,22,0
Telecom,5G Upgrade,Refund Delay,hi,in_app,negative,high,Closed - No Action,reactivate_subscription,2025-10,23,0
HealthTech,Prescription,Seat Change,hi,whatsapp,neutral,low,Pending Customer,reschedule_flight,2025-10,22,0
HealthTech,Appointment,Network Outage,hi,chat,negative,critical,Resolved,api_rate_limit,2025-10,1,1
SaaS,SSO,Wrong Item,en-IN,voice_transcript,negative,high,Pending Vendor,reactivate_subscription,2025-10,17,0
EdTech,Subscription,Login Issue,en,email,positive,high,Escalated,change_plan,2025-10,12,0
Fintech,Credit Card,Technical Bug,en,chat,positive,high,Pending Customer,reschedule_flight,2025-10,20,0
Telecom,Broadband,Payment Failure,hi,email,neutral,high,Resolved,reschedule_flight,2025-10,22,1
Travel,Flight,KYC Verification,en,email,positive,critical,Pending Customer,activate_esim,2025-10,0,0
EdTech,Assignment,Login Issue,en-IN,voice_transcript,negative,medium,Pending Vendor,reactivate_subscription,2025-10,21,0
EdTech,Mock Test,OTP Not Received,en-IN,voice_transcript,negative,high,Closed - No Action,invoice_copy,2025-10,6,0
Telecom,5G Upgrade,Account Locked,hi,email,negative,high,Pending Customer,book_appointment,2025-10,3,0
EdTech,Assignment,Late Delivery,hi,email,negative,medium,Pending Vendor,change_plan,2025-10,21,0
HealthTech,Lab Test,Payment Failure,en,email,neutral,high,Pending Customer,download_report,2025-10,5,0
HealthTech,Prescription,Course Access,en-IN,voice_transcript,neutral,critical,Resolved,activate_esim,2025-10,20,1
E-commerce,Wallet,Late Delivery,hi,in_app,negative,medium,Pending Vendor,api_rate_limit,2025-10,18,0
E-commerce,Return,App Crash,hi,voice_transcript,negative,high,Closed - No Action,api_rate_limit,2025-10,17,0
FoodTech,Wallet,Network Outage,en-IN,whatsapp,negative,high,Pending Vendor,reschedule_flight,2025-10,2,0
Travel,Bus,Login Issue,en-IN,in_app,negative,high,Pending Customer,book_appointment,2025-10,1,0
HealthTech,Appointment,Service Not Activated,hi,voice_transcript,positive,critical,Pending Vendor,invoice_copy,2025-10,15,0
Fintech,UPI,KYC Verification,en-IN,chat,neutral,critical,Closed - No Action,update_kYC,2025-10,21,0
E-commerce,Wallet,Service Not Activated,hi,voice_transcript,negative,low,Closed - No Action,activate_esim,2025-10,2,0
EdTech,Course,Network Outage,en-IN,whatsapp,neutral,high,Escalated,book_appointment,2025-10,21,0
Fintech,Credit Card,Technical Bug,hi,whatsapp,positive,medium,Pending Vendor,invoice_copy,2025-10,21,0
E-commerce,Gift Card,Course Access,en-IN,voice_transcript,negative,low,Escalated,cancel_order,2025-10,11,0
SaaS,SSO,Seat Change,en,email,negative,critical,Pending Vendor,reschedule_flight,2025-10,11,0
FoodTech,Wallet,Refund Delay,en,voice_transcript,positive,critical,Pending Customer,reset_password,2025-11,11,0
Travel,Bus,Late Delivery,en-IN,chat,negative,high,Pending Vendor,reset_password,2025-11,16,0
FoodTech,Refund,Payment Failure,en,voice_transcript,neutral,medium,Escalated,reactivate_subscription,2025-11,2,0
HealthTech,Report,Wrong Item,hi,email,negative,medium,Pending Customer,cancel_order,2025-11,14,0
Telecom,Porting,OTP Not Received,en-IN,whatsapp,neutral,medium,Closed - No Action,reactivate_subscription,2025-11,19,0
FoodTech,Promo,Course Access,en,email,neutral,high,Resolved,download_report,2025-11,11,1
SaaS,SSO,OTP Not Received,hi,email,negative,critical,Resolved,change_plan,2025-11,0,1
EdTech,Assignment,Billing Dispute,en,in_app,neutral,medium,Closed - No Action,reset_password,2025-11,13,0
Travel,Bus,Account Locked,en,chat,positive,low,Pending Customer,reactivate_subscription,2025-11,16,0
EdTech,Certificate,Service Not Activated,en,voice_transcript,negative,high,Pending Vendor,reactivate_subscription,2025-11,1,0
Telecom,International Pack,Network Outage,hi,voice_transcript,neutral,high,Pending Vendor,activate_esim,2025-11,21,0
HealthTech,Report,Payment Failure,en-IN,email,negative,critical,Pending Customer,update_kYC,2025-11,16,0
Telecom,Porting,App Crash,en-IN,whatsapp,negative,high,Resolved,update_kYC,2025-11,15,1
HealthTech,Teleconsult,Payment Failure,en,whatsapp,negative,high,Resolved,api_rate_limit,2025-11,7,1
SaaS,Analytics,OTP Not Received,en-IN,whatsapp,negative,critical,Pending Vendor,reactivate_subscription,2025-11,18,0
EdTech,Career Track,Late Delivery,en-IN,voice_transcript,neutral,medium,Escalated,download_report,2025-11,6,0
HealthTech,Prescription,Technical Bug,en,chat,neutral,high,Pending Vendor,activate_esim,2025-11,0,0
EdTech,Course,Service Not Activated,hi,voice_transcript,negative,medium,Escalated,api_rate_limit,2025-11,0,0
EdTech,Assignment,Service Not Activated,hi,voice_transcript,neutral,high,Closed - No Action,apply_coupon,2025-11,4,0
SaaS,Analytics,Payment Failure,en-IN,voice_transcript,neutral,high,Pending Customer,reset_password,2025-11,20,0
FoodTech,Membership,Course Access,en-IN,in_app,negative,high,Resolved,book_appointment,2025-11,23,1
SaaS,Webhooks,Network Outage,en,email,positive,high,Resolved,apply_coupon,2025-11,6,1
FoodTech,Promo,Technical Bug,hi,email,positive,high,Resolved,invoice_copy,2025-11,2,1
EdTech,Course,Refund Delay,en-IN,whatsapp,positive,medium,Pending Vendor,activate_esim,2025-11,7,0
EdTech,Course,Login Issue,en-IN,chat,negative,high,Closed - No Action,reactivate_subscription,2025-11,15,0
Fintech,Insurance,Seat Change,en,email,negative,high,Escalated,track_order,2025-11,16,0
Travel,Hotel,Technical Bug,en,email,neutral,high,Pending Customer,api_rate_limit,2025-11,1,0
FoodTech,Refund,App Crash,hi,whatsapp,negative,high,Pending Vendor,reschedule_flight,2025-11,10,0
E-commerce,Coupon,Account Locked,hi,in_app,negative,high,Pending Customer,api_rate_limit,2025-11,10,0
HealthTech,Lab Test,App Crash,hi,in_app,negative,medium,Pending Customer,apply_coupon,2025-08,18,0
EdTech,Mock Test,Login Issue,en-IN,email,negative,critical,Pending Customer,track_order,2025-08,6,0
EdTech,Mock Test,KYC Verification,en,in_app,positive,medium,Closed - No Action,reactivate_subscription,2025-08,21,0
E-commerce,Wallet,Payment Failure,hi,chat,negative,high,Escalated,reactivate_subscription,2025-08,16,0
Fintech,UPI,OTP Not Received,en-IN,in_app,neutral,medium,Closed - No Action,reset_password,2025-08,6,0
Telecom,5G Upgrade,App Crash,en,voice_transcript,neutral,critical,Escalated,reactivate_subscription,2025-08,19,0
Travel,Flight,App Crash,en-IN,in_app,negative,high,Escalated,book_appointment,2025-08,12,0
Telecom,International Pack,Refund Delay,en-IN,voice_transcript,positive,critical,Pending Vendor,track_order,2025-08,22,0
SaaS,Workspace,KYC Verification,en-IN,in_app,positive,critical,Closed - No Action,reschedule_flight,2025-08,3,0
E-commerce,Prime Delivery,App Crash,en,voice_transcript,positive,medium,Pending Vendor,apply_coupon,2025-08,5,0
Travel,Hotel,Technical Bug,en-IN,chat,negative,high,Pending Customer,apply_coupon,2025-08,16,0
Travel,Refund,Payment Failure,en,in_app,neutral,medium,Escalated,apply_coupon,2025-08,5,0
Travel,Insurance,Course Access,hi,whatsapp,positive,low,Resolved,reschedule_flight,2025-08,18,1
E-commerce,Coupon,Account Locked,hi,in_app,negative,medium,Resolved,refund_status,2025-08,10,1
SaaS,Billing,App Crash,hi,email,neutral,low,Pending Customer,change_plan,2025-08,6,0
Telecom,5G Upgrade,Billing Dispute,en-IN,voice_transcript,negative,low,Pending Customer,track_order,2025-08,16,0
FoodTech,Wallet,Billing Dispute,en,in_app,neutral,medium,Escalated,track_order,2025-08,4,0
FoodTech,Order,Course Access,en,voice_transcript,negative,high,Pending Vendor,activate_esim,2025-08,18,0
Travel,Flight,Seat Change,en,email,neutral,critical,Pending Vendor,apply_coupon,2025-08,7,0
FoodTech,Refund,Service Not Activated,hi,voice_transcript,neutral,medium,Escalated,refund_status,2025-08,18,0
Telecom,Porting,OTP Not Received,en,chat,negative,high,Resolved,reset_password,2025-08,5,1
Travel,Refund,Login Issue,hi,chat,negative,high,Pending Customer,activate_esim,2025-08,2,0
Travel,Hotel,App Crash,en,chat,neutral,high,Escalated,activate_esim,2025-08,11,0
HealthTech,Appointment,Late Delivery,en-IN,in_app,negative,medium,Pending Customer,download_report,2025-08,18,0
FoodTech,Promo,Refund Delay,hi,chat,neutral,high,Resolved,change_plan,2025-08,3,1
HealthTech,Appointment,Payment Failure,en,chat,negative,high,Resolved,api_rate_limit,2025-08,21,1
EdTech,Course,App Crash,en-IN,in_app,neutral,medium,Closed - No Action,api_rate_limit,2025-08,9,0
FoodTech,Order,Course Access,en-IN,voice_transcript,positive,medium,Pending Customer,download_report,2025-08,1,0
EdTech,Career Track,KYC Verification,en-IN,chat,neutral,critical,Closed - No Action,track_order,2025-08,2,0
Travel,Hotel,Wrong Item,hi,email,negative,critical,Escalated,cancel_order,2025-08,15,0
Telecom,4G Pack,Account Locked,en-IN,whatsapp,negative,critical,Closed - No Action,reactivate_subscription,2025-09,13,0
EdTech,Course,Service Not Activated,en,chat,neutral,high,Pending Customer,invoice_copy,2025-09,13,0
Travel,Refund,App Crash,en,in_app,positive,high,Pending Vendor,download_report,2025-09,5,0
Telecom,4G Pack,KYC Verification,en,email,neutral,high,Closed - No Action,download_report,2025-09,6,0
EdTech,Course,Refund Delay,en-IN,whatsapp,negative,high,Pending Customer,cancel_order,2025-09,6,0
Fintech,Credit Card,Course Access,en-IN,chat,negative,medium,Resolved,reactivate_subscription,2025-09,6,1
E-commerce,Wallet,Login Issue,en-IN,chat,positive,high,Pending Customer,api_rate_limit,2025-09,10,0
Travel,Flight,Network Outage,en,voice_transcript,negative,high,Pending Customer,track_order,2025-09,16,0
FoodTech,Promo,App Crash,en-IN,whatsapp,positive,high,Escalated,download_report,2025-09,14,0
E-commerce,Coupon,Wrong Item,en,email,negative,high,Escalated,activate_esim,2025-09,1,0
Telecom,4G Pack,Login Issue,en,voice_transcript,neutral,medium,Resolved,cancel_order,2025-09,4,1
Travel,Bus,Technical Bug,en,email,negative,critical,Pending Customer,update_kYC,2025-09,19,0
SaaS,Analytics,Payment Failure,en-IN,whatsapp,negative,high,Pending Vendor,change_plan,2025-09,1,0
Fintech,Mutual Fund,Billing Dispute,en-IN,chat,positive,medium,Closed - No Action,book_appointment,2025-09,9,0
Telecom,Porting,Network Outage,en-IN,in_app,negative,high,Escalated,reset_password,2025-09,13,0
FoodTech,Membership,Login Issue,en-IN,whatsapp,neutral,high,Resolved,activate_esim,2025-09,17,1
Travel,Hotel,Login Issue,en-IN,voice_transcript,positive,critical,Escalated,reset_password,2025-09,6,0
Travel,Flight,Course Access,en,in_app,neutral,low,Resolved,track_order,2025-09,0,1
Telecom,4G Pack,App Crash,en,whatsapp,negative,high,Escalated,download_report,2025-09,21,0
EdTech,Career Track,Login Issue,en-IN,voice_transcript,neutral,high,Closed - No Action,download_report,2025-09,23,0
EdTech,Mock Test,Service Not Activated,en,whatsapp,negative,medium,Pending Vendor,reset_password,2025-09,19,0
Telecom,5G Upgrade,Wrong Item,en-IN,chat,negative,critical,Pending Customer,track_order,2025-09,7,0
HealthTech,Appointment,Service Not Activated,hi,email,negative,critical,Closed - No Action,cancel_order,2025-09,3,0
E-commerce,Gift Card,Technical Bug,hi,in_app,negative,high,Escalated,download_report,2025-09,4,0
EdTech,Mock Test,Wrong Item,en,email,negative,critical,Pending Vendor,api_rate_limit,2025-09,19,0
Travel,Voucher,Account Locked,en,email,neutral,medium,Resolved,api_rate_limit,2025-09,19,1
E-commerce,Return,KYC Verification,en,in_app,positive,high,Escalated,change_plan,2025-09,11,0
Travel,Voucher,Technical Bug,en,email,negative,critical,Pending Customer,cancel_order,2025-10,6,0
Telecom,Porting,Wrong Item,hi,whatsapp,negative,low,Escalated,activate_esim,2025-09,17,0
Fintech,Insurance,Account Locked,hi,whatsapp,negative,high,Escalated,activate_esim,2025-10,17,0
Telecom,4G Pack,App Crash,en-IN,whatsapp,negative,critical,Pending Vendor,change_plan,2025-10,9,0
E-commerce,Wallet,Network Outage,hi,voice_transcript,neutral,high,Pending Customer,invoice_copy,2025-10,7,0
FoodTech,Priority Delivery,Late Delivery,en,in_app,negative,medium,Closed - No Action,book_appointment,2025-10,8,0
HealthTech,Insurance Claim,Service Not Activated,en,voice_transcript,positive,high,Resolved,update_kYC,2025-10,5,1
Travel,Hotel,App Crash,en,in_app,positive,medium,Escalated,download_report,2025-10,6,0
E-commerce,Coupon,KYC Verification,en-IN,whatsapp,negative,medium,Pending Customer,activate_esim,2025-10,22,0
Fintech,FASTag,App Crash,en,whatsapp,positive,low,Closed - No Action,change_plan,2025-10,13,0
FoodTech,Promo,Wrong Item,en,whatsapp,positive,high,Resolved,reset_password,2025-10,7,1
Fintech,Insurance,Refund Delay,en,whatsapp,neutral,medium,Pending Customer,reschedule_flight,2025-10,21,0
E-commerce,Prime Delivery,Refund Delay,en,email,negative,medium,Escalated,update_kYC,2025-10,18,0
HealthTech,Report,Billing Dispute,en,whatsapp,negative,high,Escalated,reactivate_subscription,2025-10,13,0
HealthTech,Appointment,Technical Bug,en,chat,positive,medium,Resolved,change_plan,2025-10,2,1
Travel,Hotel,Network Outage,hi,email,negative,high,Closed - No Action,download_report,2025-10,3,0
Fintech,Savings,Account Locked,en-IN,in_app,negative,high,Closed - No Action,reactivate_subscription,2025-10,2,0
Travel,Refund,Billing Dispute,en-IN,chat,negative,high,Closed - No Action,update_kYC,2025-10,14,0
EdTech,Course,Refund Delay,en,voice_transcript,negative,high,Closed - No Action,reset_password,2025-10,0,0
EdTech,Certificate,Technical Bug,en,whatsapp,neutral,critical,Pending Vendor,apply_coupon,2025-10,4,0
E-commerce,Exchange,OTP Not Received,hi,in_app,negative,high,Pending Vendor,cancel_order,2025-10,3,0
Telecom,Broadband,Service Not Activated,hi,in_app,negative,medium,Pending Customer,reset_password,2025-10,15,0
Fintech,Savings,Refund Delay,en,chat,neutral,medium,Pending Customer,reactivate_subscription,2025-10,20,0
EdTech,Career Track,KYC Verification,en-IN,whatsapp,negative,medium,Escalated,api_rate_limit,2025-10,19,0
Travel,Insurance,Network Outage,hi,email,neutral,high,Escalated,activate_esim,2025-10,2,0
SaaS,Analytics,Account Locked,en-IN,email,negative,critical,Resolved,refund_status,2025-10,23,1
