Comparacion,Canal,Tasa,Densidad
chat vs email,chat,0.09726027397,1.227294048e-13
chat vs email,chat,0.09894709009,4.878532503e-13
chat vs email,chat,0.1006339062,1.855923869e-12
chat vs email,chat,0.1023207223,6.766475391e-12
chat vs email,chat,0.1040075384,2.367377955e-11
chat vs email,chat,0.1056943545,7.958276496e-11
chat vs email,chat,0.1073811707,2.573560412e-10
chat vs email,chat,0.1090679868,8.01506104e-10
chat vs email,chat,0.1107548029,2.40661568e-09
chat vs email,chat,0.112441619,6.974015438e-09
chat vs email,chat,0.1141284351,1.952378023e-08
chat vs email,chat,0.1158152512,5.285174244e-08
chat vs email,chat,0.1175020674,1.384716013e-07
chat vs email,chat,0.1191888835,3.514332246e-07
chat vs email,chat,0.1208756996,8.646977826e-07
chat vs email,chat,0.1225625157,2.064281595e-06
chat vs email,chat,0.1242493318,4.785044548e-06
chat vs email,chat,0.1259361479,1.077783101e-05
chat vs email,chat,0.127622964,2.360522849e-05
chat vs email,chat,0.1293097802,5.030457808e-05
chat vs email,chat,0.1309965963,0.0001043779603
chat vs email,chat,0.1326834124,0.0002109991622
chat vs email,chat,0.1343702285,0.000415797217
chat vs email,chat,0.1360570446,0.0007992079811
chat vs email,chat,0.1377438607,0.001499182663
chat vs email,chat,0.1394306769,0.002745971477
chat vs email,chat,0.141117493,0.004913669987
chat vs email,chat,0.1428043091,0.008594055176
chat vs email,chat,0.1444911252,0.01469868525
chat vs email,chat,0.1461779413,0.02459493741
chat vs email,chat,0.1478647574,0.0402801905
chat vs email,chat,0.1495515735,0.06459529355
chat vs email,chat,0.1512383897,0.1014734499
chat vs email,chat,0.1529252058,0.1562135448
chat vs email,chat,0.1546120219,0.2357579534
chat vs email,chat,0.156298838,0.3489446395
chat vs email,chat,0.1579856541,0.5066930994
chat vs email,chat,0.1596724702,0.7220751171
chat vs email,chat,0.1613592863,1.010216477
chat vs email,chat,0.1630461025,1.387976915
chat vs email,chat,0.1647329186,1.873364579
chat vs email,chat,0.1664197347,2.484659306
chat vs email,chat,0.1681065508,3.239246016
chat vs email,chat,0.1697933669,4.152194015
chat vs email,chat,0.171480183,5.234656707
chat vs email,chat,0.1731669992,6.492204591
chat vs email,chat,0.1748538153,7.923236786
chat vs email,chat,0.1765406314,9.517636925
chat vs email,chat,0.1782274475,11.2558431
chat vs email,chat,0.1799142636,13.10848522
chat vs email,chat,0.1816010797,15.03670611
chat vs email,chat,0.1832878958,16.99322687
chat vs email,chat,0.184974712,18.92414795
chat vs email,chat,0.1866615281,20.77140262
chat vs email,chat,0.1883483442,22.4757076
chat vs email,chat,0.1900351603,23.97979703
chat vs email,chat,0.1917219764,25.23168699
chat vs email,chat,0.1934087925,26.18770547
chat vs email,chat,0.1950956087,26.81503826
chat vs email,chat,0.1967824248,27.09358325
chat vs email,chat,0.1984692409,27.01696973
chat vs email,chat,0.200156057,26.59267626
chat vs email,chat,0.2018428731,25.84126351
chat vs email,chat,0.2035296892,24.79481515
chat vs email,chat,0.2052165053,23.49474415
chat vs email,chat,0.2069033215,21.9891662
chat vs email,chat,0.2085901376,20.3300636
chat vs email,chat,0.2102769537,18.57046141
chat vs email,chat,0.2119637698,16.76181508
chat vs email,chat,0.2136505859,14.95177023
chat vs email,chat,0.215337402,13.18240623
chat vs email,chat,0.2170242182,11.48902227
chat vs email,chat,0.2187110343,9.899473743
chat vs email,chat,0.2203978504,8.434022404
chat vs email,chat,0.2220846665,7.105629947
chat vs email,chat,0.2237714826,5.920602205
chat vs email,chat,0.2254582987,4.879480913
chat vs email,chat,0.2271451148,3.978080319
chat vs email,chat,0.228831931,3.208574902
chat vs email,chat,0.2305187471,2.560559545
chat vs email,chat,0.2322055632,2.022021871
chat vs email,chat,0.2338923793,1.580185918
chat vs email,chat,0.2355791954,1.222204593
chat vs email,chat,0.2372660115,0.935694309
chat vs email,chat,0.2389528276,0.7091177549
chat vs email,chat,0.2406396438,0.5320298182
chat vs email,chat,0.2423264599,0.3952071648
chat vs email,chat,0.244013276,0.2906845187
chat vs email,chat,0.2457000921,0.2117207241
chat vs email,chat,0.2473869082,0.152715963
chat vs email,chat,0.2490737243,0.1090986677
chat vs email,chat,0.2507605405,0.07719726361
chat vs email,chat,0.2524473566,0.0541083743
chat vs email,chat,0.2541341727,0.0375698144
chat vs email,chat,0.2558209888,0.02584381806
chat vs email,chat,0.2575078049,0.01761358139
chat vs email,chat,0.259194621,0.01189437413
chat vs email,chat,0.2608814371,0.007959160741
chat vs email,chat,0.2625682533,0.005277798745
chat vs email,chat,0.2642550694,0.003468371909
chat vs email,chat,0.2659418855,0.002258980668
chat vs email,chat,0.2676287016,0.001458275089
chat vs email,chat,0.2693155177,0.0009331079896
chat vs email,chat,0.2710023338,0.0005918540874
chat vs email,chat,0.27268915,0.0003721447101
chat vs email,chat,0.2743759661,0.0002319781392
chat vs email,chat,0.2760627822,0.000143365035
chat vs email,chat,0.2777495983,8.784616077e-05
chat vs email,chat,0.2794364144,5.337126497e-05
chat vs email,chat,0.2811232305,3.21527878e-05
chat vs email,chat,0.2828100466,1.920776852e-05
chat vs email,chat,0.2844968628,1.137895852e-05
chat vs email,chat,0.2861836789,6.685210656e-06
chat vs email,chat,0.287870495,3.895236298e-06
chat vs email,chat,0.2895573111,2.251009342e-06
chat vs email,chat,0.2912441272,1.290219854e-06
chat vs email,chat,0.2929309433,7.33517965e-07
chat vs email,chat,0.2946177594,4.136524539e-07
chat vs email,chat,0.2963045756,2.313955563e-07
chat vs email,chat,0.2979913917,1.284059869e-07
chat vs email,email,0.09726027397,3.497506554e-13
chat vs email,email,0.09894709009,1.318939663e-12
chat vs email,email,0.1006339062,4.768921781e-12
chat vs email,email,0.1023207223,1.655466271e-11
chat vs email,email,0.1040075384,5.524244574e-11
chat vs email,email,0.1056943545,1.774184729e-10
chat vs email,email,0.1073811707,5.490276157e-10
chat vs email,email,0.1090679868,1.638821397e-09
chat vs email,email,0.1107548029,4.723477824e-09
chat vs email,email,0.112441619,1.315876356e-08
chat vs email,email,0.1141284351,3.546516466e-08
chat vs email,email,0.1158152512,9.255823672e-08
chat vs email,email,0.1175020674,2.341152311e-07
chat vs email,email,0.1191888835,5.74387351e-07
chat vs email,email,0.1208756996,1.367994851e-06
chat vs email,email,0.1225625157,3.165175493e-06
chat vs email,email,0.1242493318,7.119681027e-06
chat vs email,email,0.1259361479,1.55802863e-05
chat vs email,email,0.127622964,3.319196674e-05
chat vs email,email,0.1293097802,6.888300652e-05
chat vs email,email,0.1309965963,0.0001393415562
chat vs email,email,0.1326834124,0.0002749135414
chat vs email,email,0.1343702285,0.0005293050891
chat vs email,email,0.1360570446,0.0009950584589
chat vs email,email,0.1377438607,0.001827481054
chat vs email,email,0.1394306769,0.003280496522
chat vs email,email,0.141117493,0.005758657238
chat vs email,email,0.1428043091,0.009890144491
chat vs email,email,0.1444911252,0.01662575002
chat vs email,email,0.1461779413,0.02736827825
chat vs email,email,0.1478647574,0.04413519417
chat vs email,email,0.1495515735,0.06975434322
chat vs email,email,0.1512383897,0.1080879577
chat vs email,email,0.1529252058,0.1642738993
chat vs email,email,0.1546120219,0.2449654192
chat vs email,email,0.156298838,0.3585422761
chat vs email,email,0.1579856541,0.5152578668
chat vs email,email,0.1596724702,0.7272805159
chat vs email,email,0.1613592863,1.008583895
chat vs email,email,0.1630461025,1.374643392
chat vs email,email,0.1647329186,1.841903533
chat vs email,email,0.1664197347,2.426997058
chat vs email,email,0.1681065508,3.14571882
chat vs email,email,0.1697933669,4.011785985
chat vs email,email,0.171480183,5.035447489
chat vs email,email,0.1731669992,6.222036697
chat vs email,email,0.1748538153,7.570587411
chat vs email,email,0.1765406314,9.072650237
chat vs email,email,0.1782274475,10.71145001
chat vs email,email,0.1799142636,12.46151289
chat vs email,email,0.1816010797,14.28886313
chat vs email,email,0.1832878958,16.15184603
chat vs email,email,0.184974712,18.00257884
chat vs email,email,0.1866615281,19.78897123
chat vs email,email,0.1883483442,21.45719821
chat vs email,email,0.1900351603,22.95445806
chat vs email,email,0.1917219764,24.23181265
chat vs email,email,0.1934087925,25.24689203
chat vs email,email,0.1950956087,25.9662512
chat vs email,email,0.1967824248,26.36719544
chat vs email,email,0.1984692409,26.43893627
chat vs email,email,0.200156057,26.18300003
chat vs email,email,0.2018428731,25.61287619
chat vs email,email,0.2035296892,24.75295738
chat vs email,email,0.2052165053,23.63687938
chat vs email,email,0.2069033215,22.30541249
chat vs email,email,0.2085901376,20.80408203
chat vs email,email,0.2102769537,19.18070291
chat vs email,email,0.2119637698,17.48300406
chat vs email,email,0.2136505859,15.75649346
chat vs email,email,0.215337402,14.0426796
chat vs email,email,0.2170242182,12.37772398
chat vs email,email,0.2187110343,10.79155686
chat vs email,email,0.2203978504,9.307449341
chat vs email,email,0.2220846665,7.942001933
chat vs email,email,0.2237714826,6.705485389
chat vs email,email,0.2254582987,5.60245457
chat vs email,email,0.2271451148,4.632550153
chat vs email,email,0.228831931,3.791405115
chat vs email,email,0.2305187471,3.0715813
chat vs email,email,0.2322055632,2.463474039
chat vs email,email,0.2338923793,1.956137786
chat vs email,email,0.2355791954,1.538001157
chat vs email,email,0.2372660115,1.197454257
chat vs email,email,0.2389528276,0.9233036566
chat vs email,email,0.2406396438,0.7051002708
chat vs email,email,0.2423264599,0.533352495
chat vs email,email,0.244013276,0.3996413537
chat vs email,email,0.2457000921,0.2966564462
chat vs email,email,0.2473869082,0.2181715995
chat vs email,email,0.2490737243,0.1589778588
chat vs email,email,0.2507605405,0.1147892459
chat vs email,email,0.2524473566,0.08213404856
chat vs email,email,0.2541341727,0.05824159895
chat vs email,email,0.2558209888,0.04093183239
chat vs email,email,0.2575078049,0.02851254577
chat vs email,email,0.259194621,0.01968729585
chat vs email,email,0.2608814371,0.01347531906
chat vs email,email,0.2625682533,0.009143699198
chat vs email,email,0.2642550694,0.006151216166
chat vs email,email,0.2659418855,0.004102814487
chat vs email,email,0.2676287016,0.002713373719
chat vs email,email,0.2693155177,0.001779379482
chat vs email,email,0.2710023338,0.001157131062
chat vs email,email,0.27268915,0.000746233461
chat vs email,email,0.2743759661,0.000477273896
chat vs email,email,0.2760627822,0.0003027495278
chat vs email,email,0.2777495983,0.0001904774527
chat vs email,email,0.2794364144,0.0001188690838
chat vs email,email,0.2811232305,7.358340783e-05
chat vs email,email,0.2828100466,4.518521989e-05
chat vs email,email,0.2844968628,2.752566328e-05
chat vs email,email,0.2861836789,1.663500535e-05
chat vs email,email,0.287870495,9.97402003e-06
chat vs email,email,0.2895573111,5.933317202e-06
chat vs email,email,0.2912441272,3.502050205e-06
chat vs email,email,0.2929309433,2.050980867e-06
chat vs email,email,0.2946177594,1.191878016e-06
chat vs email,email,0.2963045756,6.87304274e-07
chat vs email,email,0.2979913917,3.933045376e-07
chat vs in_app,chat,0.08641810919,5.441158785e-18
chat vs in_app,chat,0.08818989209,3.242424678e-17
chat vs in_app,chat,0.08996167498,1.819030521e-16
chat vs in_app,chat,0.09173345788,9.629036056e-16
chat vs in_app,chat,0.09350524078,4.819732878e-15
chat vs in_app,chat,0.09527702367,2.285771118e-14
chat vs in_app,chat,0.09704880657,1.029048779e-13
chat vs in_app,chat,0.09882058947,4.405665478e-13
chat vs in_app,chat,0.1005923724,1.796786774e-12
chat vs in_app,chat,0.1023641553,6.991805312e-12
chat vs in_app,chat,0.1041359382,2.599872141e-11
chat vs in_app,chat,0.1059077211,9.251516254e-11
chat vs in_app,chat,0.107679504,3.154779352e-10
chat vs in_app,chat,0.1094512869,1.032256565e-09
chat vs in_app,chat,0.1112230698,3.244955884e-09
chat vs in_app,chat,0.1129948526,9.811750488e-09
chat vs in_app,chat,0.1147666355,2.856870918e-08
chat vs in_app,chat,0.1165384184,8.018780139e-08
chat vs in_app,chat,0.1183102013,2.171927606e-07
chat vs in_app,chat,0.1200819842,5.682342852e-07
chat vs in_app,chat,0.1218537671,1.437346108e-06
chat vs in_app,chat,0.12362555,3.518326012e-06
chat vs in_app,chat,0.1253973329,8.341108179e-06
chat vs in_app,chat,0.1271691158,1.91681707e-05
chat vs in_app,chat,0.1289408987,4.273149814e-05
chat vs in_app,chat,0.1307126816,9.248115157e-05
chat vs in_app,chat,0.1324844645,0.0001944507882
chat vs in_app,chat,0.1342562474,0.0003974830059
chat vs in_app,chat,0.1360280303,0.0007904397546
chat vs in_app,chat,0.1377998132,0.001530163694
chat vs in_app,chat,0.1395715961,0.002885311099
chat vs in_app,chat,0.141343379,0.005302607361
chat vs in_app,chat,0.1431151619,0.009503312817
chat vs in_app,chat,0.1448869448,0.01661830298
chat vs in_app,chat,0.1466587277,0.02836958144
chat vs in_app,chat,0.1484305106,0.04730356629
chat vs in_app,chat,0.1502022935,0.07707643278
chat vs in_app,chat,0.1519740764,0.1227836422
chat vs in_app,chat,0.1537458593,0.1913144261
chat vs in_app,chat,0.1555176422,0.2916979544
chat vs in_app,chat,0.1572894251,0.4353925653
chat vs in_app,chat,0.159061208,0.6364550636
chat vs in_app,chat,0.1608329909,0.9115167883
chat vs in_app,chat,0.1626047738,1.279490466
chat vs in_app,chat,0.1643765567,1.760940171
chat vs in_app,chat,0.1661483396,2.377068512
chat vs in_app,chat,0.1679201225,3.148311079
chat vs in_app,chat,0.1696919054,4.092576624
chat vs in_app,chat,0.1714636883,5.223227762
chat vs in_app,chat,0.1732354712,6.546954124
chat vs in_app,chat,0.1750072541,8.061739039
chat vs in_app,chat,0.176779037,9.75515229
chat vs in_app,chat,0.1785508199,11.60320729
chat vs in_app,chat,0.1803226027,13.56999562
chat vs in_app,chat,0.1820943856,15.6082542
chat vs in_app,chat,0.1838661685,17.66093501
chat vs in_app,chat,0.1856379514,19.66374227
chat vs in_app,chat,0.1874097343,21.54849182
chat vs in_app,chat,0.1891815172,23.24704563
chat vs in_app,chat,0.1909533001,24.69549665
chat vs in_app,chat,0.192725083,25.83823665
chat vs in_app,chat,0.1944968659,26.6315396
chat vs in_app,chat,0.1962686488,27.04633614
chat vs in_app,chat,0.1980404317,27.06993553
chat vs in_app,chat,0.1998122146,26.70655895
chat vs in_app,chat,0.2015839975,25.97666888
chat vs in_app,chat,0.2033557804,24.91519645
chat vs in_app,chat,0.2051275633,23.56886946
chat vs in_app,chat,0.2068993462,21.99291565
chat vs in_app,chat,0.2086711291,20.24745331
chat vs in_app,chat,0.210442912,18.39388239
chat vs in_app,chat,0.2122146949,16.49155768
chat vs in_app,chat,0.2139864778,14.59496884
chat vs in_app,chat,0.2157582607,12.75157919
chat vs in_app,chat,0.2175300436,11.00039704
chat vs in_app,chat,0.2193018265,9.37127908
chat vs in_app,chat,0.2210736094,7.884902879
chat vs in_app,chat,0.2228453923,6.553299168
chat vs in_app,chat,0.2246171752,5.380807117
chat vs in_app,chat,0.2263889581,4.365306188
chat vs in_app,chat,0.228160741,3.499584088
chat vs in_app,chat,0.2299325239,2.772718111
chat vs in_app,chat,0.2317043068,2.171372287
chat vs in_app,chat,0.2334760897,1.680941126
chat vs in_app,chat,0.2352478726,1.286498798
chat vs in_app,chat,0.2370196555,0.9735374836
chat vs in_app,chat,0.2387914384,0.7284988491
chat vs in_app,chat,0.2405632213,0.5391172588
chat vs in_app,chat,0.2423350042,0.3946025283
chat vs in_app,chat,0.2441067871,0.2856943793
chat vs in_app,chat,0.2458785699,0.2046211665
chat vs in_app,chat,0.2476503528,0.1449930477
chat vs in_app,chat,0.2494221357,0.1016555843
chat vs in_app,chat,0.2511939186,0.07052472298
chat vs in_app,chat,0.2529657015,0.0484189388
chat vs in_app,chat,0.2547374844,0.03289951846
chat vs in_app,chat,0.2565092673,0.02212584817
chat vs in_app,chat,0.2582810502,0.01472926971
chat vs in_app,chat,0.2600528331,0.009706603437
chat vs in_app,chat,0.261824616,0.006332732569
chat vs in_app,chat,0.2635963989,0.004090580501
chat vs in_app,chat,0.2653681818,0.002616254458
chat vs in_app,chat,0.2671399647,0.001656939881
chat vs in_app,chat,0.2689117476,0.001039189969
chat vs in_app,chat,0.2706835305,0.0006454661627
chat vs in_app,chat,0.2724553134,0.0003970731385
chat vs in_app,chat,0.2742270963,0.0002419432129
chat vs in_app,chat,0.2759988792,0.0001460255911
chat vs in_app,chat,0.2777706621,8.730579597e-05
chat vs in_app,chat,0.279542445,5.171077425e-05
chat vs in_app,chat,0.2813142279,3.034362597e-05
chat vs in_app,chat,0.2830860108,1.764112729e-05
chat vs in_app,chat,0.2848577937,1.016204034e-05
chat vs in_app,chat,0.2866295766,5.800345838e-06
chat vs in_app,chat,0.2884013595,3.280705948e-06
chat vs in_app,chat,0.2901731424,1.838834364e-06
chat vs in_app,chat,0.2919449253,1.021411294e-06
chat vs in_app,chat,0.2937167082,5.622917465e-07
chat vs in_app,chat,0.2954884911,3.067930185e-07
chat vs in_app,chat,0.297260274,1.659094372e-07
chat vs in_app,in_app,0.08641810919,2.92725131e-15
chat vs in_app,in_app,0.08818989209,1.532164159e-14
chat vs in_app,in_app,0.08996167498,7.561405093e-14
chat vs in_app,in_app,0.09173345788,3.526186303e-13
chat vs in_app,in_app,0.09350524078,1.557084526e-12
chat vs in_app,in_app,0.09527702367,6.523356277e-12
chat vs in_app,in_app,0.09704880657,2.597662136e-11
chat vs in_app,in_app,0.09882058947,9.849265991e-11
chat vs in_app,in_app,0.1005923724,3.56164877e-10
chat vs in_app,in_app,0.1023641553,1.230277146e-09
chat vs in_app,in_app,0.1041359382,4.06539659e-09
chat vs in_app,in_app,0.1059077211,1.286949861e-08
chat vs in_app,in_app,0.107679504,3.908040984e-08
chat vs in_app,in_app,0.1094512869,1.13984754e-07
chat vs in_app,in_app,0.1112230698,3.197048376e-07
chat vs in_app,in_app,0.1129948526,8.63308362e-07
chat vs in_app,in_app,0.1147666355,2.246844211e-06
chat vs in_app,in_app,0.1165384184,5.641883668e-06
chat vs in_app,in_app,0.1183102013,1.368209371e-05
chat vs in_app,in_app,0.1200819842,3.207538253e-05
chat vs in_app,in_app,0.1218537671,7.275740027e-05
chat vs in_app,in_app,0.12362555,0.0001598256248
chat vs in_app,in_app,0.1253973329,0.0003402836482
chat vs in_app,in_app,0.1271691158,0.000702760388
chat vs in_app,in_app,0.1289408987,0.001408888126
chat vs in_app,in_app,0.1307126816,0.002743888884
chat vs in_app,in_app,0.1324844645,0.005194957531
chat vs in_app,in_app,0.1342562474,0.009567870665
chat vs in_app,in_app,0.1360280303,0.01715327473
chat vs in_app,in_app,0.1377998132,0.02995344533
chat vs in_app,in_app,0.1395715961,0.05097691173
chat vs in_app,in_app,0.141343379,0.08460114861
chat vs in_app,in_app,0.1431151619,0.1369917743
chat vs in_app,in_app,0.1448869448,0.2165502395
chat vs in_app,in_app,0.1466587277,0.3343417737
chat vs in_app,in_app,0.1484305106,0.5044336736
chat vs in_app,in_app,0.1502022935,0.7440546016
chat vs in_app,in_app,0.1519740764,1.073473347
chat vs in_app,in_app,0.1537458593,1.515495897
chat vs in_app,in_app,0.1555176422,2.094497511
chat vs in_app,in_app,0.1572894251,2.834944714
chat vs in_app,in_app,0.159061208,3.759420441
chat vs in_app,in_app,0.1608329909,4.88623953
chat vs in_app,in_app,0.1626047738,6.226822663
chat vs in_app,in_app,0.1643765567,7.783072317
chat vs in_app,in_app,0.1661483396,9.545050168
chat vs in_app,in_app,0.1679201225,11.48927819
chat vs in_app,in_app,0.1696919054,13.57796553
chat vs in_app,in_app,0.1714636883,15.75939631
chat vs in_app,in_app,0.1732354712,17.96960336
chat vs in_app,in_app,0.1750072541,20.13531234
chat vs in_app,in_app,0.176779037,22.17798656
chat vs in_app,in_app,0.1785508199,24.01865916
chat vs in_app,in_app,0.1803226027,25.58312638
chat vs in_app,in_app,0.1820943856,26.80701332
chat vs in_app,in_app,0.1838661685,27.64022077
chat vs in_app,in_app,0.1856379514,28.05032191
chat vs in_app,in_app,0.1874097343,28.02459052
chat vs in_app,in_app,0.1891815172,27.57049356
chat vs in_app,in_app,0.1909533001,26.71464759
chat vs in_app,in_app,0.192725083,25.50039819
chat vs in_app,in_app,0.1944968659,23.98431378
chat vs in_app,in_app,0.1962686488,22.23197427
chat vs in_app,in_app,0.1980404317,20.31347335
chat vs in_app,in_app,0.1998122146,18.29904118
chat vs in_app,in_app,0.2015839975,16.25513786
chat vs in_app,in_app,0.2033557804,14.24128084
chat vs in_app,in_app,0.2051275633,12.30776496
chat vs in_app,in_app,0.2068993462,10.49432773
chat vs in_app,in_app,0.2086711291,8.829717397
chat vs in_app,in_app,0.210442912,7.332046332
chat vs in_app,in_app,0.2122146949,6.009762937
chat vs in_app,in_app,0.2139864778,4.863051611
chat vs in_app,in_app,0.2157582607,3.885470836
chat vs in_app,in_app,0.2175300436,3.065658321
chat vs in_app,in_app,0.2193018265,2.388963693
chat vs in_app,in_app,0.2210736094,1.838907098
chat vs in_app,in_app,0.2228453923,1.398400617
chat vs in_app,in_app,0.2246171752,1.050704501
chat vs in_app,in_app,0.2263889581,0.7801189656
chat vs in_app,in_app,0.228160741,0.5724334065
chat vs in_app,in_app,0.2299325239,0.4151683297
chat vs in_app,in_app,0.2317043068,0.2976517387
chat vs in_app,in_app,0.2334760897,0.2109726268
chat vs in_app,in_app,0.2352478726,0.1478510803
chat vs in_app,in_app,0.2370196555,0.1024588718
chat vs in_app,in_app,0.2387914384,0.07021761317
chat vs in_app,in_app,0.2405632213,0.0475945853
chat vs in_app,in_app,0.2423350042,0.03190997283
chat vs in_app,in_app,0.2441067871,0.02116381789
chat vs in_app,in_app,0.2458785699,0.01388674603
chat vs in_app,in_app,0.2476503528,0.009015400105
chat vs in_app,in_app,0.2494221357,0.00579142801
chat vs in_app,in_app,0.2511939186,0.003681625132
chat vs in_app,in_app,0.2529657015,0.002316236183
chat vs in_app,in_app,0.2547374844,0.001442283585
chat vs in_app,in_app,0.2565092673,0.000888949862
chat vs in_app,in_app,0.2582810502,0.0005423704229
chat vs in_app,in_app,0.2600528331,0.0003275965439
chat vs in_app,in_app,0.261824616,0.0001959019699
chat vs in_app,in_app,0.2635963989,0.0001159912509
chat vs in_app,in_app,0.2653681818,6.800307291e-05
chat vs in_app,in_app,0.2671399647,3.94800654e-05
chat vs in_app,in_app,0.2689117476,2.269873065e-05
chat vs in_app,in_app,0.2706835305,1.292490218e-05
chat vs in_app,in_app,0.2724553134,7.289232525e-06
chat vs in_app,in_app,0.2742270963,4.071845815e-06
chat vs in_app,in_app,0.2759988792,2.253104072e-06
chat vs in_app,in_app,0.2777706621,1.23502663e-06
chat vs in_app,in_app,0.279542445,6.706571991e-07
chat vs in_app,in_app,0.2813142279,3.608090771e-07
chat vs in_app,in_app,0.2830860108,1.923223083e-07
chat vs in_app,in_app,0.2848577937,1.015732458e-07
chat vs in_app,in_app,0.2866295766,5.315546905e-08
chat vs in_app,in_app,0.2884013595,2.756490031e-08
chat vs in_app,in_app,0.2901731424,1.416527603e-08
chat vs in_app,in_app,0.2919449253,7.213956483e-09
chat vs in_app,in_app,0.2937167082,3.641002714e-09
chat vs in_app,in_app,0.2954884911,1.821319282e-09
chat vs in_app,in_app,0.297260274,9.029980456e-10
chat vs voice_transcript,chat,0.09726027397,1.227294048e-13
chat vs voice_transcript,chat,0.09905830526,5.334922236e-13
chat vs voice_transcript,chat,0.1008563365,2.206409637e-12
chat vs voice_transcript,chat,0.1026543678,8.696551417e-12
chat vs voice_transcript,chat,0.1044523991,3.271878591e-11
chat vs voice_transcript,chat,0.1062504304,1.176758701e-10
chat vs voice_transcript,chat,0.1080484617,4.05168542e-10
chat vs voice_transcript,chat,0.109846493,1.337301062e-09
chat vs voice_transcript,chat,0.1116445243,4.236684388e-09
chat vs voice_transcript,chat,0.1134425555,1.289905168e-08
chat vs voice_transcript,chat,0.1152405868,3.778593784e-08
chat vs voice_transcript,chat,0.1170386181,1.066168043e-07
chat vs voice_transcript,chat,0.1188366494,2.900708899e-07
chat vs voice_transcript,chat,0.1206346807,7.617364187e-07
chat vs voice_transcript,chat,0.122432712,1.932621147e-06
chat vs voice_transcript,chat,0.1242307433,4.741666014e-06
chat vs voice_transcript,chat,0.1260287746,1.126006029e-05
chat vs voice_transcript,chat,0.1278268058,2.590256586e-05
chat vs voice_transcript,chat,0.1296248371,5.776813962e-05
chat vs voice_transcript,chat,0.1314228684,0.0001250011429
chat vs voice_transcript,chat,0.1332208997,0.0002626286786
chat vs voice_transcript,chat,0.135018931,0.0005361449849
chat vs voice_transcript,chat,0.1368169623,0.001064219391
chat vs voice_transcript,chat,0.1386149936,0.002055294019
chat vs voice_transcript,chat,0.1404130248,0.003864421068
chat vs voice_transcript,chat,0.1422110561,0.007078248085
chat vs voice_transcript,chat,0.1440090874,0.01263720456
chat vs voice_transcript,chat,0.1458071187,0.02200409767
chat vs voice_transcript,chat,0.14760515,0.03738674792
chat vs voice_transcript,chat,0.1494031813,0.06201816969
chat vs voice_transcript,chat,0.1512012126,0.1004904025
chat vs voice_transcript,chat,0.1529992438,0.1591270323
chat vs voice_transcript,chat,0.1547972751,0.2463649319
chat vs voice_transcript,chat,0.1565953064,0.3730989152
chat vs voice_transcript,chat,0.1583933377,0.552925998
chat vs voice_transcript,chat,0.160191369,0.8022120159
chat vs voice_transcript,chat,0.1619894003,1.13989639
chat vs voice_transcript,chat,0.1637874316,1.586954966
chat vs voice_transcript,chat,0.1655854629,2.165459424
chat vs voice_transcript,chat,0.1673834941,2.897206508
chat vs voice_transcript,chat,0.1691815254,3.801940239
chat vs voice_transcript,chat,0.1709795567,4.895251399
chat vs voice_transcript,chat,0.172777588,6.18630345
chat vs voice_transcript,chat,0.1745756193,7.675593097
chat vs voice_transcript,chat,0.1763736506,9.352995762
chat vs voice_transcript,chat,0.1781716819,11.19636136
chat vs voice_transcript,chat,0.1799697131,13.17090656
chat vs voice_transcript,chat,0.1817677444,15.2295935
chat vs voice_transcript,chat,0.1835657757,17.3145955
chat vs voice_transcript,chat,0.185363807,19.35983576
chat vs voice_transcript,chat,0.1871618383,21.29446144
chat vs voice_transcript,chat,0.1889598696,23.04699782
chat vs voice_transcript,chat,0.1907579009,24.54983456
chat vs voice_transcript,chat,0.1925559321,25.74364122
chat vs voice_transcript,chat,0.1943539634,26.58130271
chat vs voice_transcript,chat,0.1961519947,27.03100709
chat vs voice_transcript,chat,0.197950026,27.07820542
chat vs voice_transcript,chat,0.1997480573,26.72628146
chat vs voice_transcript,chat,0.2015460886,25.99590439
chat vs voice_transcript,chat,0.2033441199,24.92317012
chat vs voice_transcript,chat,0.2051421512,23.55675133
chat vs voice_transcript,chat,0.2069401824,21.95435845
chat vs voice_transcript,chat,0.2087382137,20.17885686
chat vs voice_transcript,chat,0.210536245,18.29438704
chat vs voice_transcript,chat,0.2123342763,16.36279887
chat vs voice_transcript,chat,0.2141323076,14.44064664
chat vs voice_transcript,chat,0.2159303389,12.57690941
chat vs voice_transcript,chat,0.2177283702,10.81151318
chat vs voice_transcript,chat,0.2195264014,9.17464898
chat vs voice_transcript,chat,0.2213244327,7.686811637
chat vs voice_transcript,chat,0.223122464,6.359434159
chat vs voice_transcript,chat,0.2249204953,5.195964036
chat vs voice_transcript,chat,0.2267185266,4.193219201
chat vs voice_transcript,chat,0.2285165579,3.342870324
chat vs voice_transcript,chat,0.2303145892,2.632917591
chat vs voice_transcript,chat,0.2321126204,2.049059304
chat vs voice_transcript,chat,0.2339106517,1.575881764
chat vs voice_transcript,chat,0.235708683,1.197830835
chat vs voice_transcript,chat,0.2375067143,0.8999526584
chat vs voice_transcript,chat,0.2393047456,0.6684122483
chat vs voice_transcript,chat,0.2411027769,0.4908136782
chat vs voice_transcript,chat,0.2429008082,0.3563544254
chat vs voice_transcript,chat,0.2446988395,0.2558499916
chat vs voice_transcript,chat,0.2464968707,0.1816643645
chat vs voice_transcript,chat,0.248294902,0.1275784609
chat vs voice_transcript,chat,0.2500929333,0.08862358831
chat vs voice_transcript,chat,0.2518909646,0.06090117295
chat vs voice_transcript,chat,0.2536889959,0.04140428443
chat vs voice_transcript,chat,0.2554870272,0.02785134212
chat vs voice_transcript,chat,0.2572850585,0.01853809537
chat vs voice_transcript,chat,0.2590830897,0.01221063314
chat vs voice_transcript,chat,0.260881121,0.007959766774
chat vs voice_transcript,chat,0.2626791523,0.00513553469
chat vs voice_transcript,chat,0.2644771836,0.003279648748
chat vs voice_transcript,chat,0.2662752149,0.002073278479
chat vs voice_transcript,chat,0.2680732462,0.00129750198
chat vs voice_transcript,chat,0.2698712775,0.0008039131069
chat vs voice_transcript,chat,0.2716693087,0.0004931632118
chat vs voice_transcript,chat,0.27346734,0.0002995585464
chat vs voice_transcript,chat,0.2752653713,0.000180181607
chat vs voice_transcript,chat,0.2770634026,0.0001073258551
chat vs voice_transcript,chat,0.2788614339,6.331259862e-05
chat vs voice_transcript,chat,0.2806594652,3.699080626e-05
chat vs voice_transcript,chat,0.2824574965,2.140625134e-05
chat vs voice_transcript,chat,0.2842555278,1.227030067e-05
chat vs voice_transcript,chat,0.286053559,6.967251226e-06
chat vs voice_transcript,chat,0.2878515903,3.919066898e-06
chat vs voice_transcript,chat,0.2896496216,2.183943681e-06
chat vs voice_transcript,chat,0.2914476529,1.205756807e-06
chat vs voice_transcript,chat,0.2932456842,6.595669683e-07
chat vs voice_transcript,chat,0.2950437155,3.574865544e-07
chat vs voice_transcript,chat,0.2968417468,1.919916416e-07
chat vs voice_transcript,chat,0.298639778,1.021753896e-07
chat vs voice_transcript,chat,0.3004378093,5.388534366e-08
chat vs voice_transcript,chat,0.3022358406,2.816267031e-08
chat vs voice_transcript,chat,0.3040338719,1.458725992e-08
chat vs voice_transcript,chat,0.3058319032,7.488376778e-09
chat vs voice_transcript,chat,0.3076299345,3.81006656e-09
chat vs voice_transcript,chat,0.3094279658,1.921430416e-09
chat vs voice_transcript,chat,0.311225997,9.604611264e-10
chat vs voice_transcript,voice_transcript,0.09726027397,3.462191564e-16
chat vs voice_transcript,voice_transcript,0.09905830526,1.639080593e-15
chat vs voice_transcript,voice_transcript,0.1008563365,7.386882088e-15
chat vs voice_transcript,voice_transcript,0.1026543678,3.17433864e-14
chat vs voice_transcript,voice_transcript,0.1044523991,1.302742133e-13
chat vs voice_transcript,voice_transcript,0.1062504304,5.113562079e-13
chat vs voice_transcript,voice_transcript,0.1080484617,1.922482777e-12
chat vs voice_transcript,voice_transcript,0.109846493,6.932000824e-12
chat vs voice_transcript,voice_transcript,0.1116445243,2.40030662e-11
chat vs voice_transcript,voice_transcript,0.1134425555,7.991250774e-11
chat vs voice_transcript,voice_transcript,0.1152405868,2.560976263e-10
chat vs voice_transcript,voice_transcript,0.1170386181,7.908941849e-10
chat vs voice_transcript,voice_transcript,0.1188366494,2.356190509e-09
chat vs voice_transcript,voice_transcript,0.1206346807,6.778256069e-09
chat vs voice_transcript,voice_transcript,0.122432712,1.884767923e-08
chat vs voice_transcript,voice_transcript,0.1242307433,5.070239765e-08
chat vs voice_transcript,voice_transcript,0.1260287746,1.320720173e-07
chat vs voice_transcript,voice_transcript,0.1278268058,3.334029455e-07
chat vs voice_transcript,voice_transcript,0.1296248371,8.163069488e-07
chat vs voice_transcript,voice_transcript,0.1314228684,1.939981136e-06
chat vs voice_transcript,voice_transcript,0.1332208997,4.478392522e-06
chat vs voice_transcript,voice_transcript,0.135018931,1.004928204e-05
chat vs voice_transcript,voice_transcript,0.1368169623,2.193468193e-05
chat vs voice_transcript,voice_transcript,0.1386149936,4.660092311e-05
chat vs voice_transcript,voice_transcript,0.1404130248,9.64266032e-05
chat vs voice_transcript,voice_transcript,0.1422110561,0.0001944464879
chat vs voice_transcript,voice_transcript,0.1440090874,0.000382345418
chat vs voice_transcript,voice_transcript,0.1458071187,0.0007335105073
chat vs voice_transcript,voice_transcript,0.14760515,0.001373676521
chat vs voice_transcript,voice_transcript,0.1494031813,0.002512549774
chat vs voice_transcript,voice_transcript,0.1512012126,0.004490689982
chat vs voice_transcript,voice_transcript,0.1529992438,0.007846716603
chat vs voice_transcript,voice_transcript,0.1547972751,0.01341035153
chat vs voice_transcript,voice_transcript,0.1565953064,0.02242659436
chat vs voice_transcript,voice_transcript,0.1583933377,0.0367150665
chat vs voice_transcript,voice_transcript,0.160191369,0.05886585868
chat vs voice_transcript,voice_transcript,0.1619894003,0.09246874184
chat vs voice_transcript,voice_transcript,0.1637874316,0.142366201
chat vs voice_transcript,voice_transcript,0.1655854629,0.2149125713
chat vs voice_transcript,voice_transcript,0.1673834941,0.3182121596
chat vs voice_transcript,voice_transcript,0.1691815254,0.4622996731
chat vs voice_transcript,voice_transcript,0.1709795567,0.6592180804
chat vs voice_transcript,voice_transcript,0.172777588,0.9229441058
chat vs voice_transcript,voice_transcript,0.1745756193,1.269111928
chat vs voice_transcript,voice_transcript,0.1763736506,1.714493138
chat vs voice_transcript,voice_transcript,0.1781716819,2.276206801
chat vs voice_transcript,voice_transcript,0.1799697131,2.970657642
chat vs voice_transcript,voice_transcript,0.1817677444,3.812231775
chat vs voice_transcript,voice_transcript,0.1835657757,4.811815141
chat vs voice_transcript,voice_transcript,0.185363807,5.975235864
chat vs voice_transcript,voice_transcript,0.1871618383,7.301762894
chat vs voice_transcript,voice_transcript,0.1889598696,8.782814173
chat vs voice_transcript,voice_transcript,0.1907579009,10.40103334
chat vs voice_transcript,voice_transcript,0.1925559321,12.12988134
chat vs voice_transcript,voice_transcript,0.1943539634,13.9338571
chat vs voice_transcript,voice_transcript,0.1961519947,15.76941153
chat vs voice_transcript,voice_transcript,0.197950026,17.58655565
chat vs voice_transcript,voice_transcript,0.1997480573,19.33109391
chat vs voice_transcript,voice_transcript,0.2015460886,20.94734579
chat vs voice_transcript,voice_transcript,0.2033441199,22.38116131
chat vs voice_transcript,voice_transcript,0.2051421512,23.58299685
chat vs voice_transcript,voice_transcript,0.2069401824,24.51080246
chat vs voice_transcript,voice_transcript,0.2087382137,25.13248277
chat vs voice_transcript,voice_transcript,0.210536245,25.42772982
chat vs voice_transcript,voice_transcript,0.2123342763,25.38908382
chat vs voice_transcript,voice_transcript,0.2141323076,25.02214935
chat vs voice_transcript,voice_transcript,0.2159303389,24.34497187
chat vs voice_transcript,voice_transcript,0.2177283702,23.38665315
chat vs voice_transcript,voice_transcript,0.2195264014,22.18534693
chat vs voice_transcript,voice_transcript,0.2213244327,20.78582058
chat vs voice_transcript,voice_transcript,0.223122464,19.23679223
chat vs voice_transcript,voice_transcript,0.2249204953,17.58825417
chat vs voice_transcript,voice_transcript,0.2267185266,15.88897445
chat vs voice_transcript,voice_transcript,0.2285165579,14.184334
chat vs voice_transcript,voice_transcript,0.2303145892,12.51461113
chat vs voice_transcript,voice_transcript,0.2321126204,10.91377525
chat vs voice_transcript,voice_transcript,0.2339106517,9.408802954
chat vs voice_transcript,voice_transcript,0.235708683,8.0194865
chat vs voice_transcript,voice_transcript,0.2375067143,6.758671279
chat vs voice_transcript,voice_transcript,0.2393047456,5.632836113
chat vs voice_transcript,voice_transcript,0.2411027769,4.642919132
chat vs voice_transcript,voice_transcript,0.2429008082,3.785291145
chat vs voice_transcript,voice_transcript,0.2446988395,3.052786133
chat vs voice_transcript,voice_transcript,0.2464968707,2.435712289
chat vs voice_transcript,voice_transcript,0.248294902,1.922784321
chat vs voice_transcript,voice_transcript,0.2500929333,1.501936241
chat vs voice_transcript,voice_transcript,0.2518909646,1.160991534
chat vs voice_transcript,voice_transcript,0.2536889959,0.8881830697
chat vs voice_transcript,voice_transcript,0.2554870272,0.6725274966
chat vs voice_transcript,voice_transcript,0.2572850585,0.5040678124
chat vs voice_transcript,voice_transcript,0.2590830897,0.3740033911
chat vs voice_transcript,voice_transcript,0.260881121,0.2747293869
chat vs voice_transcript,voice_transcript,0.2626791523,0.1998076605
chat vs voice_transcript,voice_transcript,0.2644771836,0.1438898439
chat vs voice_transcript,voice_transcript,0.2662752149,0.1026105031
chat vs voice_transcript,voice_transcript,0.2680732462,0.07246511685
chat vs voice_transcript,voice_transcript,0.2698712775,0.05068421099
chat vs voice_transcript,voice_transcript,0.2716693087,0.03511180063
chat vs voice_transcript,voice_transcript,0.27346734,0.02409348657
chat vs voice_transcript,voice_transcript,0.2752653713,0.01637725047
chat vs voice_transcript,voice_transcript,0.2770634026,0.01102820993
chat vs voice_transcript,voice_transcript,0.2788614339,0.007357307792
chat vs voice_transcript,voice_transcript,0.2806594652,0.004863054655
chat vs voice_transcript,voice_transcript,0.2824574965,0.003184941514
chat vs voice_transcript,voice_transcript,0.2842555278,0.002066907004
chat vs voice_transcript,voice_transcript,0.286053559,0.001329205066
chat vs voice_transcript,voice_transcript,0.2878515903,0.0008471072016
chat vs voice_transcript,voice_transcript,0.2896496216,0.000535036262
chat vs voice_transcript,voice_transcript,0.2914476529,0.000334926118
chat vs voice_transcript,voice_transcript,0.2932456842,0.0002078057963
chat vs voice_transcript,voice_transcript,0.2950437155,0.0001277998756
chat vs voice_transcript,voice_transcript,0.2968417468,7.790907403e-05
chat vs voice_transcript,voice_transcript,0.298639778,4.708153611e-05
chat vs voice_transcript,voice_transcript,0.3004378093,2.820575607e-05
chat vs voice_transcript,voice_transcript,0.3022358406,1.675206808e-05
chat vs voice_transcript,voice_transcript,0.3040338719,9.864183815e-06
chat vs voice_transcript,voice_transcript,0.3058319032,5.758825009e-06
chat vs voice_transcript,voice_transcript,0.3076299345,3.333527497e-06
chat vs voice_transcript,voice_transcript,0.3094279658,1.9133242e-06
chat vs voice_transcript,voice_transcript,0.311225997,1.088939822e-06
chat vs whatsapp,chat,0.09726027397,1.227294048e-13
chat vs whatsapp,chat,0.09908996014,5.47227074e-13
chat vs whatsapp,chat,0.1009196463,2.317450903e-12
chat vs whatsapp,chat,0.1027493325,9.337694502e-12
chat vs whatsapp,chat,0.1045790186,3.58572068e-11
chat vs whatsapp,chat,0.1064087048,1.3143307e-10
chat vs whatsapp,chat,0.108238391,4.605457257e-10
chat vs whatsapp,chat,0.1100680771,1.544885907e-09
chat vs whatsapp,chat,0.1118977633,4.967759556e-09
chat vs whatsapp,chat,0.1137274495,1.533279987e-08
chat vs whatsapp,chat,0.1155571356,4.547874572e-08
chat vs whatsapp,chat,0.1173868218,1.297853825e-07
chat vs whatsapp,chat,0.119216508,3.567417375e-07
chat vs whatsapp,chat,0.1210461941,9.454776318e-07
chat vs whatsapp,chat,0.1228758803,2.418551158e-06
chat vs whatsapp,chat,0.1247055665,5.977008042e-06
chat vs whatsapp,chat,0.1265352526,1.428355505e-05
chat vs whatsapp,chat,0.1283649388,3.303654597e-05
chat vs whatsapp,chat,0.130194625,7.401577633e-05
chat vs whatsapp,chat,0.1320243111,0.00016075899
chat vs whatsapp,chat,0.1338539973,0.0003387527533
chat vs whatsapp,chat,0.1356836835,0.0006930561164
chat vs whatsapp,chat,0.1375133697,0.001377654256
chat vs whatsapp,chat,0.1393430558,0.002662527914
chat vs whatsapp,chat,0.141172742,0.005006269429
chat vs whatsapp,chat,0.1430024282,0.009163749698
chat vs whatsapp,chat,0.1448321143,0.01633929728
chat vs whatsapp,chat,0.1466618005,0.02839532221
chat vs whatsapp,chat,0.1484914867,0.04812336828
chat vs whatsapp,chat,0.1503211728,0.07957825566
chat vs whatsapp,chat,0.152150859,0.1284655561
chat vs whatsapp,chat,0.1539805452,0.202557957
chat vs whatsapp,chat,0.1558102313,0.3120978557
chat vs whatsapp,chat,0.1576399175,0.4701237187
chat vs whatsapp,chat,0.1594696037,0.6926395731
chat vs whatsapp,chat,0.1612992898,0.9985348134
chat vs whatsapp,chat,0.163128976,1.40916019
chat vs whatsapp,chat,0.1649586622,1.947479911
chat vs whatsapp,chat,0.1667883483,2.636752221
chat vs whatsapp,chat,0.1686180345,3.498741827
chat vs whatsapp,chat,0.1704477207,4.551533812
chat vs whatsapp,chat,0.1722774068,5.807092809
chat vs whatsapp,chat,0.174107093,7.268782516
chat vs whatsapp,chat,0.1759367792,8.929116338
chat vs whatsapp,chat,0.1777664653,10.76803743
chat vs whatsapp,chat,0.1795961515,12.75201578
chat vs whatsapp,chat,0.1814258377,14.83419651
chat vs whatsapp,chat,0.1832555238,16.95573914
chat vs whatsapp,chat,0.18508521,19.04836157
chat vs whatsapp,chat,0.1869148962,21.03796109
chat vs whatsapp,chat,0.1887445823,22.84904684
chat vs whatsapp,chat,0.1905742685,24.4096054
chat vs whatsapp,chat,0.1924039547,25.65595099
chat vs whatsapp,chat,0.1942336408,26.53709579
chat vs whatsapp,chat,0.196063327,27.01821799
chat vs whatsapp,chat,0.1978930132,27.08290009
chat vs whatsapp,chat,0.1997226993,26.73394347
chat vs whatsapp,chat,0.2015523855,25.99271981
chat vs whatsapp,chat,0.2033820717,24.89717271
chat vs whatsapp,chat,0.2052117578,23.4987153
chat vs whatsapp,chat,0.207041444,21.85836435
chat vs whatsapp,chat,0.2088711302,20.042501
chat vs whatsapp,chat,0.2107008163,18.11864868
chat vs whatsapp,chat,0.2125305025,16.15161683
chat vs whatsapp,chat,0.2143601887,14.20028316
chat vs whatsapp,chat,0.2161898748,12.31519223
chat vs whatsapp,chat,0.218019561,10.53704721
chat vs whatsapp,chat,0.2198492472,8.896077849
chat vs whatsapp,chat,0.2216789333,7.412191207
chat vs whatsapp,chat,0.2235086195,6.095757311
chat vs whatsapp,chat,0.2253383057,4.948853229
chat vs whatsapp,chat,0.2271679918,3.966782921
chat vs whatsapp,chat,0.228997678,3.139703779
chat vs whatsapp,chat,0.2308273642,2.454217757
chat vs whatsapp,chat,0.2326570503,1.894819779
chat vs whatsapp,chat,0.2344867365,1.445132975
chat vs whatsapp,chat,0.2363164227,1.088894995
chat vs whatsapp,chat,0.2381461088,0.8106889349
chat vs whatsapp,chat,0.239975795,0.5964347041
chat vs whatsapp,chat,0.2418054812,0.4336716046
chat vs whatsapp,chat,0.2436351673,0.3116708432
chat vs whatsapp,chat,0.2454648535,0.2214189953
chat vs whatsapp,chat,0.2472945397,0.1555114046
chat vs whatsapp,chat,0.2491242258,0.1079896731
chat vs whatsapp,chat,0.250953912,0.07415109897
chat vs whatsapp,chat,0.2527835982,0.05035121586
chat vs whatsapp,chat,0.2546132843,0.03381425666
chat vs whatsapp,chat,0.2564429705,0.02246087454
chat vs whatsapp,chat,0.2582726567,0.0147580433
chat vs whatsapp,chat,0.2601023428,0.009592759076
chat vs whatsapp,chat,0.261932029,0.006168893441
chat vs whatsapp,chat,0.2637617152,0.003925141647
chat vs whatsapp,chat,0.2655914014,0.002471281066
chat vs whatsapp,chat,0.2674210875,0.001539717953
chat vs whatsapp,chat,0.2692507737,0.0009493907724
chat vs whatsapp,chat,0.2710804599,0.0005793824492
chat vs whatsapp,chat,0.272910146,0.0003499717551
chat vs whatsapp,chat,0.2747398322,0.0002092560303
chat vs whatsapp,chat,0.2765695184,0.0001238595426
chat vs whatsapp,chat,0.2783992045,7.257981215e-05
chat vs whatsapp,chat,0.2802288907,4.210800648e-05
chat vs whatsapp,chat,0.2820585769,2.418815967e-05
chat vs whatsapp,chat,0.283888263,1.37580335e-05
chat vs whatsapp,chat,0.2857179492,7.749088928e-06
chat vs whatsapp,chat,0.2875476354,4.322254326e-06
chat vs whatsapp,chat,0.2893773215,2.387587673e-06
chat vs whatsapp,chat,0.2912070077,1.306233872e-06
chat vs whatsapp,chat,0.2930366939,7.07811731e-07
chat vs whatsapp,chat,0.29486638,3.799021211e-07
chat vs whatsapp,chat,0.2966960662,2.019780314e-07
chat vs whatsapp,chat,0.2985257524,1.063740482e-07
chat vs whatsapp,chat,0.3003554385,5.549916431e-08
chat vs whatsapp,chat,0.3021851247,2.868638831e-08
chat vs whatsapp,chat,0.3040148109,1.469003583e-08
chat vs whatsapp,chat,0.305844497,7.453250084e-09
chat vs whatsapp,chat,0.3076741832,3.746813937e-09
chat vs whatsapp,chat,0.3095038694,1.866333877e-09
chat vs whatsapp,chat,0.3113335555,9.211788755e-10
chat vs whatsapp,chat,0.3131632417,4.505490999e-10
chat vs whatsapp,chat,0.3149929279,2.183732264e-10
chat vs whatsapp,whatsapp,0.09726027397,5.400564772e-18
chat vs whatsapp,whatsapp,0.09908996014,2.976640638e-17
chat vs whatsapp,whatsapp,0.1009196463,1.554205319e-16
chat vs whatsapp,whatsapp,0.1027493325,7.701761607e-16
chat vs whatsapp,whatsapp,0.1045790186,3.628553436e-15
chat vs whatsapp,whatsapp,0.1064087048,1.628024459e-14
chat vs whatsapp,whatsapp,0.108238391,6.967184067e-14
chat vs whatsapp,whatsapp,0.1100680771,2.848216006e-13
chat vs whatsapp,whatsapp,0.1118977633,1.113847578e-12
chat vs whatsapp,whatsapp,0.1137274495,4.172568134e-12
chat vs whatsapp,whatsapp,0.1155571356,1.499219427e-11
chat vs whatsapp,whatsapp,0.1173868218,5.173014955e-11
chat vs whatsapp,whatsapp,0.119216508,1.716116515e-10
chat vs whatsapp,whatsapp,0.1210461941,5.479723226e-10
chat vs whatsapp,whatsapp,0.1228758803,1.685937939e-09
chat vs whatsapp,whatsapp,0.1247055665,5.003077427e-09
chat vs whatsapp,whatsapp,0.1265352526,1.433400668e-08
chat vs whatsapp,whatsapp,0.1283649388,3.968591355e-08
chat vs whatsapp,whatsapp,0.130194625,1.062746956e-07
chat vs whatsapp,whatsapp,0.1320243111,2.754977047e-07
chat vs whatsapp,whatsapp,0.1338539973,6.919188429e-07
chat vs whatsapp,whatsapp,0.1356836835,1.684927316e-06
chat vs whatsapp,whatsapp,0.1375133697,3.981272841e-06
chat vs whatsapp,whatsapp,0.1393430558,9.134615077e-06
chat vs whatsapp,whatsapp,0.141172742,2.036509468e-05
chat vs whatsapp,whatsapp,0.1430024282,4.414677764e-05
chat vs whatsapp,whatsapp,0.1448321143,9.311192121e-05
chat vs whatsapp,whatsapp,0.1466618005,0.0001911929737
chat vs whatsapp,whatsapp,0.1484914867,0.0003824330921
chat vs whatsapp,whatsapp,0.1503211728,0.0007455946841
chat vs whatsapp,whatsapp,0.152150859,0.001417593396
chat vs whatsapp,whatsapp,0.1539805452,0.002629850798
chat vs whatsapp,whatsapp,0.1558102313,0.004762793808
chat vs whatsapp,whatsapp,0.1576399175,0.008424738951
chat vs whatsapp,whatsapp,0.1594696037,0.01456197629
chat vs whatsapp,whatsapp,0.1612992898,0.02460658533
chat vs whatsapp,whatsapp,0.163128976,0.04066685759
chat vs whatsapp,whatsapp,0.1649586622,0.06576163299
chat vs whatsapp,whatsapp,0.1667883483,0.1040939396
chat vs whatsapp,whatsapp,0.1686180345,0.1613508751
chat vs whatsapp,whatsapp,0.1704477207,0.2450059312
chat vs whatsapp,whatsapp,0.1722774068,0.3645877781
chat vs whatsapp,whatsapp,0.174107093,0.5318674291
chat vs whatsapp,whatsapp,0.1759367792,0.7609058752
chat vs whatsapp,whatsapp,0.1777664653,1.067899383
chat vs whatsapp,whatsapp,0.1795961515,1.470762415
chat vs whatsapp,whatsapp,0.1814258377,1.988400902
chat vs whatsapp,whatsapp,0.1832555238,2.639652568
chat vs whatsapp,whatsapp,0.18508521,3.441905855
chat vs whatsapp,whatsapp,0.1869148962,4.409452268
chat vs whatsapp,whatsapp,0.1887445823,5.55167409
chat vs whatsapp,whatsapp,0.1905742685,6.871214122
chat vs whatsapp,whatsapp,0.1924039547,8.362308988
chat vs whatsapp,whatsapp,0.1942336408,10.00948542
chat vs whatsapp,whatsapp,0.196063327,11.78681396
chat vs whatsapp,whatsapp,0.1978930132,13.65788368
chat vs whatsapp,whatsapp,0.1997226993,15.57660535
chat vs whatsapp,whatsapp,0.2015523855,17.4888736
chat vs whatsapp,whatsapp,0.2033820717,19.3350293
chat vs whatsapp,whatsapp,0.2052117578,21.05297288
chat vs whatsapp,whatsapp,0.207041444,22.58169937
chat vs whatsapp,whatsapp,0.2088711302,23.86496784
chat vs whatsapp,whatsapp,0.2107008163,24.85479116
chat vs whatsapp,whatsapp,0.2125305025,25.51443951
chat vs whatsapp,whatsapp,0.2143601887,25.8206944
chat vs whatsapp,whatsapp,0.2161898748,25.76516201
chat vs whatsapp,whatsapp,0.218019561,25.35454787
chat vs whatsapp,whatsapp,0.2198492472,24.60989603
chat vs whatsapp,whatsapp,0.2216789333,23.56489326
chat vs whatsapp,whatsapp,0.2235086195,22.26342077
chat vs whatsapp,whatsapp,0.2253383057,20.7565934
chat vs whatsapp,whatsapp,0.2271679918,19.09955511
chat vs whatsapp,whatsapp,0.228997678,17.34829787
chat vs whatsapp,whatsapp,0.2308273642,15.55674307
chat vs whatsapp,whatsapp,0.2326570503,13.77427534
chat vs whatsapp,whatsapp,0.2344867365,12.0438569
chat vs whatsapp,whatsapp,0.2363164227,10.40078382
chat vs whatsapp,whatsapp,0.2381461088,8.872083154
chat vs whatsapp,whatsapp,0.239975795,7.476496128
chat vs whatsapp,whatsapp,0.2418054812,6.224953219
chat vs whatsapp,whatsapp,0.2436351673,5.121423022
chat vs whatsapp,whatsapp,0.2454648535,4.164007904
chat vs whatsapp,whatsapp,0.2472945397,3.346164056
chat vs whatsapp,whatsapp,0.2491242258,2.657938211
chat vs whatsapp,whatsapp,0.250953912,2.087134506
chat vs whatsapp,whatsapp,0.2527835982,1.620349271
chat vs whatsapp,whatsapp,0.2546132843,1.243835782
chat vs whatsapp,whatsapp,0.2564429705,0.9441828082
chat vs whatsapp,whatsapp,0.2582726567,0.7088087694
chat vs whatsapp,whatsapp,0.2601023428,0.5262865417
chat vs whatsapp,whatsapp,0.261932029,0.3865225371
chat vs whatsapp,whatsapp,0.2637617152,0.2808179832
chat vs whatsapp,whatsapp,0.2655914014,0.2018411498
chat vs whatsapp,whatsapp,0.2674210875,0.1435375074
chat vs whatsapp,whatsapp,0.2692507737,0.101001361
chat vs whatsapp,whatsapp,0.2710804599,0.07032820093
chat vs whatsapp,whatsapp,0.272910146,0.04846248326
chat vs whatsapp,whatsapp,0.2747398322,0.03305127614
chat vs whatsapp,whatsapp,0.2765695184,0.02231047895
chat vs whatsapp,whatsapp,0.2783992045,0.01490728275
chat vs whatsapp,whatsapp,0.2802288907,0.009860229947
chat vs whatsapp,whatsapp,0.2820585769,0.006456598503
chat vs whatsapp,whatsapp,0.283888263,0.004185787224
chat vs whatsapp,whatsapp,0.2857179492,0.002686796825
chat vs whatsapp,whatsapp,0.2875476354,0.001707669232
chat vs whatsapp,whatsapp,0.2893773215,0.001074756644
chat vs whatsapp,whatsapp,0.2912070077,0.0006698529553
chat vs whatsapp,whatsapp,0.2930366939,0.0004134629237
chat vs whatsapp,whatsapp,0.29486638,0.0002527583651
chat vs whatsapp,whatsapp,0.2966960662,0.0001530417164
chat vs whatsapp,whatsapp,0.2985257524,9.178511164e-05
chat vs whatsapp,whatsapp,0.3003554385,5.452741825e-05
chat vs whatsapp,whatsapp,0.3021851247,3.208924104e-05
chat vs whatsapp,whatsapp,0.3040148109,1.870797115e-05
chat vs whatsapp,whatsapp,0.305844497,1.080530407e-05
chat vs whatsapp,whatsapp,0.3076741832,6.183154234e-06
chat vs whatsapp,whatsapp,0.3095038694,3.505622168e-06
chat vs whatsapp,whatsapp,0.3113335555,1.969339811e-06
chat vs whatsapp,whatsapp,0.3131632417,1.09621256e-06
chat vs whatsapp,whatsapp,0.3149929279,6.04651222e-07
email vs chat,email,0.09726027397,3.497506554e-13
email vs chat,email,0.09894709009,1.318939663e-12
email vs chat,email,0.1006339062,4.768921781e-12
email vs chat,email,0.1023207223,1.655466271e-11
email vs chat,email,0.1040075384,5.524244574e-11
email vs chat,email,0.1056943545,1.774184729e-10
email vs chat,email,0.1073811707,5.490276157e-10
email vs chat,email,0.1090679868,1.638821397e-09
email vs chat,email,0.1107548029,4.723477824e-09
email vs chat,email,0.112441619,1.315876356e-08
email vs chat,email,0.1141284351,3.546516466e-08
email vs chat,email,0.1158152512,9.255823672e-08
email vs chat,email,0.1175020674,2.341152311e-07
email vs chat,email,0.1191888835,5.74387351e-07
email vs chat,email,0.1208756996,1.367994851e-06
email vs chat,email,0.1225625157,3.165175493e-06
email vs chat,email,0.1242493318,7.119681027e-06
email vs chat,email,0.1259361479,1.55802863e-05
email vs chat,email,0.127622964,3.319196674e-05
email vs chat,email,0.1293097802,6.888300652e-05
email vs chat,email,0.1309965963,0.0001393415562
email vs chat,email,0.1326834124,0.0002749135414
email vs chat,email,0.1343702285,0.0005293050891
email vs chat,email,0.1360570446,0.0009950584589
email vs chat,email,0.1377438607,0.001827481054
email vs chat,email,0.1394306769,0.003280496522
email vs chat,email,0.141117493,0.005758657238
email vs chat,email,0.1428043091,0.009890144491
email vs chat,email,0.1444911252,0.01662575002
email vs chat,email,0.1461779413,0.02736827825
email vs chat,email,0.1478647574,0.04413519417
email vs chat,email,0.1495515735,0.06975434322
email vs chat,email,0.1512383897,0.1080879577
email vs chat,email,0.1529252058,0.1642738993
email vs chat,email,0.1546120219,0.2449654192
email vs chat,email,0.156298838,0.3585422761
email vs chat,email,0.1579856541,0.5152578668
email vs chat,email,0.1596724702,0.7272805159
email vs chat,email,0.1613592863,1.008583895
email vs chat,email,0.1630461025,1.374643392
email vs chat,email,0.1647329186,1.841903533
email vs chat,email,0.1664197347,2.426997058
email vs chat,email,0.1681065508,3.14571882
email vs chat,email,0.1697933669,4.011785985
email vs chat,email,0.171480183,5.035447489
email vs chat,email,0.1731669992,6.222036697
email vs chat,email,0.1748538153,7.570587411
email vs chat,email,0.1765406314,9.072650237
email vs chat,email,0.1782274475,10.71145001
email vs chat,email,0.1799142636,12.46151289
email vs chat,email,0.1816010797,14.28886313
email vs chat,email,0.1832878958,16.15184603
email vs chat,email,0.184974712,18.00257884
email vs chat,email,0.1866615281,19.78897123
email vs chat,email,0.1883483442,21.45719821
email vs chat,email,0.1900351603,22.95445806
email vs chat,email,0.1917219764,24.23181265
email vs chat,email,0.1934087925,25.24689203
email vs chat,email,0.1950956087,25.9662512
email vs chat,email,0.1967824248,26.36719544
email vs chat,email,0.1984692409,26.43893627
email vs chat,email,0.200156057,26.18300003
email vs chat,email,0.2018428731,25.61287619
email vs chat,email,0.2035296892,24.75295738
email vs chat,email,0.2052165053,23.63687938
email vs chat,email,0.2069033215,22.30541249
email vs chat,email,0.2085901376,20.80408203
email vs chat,email,0.2102769537,19.18070291
email vs chat,email,0.2119637698,17.48300406
email vs chat,email,0.2136505859,15.75649346
email vs chat,email,0.215337402,14.0426796
email vs chat,email,0.2170242182,12.37772398
email vs chat,email,0.2187110343,10.79155686
email vs chat,email,0.2203978504,9.307449341
email vs chat,email,0.2220846665,7.942001933
email vs chat,email,0.2237714826,6.705485389
email vs chat,email,0.2254582987,5.60245457
email vs chat,email,0.2271451148,4.632550153
email vs chat,email,0.228831931,3.791405115
email vs chat,email,0.2305187471,3.0715813
email vs chat,email,0.2322055632,2.463474039
email vs chat,email,0.2338923793,1.956137786
email vs chat,email,0.2355791954,1.538001157
email vs chat,email,0.2372660115,1.197454257
email vs chat,email,0.2389528276,0.9233036566
email vs chat,email,0.2406396438,0.7051002708
email vs chat,email,0.2423264599,0.533352495
email vs chat,email,0.244013276,0.3996413537
email vs chat,email,0.2457000921,0.2966564462
email vs chat,email,0.2473869082,0.2181715995
email vs chat,email,0.2490737243,0.1589778588
email vs chat,email,0.2507605405,0.1147892459
email vs chat,email,0.2524473566,0.08213404856
email vs chat,email,0.2541341727,0.05824159895
email vs chat,email,0.2558209888,0.04093183239
email vs chat,email,0.2575078049,0.02851254577
email vs chat,email,0.259194621,0.01968729585
email vs chat,email,0.2608814371,0.01347531906
email vs chat,email,0.2625682533,0.009143699198
email vs chat,email,0.2642550694,0.006151216166
email vs chat,email,0.2659418855,0.004102814487
email vs chat,email,0.2676287016,0.002713373719
email vs chat,email,0.2693155177,0.001779379482
email vs chat,email,0.2710023338,0.001157131062
email vs chat,email,0.27268915,0.000746233461
email vs chat,email,0.2743759661,0.000477273896
email vs chat,email,0.2760627822,0.0003027495278
email vs chat,email,0.2777495983,0.0001904774527
email vs chat,email,0.2794364144,0.0001188690838
email vs chat,email,0.2811232305,7.358340783e-05
email vs chat,email,0.2828100466,4.518521989e-05
email vs chat,email,0.2844968628,2.752566328e-05
email vs chat,email,0.2861836789,1.663500535e-05
email vs chat,email,0.287870495,9.97402003e-06
email vs chat,email,0.2895573111,5.933317202e-06
email vs chat,email,0.2912441272,3.502050205e-06
email vs chat,email,0.2929309433,2.050980867e-06
email vs chat,email,0.2946177594,1.191878016e-06
email vs chat,email,0.2963045756,6.87304274e-07
email vs chat,email,0.2979913917,3.933045376e-07
email vs chat,chat,0.09726027397,1.227294048e-13
email vs chat,chat,0.09894709009,4.878532503e-13
email vs chat,chat,0.1006339062,1.855923869e-12
email vs chat,chat,0.1023207223,6.766475391e-12
email vs chat,chat,0.1040075384,2.367377955e-11
email vs chat,chat,0.1056943545,7.958276496e-11
email vs chat,chat,0.1073811707,2.573560412e-10
email vs chat,chat,0.1090679868,8.01506104e-10
email vs chat,chat,0.1107548029,2.40661568e-09
email vs chat,chat,0.112441619,6.974015438e-09
email vs chat,chat,0.1141284351,1.952378023e-08
email vs chat,chat,0.1158152512,5.285174244e-08
email vs chat,chat,0.1175020674,1.384716013e-07
email vs chat,chat,0.1191888835,3.514332246e-07
email vs chat,chat,0.1208756996,8.646977826e-07
email vs chat,chat,0.1225625157,2.064281595e-06
email vs chat,chat,0.1242493318,4.785044548e-06
email vs chat,chat,0.1259361479,1.077783101e-05
email vs chat,chat,0.127622964,2.360522849e-05
email vs chat,chat,0.1293097802,5.030457808e-05
email vs chat,chat,0.1309965963,0.0001043779603
email vs chat,chat,0.1326834124,0.0002109991622
email vs chat,chat,0.1343702285,0.000415797217
email vs chat,chat,0.1360570446,0.0007992079811
email vs chat,chat,0.1377438607,0.001499182663
email vs chat,chat,0.1394306769,0.002745971477
email vs chat,chat,0.141117493,0.004913669987
email vs chat,chat,0.1428043091,0.008594055176
email vs chat,chat,0.1444911252,0.01469868525
email vs chat,chat,0.1461779413,0.02459493741
email vs chat,chat,0.1478647574,0.0402801905
email vs chat,chat,0.1495515735,0.06459529355
email vs chat,chat,0.1512383897,0.1014734499
email vs chat,chat,0.1529252058,0.1562135448
email vs chat,chat,0.1546120219,0.2357579534
email vs chat,chat,0.156298838,0.3489446395
email vs chat,chat,0.1579856541,0.5066930994
email vs chat,chat,0.1596724702,0.7220751171
email vs chat,chat,0.1613592863,1.010216477
email vs chat,chat,0.1630461025,1.387976915
email vs chat,chat,0.1647329186,1.873364579
email vs chat,chat,0.1664197347,2.484659306
email vs chat,chat,0.1681065508,3.239246016
email vs chat,chat,0.1697933669,4.152194015
email vs chat,chat,0.171480183,5.234656707
email vs chat,chat,0.1731669992,6.492204591
email vs chat,chat,0.1748538153,7.923236786
email vs chat,chat,0.1765406314,9.517636925
email vs chat,chat,0.1782274475,11.2558431
email vs chat,chat,0.1799142636,13.10848522
email vs chat,chat,0.1816010797,15.03670611
email vs chat,chat,0.1832878958,16.99322687
email vs chat,chat,0.184974712,18.92414795
email vs chat,chat,0.1866615281,20.77140262
email vs chat,chat,0.1883483442,22.4757076
email vs chat,chat,0.1900351603,23.97979703
email vs chat,chat,0.1917219764,25.23168699
email vs chat,chat,0.1934087925,26.18770547
email vs chat,chat,0.1950956087,26.81503826
email vs chat,chat,0.1967824248,27.09358325
email vs chat,chat,0.1984692409,27.01696973
email vs chat,chat,0.200156057,26.59267626
email vs chat,chat,0.2018428731,25.84126351
email vs chat,chat,0.2035296892,24.79481515
email vs chat,chat,0.2052165053,23.49474415
email vs chat,chat,0.2069033215,21.9891662
email vs chat,chat,0.2085901376,20.3300636
email vs chat,chat,0.2102769537,18.57046141
email vs chat,chat,0.2119637698,16.76181508
email vs chat,chat,0.2136505859,14.95177023
email vs chat,chat,0.215337402,13.18240623
email vs chat,chat,0.2170242182,11.48902227
email vs chat,chat,0.2187110343,9.899473743
email vs chat,chat,0.2203978504,8.434022404
email vs chat,chat,0.2220846665,7.105629947
email vs chat,chat,0.2237714826,5.920602205
email vs chat,chat,0.2254582987,4.879480913
email vs chat,chat,0.2271451148,3.978080319
email vs chat,chat,0.228831931,3.208574902
email vs chat,chat,0.2305187471,2.560559545
email vs chat,chat,0.2322055632,2.022021871
email vs chat,chat,0.2338923793,1.580185918
email vs chat,chat,0.2355791954,1.222204593
email vs chat,chat,0.2372660115,0.935694309
email vs chat,chat,0.2389528276,0.7091177549
email vs chat,chat,0.2406396438,0.5320298182
email vs chat,chat,0.2423264599,0.3952071648
email vs chat,chat,0.244013276,0.2906845187
email vs chat,chat,0.2457000921,0.2117207241
email vs chat,chat,0.2473869082,0.152715963
email vs chat,chat,0.2490737243,0.1090986677
email vs chat,chat,0.2507605405,0.07719726361
email vs chat,chat,0.2524473566,0.0541083743
email vs chat,chat,0.2541341727,0.0375698144
email vs chat,chat,0.2558209888,0.02584381806
email vs chat,chat,0.2575078049,0.01761358139
email vs chat,chat,0.259194621,0.01189437413
email vs chat,chat,0.2608814371,0.007959160741
email vs chat,chat,0.2625682533,0.005277798745
email vs chat,chat,0.2642550694,0.003468371909
email vs chat,chat,0.2659418855,0.002258980668
email vs chat,chat,0.2676287016,0.001458275089
email vs chat,chat,0.2693155177,0.0009331079896
email vs chat,chat,0.2710023338,0.0005918540874
email vs chat,chat,0.27268915,0.0003721447101
email vs chat,chat,0.2743759661,0.0002319781392
email vs chat,chat,0.2760627822,0.000143365035
email vs chat,chat,0.2777495983,8.784616077e-05
email vs chat,chat,0.2794364144,5.337126497e-05
email vs chat,chat,0.2811232305,3.21527878e-05
email vs chat,chat,0.2828100466,1.920776852e-05
email vs chat,chat,0.2844968628,1.137895852e-05
email vs chat,chat,0.2861836789,6.685210656e-06
email vs chat,chat,0.287870495,3.895236298e-06
email vs chat,chat,0.2895573111,2.251009342e-06
email vs chat,chat,0.2912441272,1.290219854e-06
email vs chat,chat,0.2929309433,7.33517965e-07
email vs chat,chat,0.2946177594,4.136524539e-07
email vs chat,chat,0.2963045756,2.313955563e-07
email vs chat,chat,0.2979913917,1.284059869e-07
email vs in_app,email,0.08641810919,2.282930181e-17
email vs in_app,email,0.08819603593,1.276701281e-16
email vs in_app,email,0.08997396267,6.736009546e-16
email vs in_app,email,0.09175188942,3.360335428e-15
email vs in_app,email,0.09352981616,1.588268732e-14
email vs in_app,email,0.09530774291,7.126410849e-14
email vs in_app,email,0.09708566965,3.041027211e-13
email vs in_app,email,0.09886359639,1.23630544e-12
email vs in_app,email,0.1006415231,4.796232345e-12
email vs in_app,email,0.1024194499,1.77835666e-11
email vs in_app,email,0.1041973766,6.311344911e-11
email vs in_app,email,0.1059753034,2.146924778e-10
email vs in_app,email,0.1077532301,7.009395098e-10
email vs in_app,email,0.1095311569,2.199183398e-09
email vs in_app,email,0.1113090836,6.638672563e-09
email vs in_app,email,0.1130870103,1.930352527e-08
email vs in_app,email,0.1148649371,5.412536338e-08
email vs in_app,email,0.1166428638,1.46495763e-07
email vs in_app,email,0.1184207906,3.831244699e-07
email vs in_app,email,0.1201987173,9.690727935e-07
email vs in_app,email,0.1219766441,2.372834136e-06
email vs in_app,email,0.1237545708,5.629221905e-06
email vs in_app,email,0.1255324975,1.294966794e-05
email vs in_app,email,0.1273104243,2.890960025e-05
email vs in_app,email,0.129088351,6.267987799e-05
email vs in_app,email,0.1308662778,0.000132078613
email vs in_app,email,0.1326442045,0.0002706810698
email vs in_app,email,0.1344221313,0.0005398768918
email vs in_app,email,0.136200058,0.001048629006
email vs in_app,email,0.1379779848,0.001984755585
email vs in_app,email,0.1397559115,0.00366275213
email vs in_app,email,0.1415338382,0.006594330414
email vs in_app,email,0.143311765,0.01158869285
email vs in_app,email,0.1450896917,0.01988967492
email vs in_app,email,0.1468676185,0.03335575409
email vs in_app,email,0.1486455452,0.05468596862
email vs in_app,email,0.150423472,0.08768949913
email vs in_app,email,0.1522013987,0.1375887363
email vs in_app,email,0.1539793254,0.2113351875
email vs in_app,email,0.1557572522,0.3179052392
email vs in_app,email,0.1575351789,0.4685299689
email vs in_app,email,0.1593131057,0.6768019861
email vs in_app,email,0.1610910324,0.9585953315
email vs in_app,email,0.1628689592,1.331734643
email vs in_app,email,0.1646468859,1.815359691
email vs in_app,email,0.1664248127,2.428952616
email vs in_app,email,0.1682027394,3.191027908
email vs in_app,email,0.1699806661,4.117527344
email vs in_app,email,0.1717585929,5.220009761
email vs in_app,email,0.1735365196,6.503772471
email vs in_app,email,0.1753144464,7.96608015
email vs in_app,email,0.1770923731,9.594700532
email vs in_app,email,0.1788702999,11.36694798
email vs in_app,email,0.1806482266,13.24941204
email vs in_app,email,0.1824261533,15.19849805
email vs in_app,email,0.1842040801,17.16183448
email vs in_app,email,0.1859820068,19.08051436
email vs in_app,email,0.1877599336,20.89204659
email vs in_app,email,0.1895378603,22.53380859
email vs in_app,email,0.1913157871,23.94672727
email vs in_app,email,0.1930937138,25.07887853
email vs in_app,email,0.1948716405,25.88869392
email vs in_app,email,0.1966495673,26.34749579
email vs in_app,email,0.198427494,26.44114647
email vs in_app,email,0.2002054208,26.17068434
email vs in_app,email,0.2019833475,25.55191799
email vs in_app,email,0.2037612743,24.61404876
email vs in_app,email,0.205539201,23.39747738
email vs in_app,email,0.2073171278,21.95101589
email vs in_app,email,0.2090950545,20.32876293
email vs in_app,email,0.2108729812,18.5869087
email vs in_app,email,0.212650908,16.78071641
email vs in_app,email,0.2144288347,14.9618854
email vs in_app,email,0.2162067615,13.17644411
email vs in_app,email,0.2179846882,11.46325729
email vs in_app,email,0.219762615,9.853168983
email vs in_app,email,0.2215405417,8.368746736
email vs in_app,email,0.2233184684,7.024549384
email vs in_app,email,0.2250963952,5.827811321
email vs in_app,email,0.2268743219,4.779422181
email vs in_app,email,0.2286522487,3.875080218
email vs in_app,email,0.2304301754,3.106508058
email vs in_app,email,0.2322081022,2.462637534
email vs in_app,email,0.2339860289,1.930692676
email vs in_app,email,0.2357639557,1.497123381
email vs in_app,email,0.2375418824,1.14836442
email vs in_app,email,0.2393198091,0.8714134368
email vs in_app,email,0.2410977359,0.6542363802
email vs in_app,email,0.2428756626,0.4860192026
email vs in_app,email,0.2446535894,0.3572907276
email vs in_app,email,0.2464315161,0.2599440272
email vs in_app,email,0.2482094429,0.1871832032
email vs in_app,email,0.2499873696,0.1334200119
email vs in_app,email,0.2517652963,0.09414110375
email vs in_app,email,0.2535432231,0.0657624497
email vs in_app,email,0.2553211498,0.04548333489
email vs in_app,email,0.2570990766,0.03114845836
email vs in_app,email,0.2588770033,0.02112341725
email vs in_app,email,0.2606549301,0.01418625357
email vs in_app,email,0.2624328568,0.009435803422
email vs in_app,email,0.2642107835,0.006216251203
email vs in_app,email,0.2659887103,0.00405645634
email vs in_app,email,0.267766637,0.002622182526
email vs in_app,email,0.2695445638,0.00167921155
email vs in_app,email,0.2713224905,0.001065373904
email vs in_app,email,0.2731004173,0.0006696993559
email vs in_app,email,0.274878344,0.000417124033
email vs in_app,email,0.2766562708,0.0002574445323
email vs in_app,email,0.2784341975,0.0001574563578
email vs in_app,email,0.2802121242,9.543750409e-05
email vs in_app,email,0.281990051,5.733025988e-05
email vs in_app,email,0.2837679777,3.413325452e-05
email vs in_app,email,0.2855459045,2.014293732e-05
email vs in_app,email,0.2873238312,1.178259554e-05
email vs in_app,email,0.289101758,6.83208658e-06
email vs in_app,email,0.2908796847,3.927177659e-06
email vs in_app,email,0.2926576114,2.237909566e-06
email vs in_app,email,0.2944355382,1.264325088e-06
email vs in_app,email,0.2962134649,7.081872629e-07
email vs in_app,email,0.2979913917,3.933045376e-07
email vs in_app,in_app,0.08641810919,2.92725131e-15
email vs in_app,in_app,0.08819603593,1.540823718e-14
email vs in_app,in_app,0.08997396267,7.644053622e-14
email vs in_app,in_app,0.09175188942,3.582082653e-13
email vs in_app,in_app,0.09352981616,1.588898494e-12
email vs in_app,in_app,0.09530774291,6.684384453e-12
email vs in_app,in_app,0.09708566965,2.672020163e-11
email vs in_app,in_app,0.09886359639,1.016705469e-10
email vs in_app,in_app,0.1006415231,3.688507587e-10
email vs in_app,in_app,0.1024194499,1.277882869e-09
email vs in_app,in_app,0.1041973766,4.234142021e-09
email vs in_app,in_app,0.1059753034,1.343661193e-08
email vs in_app,in_app,0.1077532301,4.089301238e-08
email vs in_app,in_app,0.1095311569,1.195086814e-07
email vs in_app,in_app,0.1113090836,3.357915636e-07
email vs in_app,in_app,0.1130870103,9.081627068e-07
email vs in_app,in_app,0.1148649371,2.366796363e-06
email vs in_app,in_app,0.1166428638,5.950026856e-06
email vs in_app,in_app,0.1184207906,1.444355958e-05
email vs in_app,in_app,0.1201987173,3.388781508e-05
email vs in_app,in_app,0.1219766441,7.691748687e-05
email vs in_app,in_app,0.1237545708,0.0001690438803
email vs in_app,in_app,0.1255324975,0.0003600234821
email vs in_app,in_app,0.1273104243,0.0007436486441
email vs in_app,in_app,0.129088351,0.001490885201
email vs in_app,in_app,0.1308662778,0.002903220487
email vs in_app,in_app,0.1326442045,0.005495181312
email vs in_app,in_app,0.1344221313,0.01011683223
email vs in_app,in_app,0.136200058,0.01812800862
email vs in_app,in_app,0.1379779848,0.03163515699
email vs in_app,in_app,0.1397559115,0.05379785012
email vs in_app,in_app,0.1415338382,0.08920423534
email vs in_app,in_app,0.143311765,0.1443021038
email vs in_app,in_app,0.1450896917,0.2278549004
email vs in_app,in_app,0.1468676185,0.3513709225
email vs in_app,in_app,0.1486455452,0.5294317142
email vs in_app,in_app,0.150423472,0.7798262688
email vs in_app,in_app,0.1522013987,1.123386307
email vs in_app,in_app,0.1539793254,1.583420198
email vs in_app,in_app,0.1557572522,2.184663881
email vs in_app,in_app,0.1575351789,2.951709116
email vs in_app,in_app,0.1593131057,3.906931735
email vs in_app,in_app,0.1610910324,5.068020167
email vs in_app,in_app,0.1628689592,6.445287643
email vs in_app,in_app,0.1646468859,8.0390272
email vs in_app,in_app,0.1664248127,9.837221897
email vs in_app,in_app,0.1682027394,11.81394024
email vs in_app,in_app,0.1699806661,13.92871889
email vs in_app,in_app,0.1717585929,16.12715874
email vs in_app,in_app,0.1735365196,18.34284138
email vs in_app,in_app,0.1753144464,20.50052481
email vs in_app,in_app,0.1770923731,22.52041906
email vs in_app,in_app,0.1788702999,24.32319841
email vs in_app,in_app,0.1806482266,25.83529877
email vs in_app,in_app,0.1824261533,26.99399433
email vs in_app,in_app,0.1842040801,27.75175694
email vs in_app,in_app,0.1859820068,28.07947353
email vs in_app,in_app,0.1877599336,27.96822228
email vs in_app,in_app,0.1895378603,27.42946783
email vs in_app,in_app,0.1913157871,26.49370775
email vs in_app,in_app,0.1930937138,25.20776271
email vs in_app,in_app,0.1948716405,23.63103078
email vs in_app,in_app,0.1966495673,21.8311078
email vs in_app,in_app,0.198427494,19.87920455
email vs in_app,in_app,0.2002054208,17.84576828
email vs in_app,in_app,0.2019833475,15.79665102
email vs in_app,in_app,0.2037612743,13.79007174
email vs in_app,in_app,0.205539201,11.87451073
email vs in_app,in_app,0.2073171278,10.08756709
email vs in_app,in_app,0.2090950545,8.455716111
email vs in_app,in_app,0.2108729812,6.994832435
email vs in_app,in_app,0.212650908,5.711299976
email vs in_app,in_app,0.2144288347,4.603511662
email vs in_app,in_app,0.2162067615,3.663567565
email vs in_app,in_app,0.2179846882,2.879003145
email vs in_app,in_app,0.219762615,2.234413947
email vs in_app,in_app,0.2215405417,1.712882668
email vs in_app,in_app,0.2233184684,1.297153596
email vs in_app,in_app,0.2250963952,0.9705340239
email vs in_app,in_app,0.2268743219,0.7175298152
email vs in_app,in_app,0.2286522487,0.5242419309
email vs in_app,in_app,0.2304301754,0.3785624576
email vs in_app,in_app,0.2322081022,0.2702136636
email vs in_app,in_app,0.2339860289,0.1906732182
email vs in_app,in_app,0.2357639557,0.1330246324
email vs in_app,in_app,0.2375418824,0.09176572654
email vs in_app,in_app,0.2393198091,0.06260079952
email vs in_app,in_app,0.2410977359,0.04223513199
email vs in_app,in_app,0.2428756626,0.02818415034
email vs in_app,in_app,0.2446535894,0.01860435158
email vs in_app,in_app,0.2464315161,0.01214906675
email vs in_app,in_app,0.2482094429,0.007849270743
email vs in_app,in_app,0.2499873696,0.005017783235
email vs in_app,in_app,0.2517652963,0.003174152969
email vs in_app,in_app,0.2535432231,0.001987070924
email vs in_app,in_app,0.2553211498,0.001231129326
email vs in_app,in_app,0.2570990766,0.0007549758759
email vs in_app,in_app,0.2588770033,0.0004582842713
email vs in_app,in_app,0.2606549301,0.0002753859703
email vs in_app,in_app,0.2624328568,0.0001638269287
email vs in_app,in_app,0.2642107835,9.649308288e-05
email vs in_app,in_app,0.2659887103,5.627356912e-05
email vs in_app,in_app,0.267766637,3.249670263e-05
email vs in_app,in_app,0.2695445638,1.858356688e-05
email vs in_app,in_app,0.2713224905,1.052449871e-05
email vs in_app,in_app,0.2731004173,5.903141651e-06
email vs in_app,in_app,0.274878344,3.279446709e-06
email vs in_app,in_app,0.2766562708,1.804591775e-06
email vs in_app,in_app,0.2784341975,9.836557372e-07
email vs in_app,in_app,0.2802121242,5.311498989e-07
email vs in_app,in_app,0.281990051,2.841347079e-07
email vs in_app,in_app,0.2837679777,1.5058698e-07
email vs in_app,in_app,0.2855459045,7.90730731e-08
email vs in_app,in_app,0.2873238312,4.114047975e-08
email vs in_app,in_app,0.289101758,2.120950338e-08
email vs in_app,in_app,0.2908796847,1.083508538e-08
email vs in_app,in_app,0.2926576114,5.485226417e-09
email vs in_app,in_app,0.2944355382,2.751923033e-09
email vs in_app,in_app,0.2962134649,1.368283439e-09
email vs in_app,in_app,0.2979913917,6.74267041e-10
email vs voice_transcript,email,0.09799139168,6.250262669e-13
email vs voice_transcript,email,0.09978327912,2.507152834e-12
email vs voice_transcript,email,0.1015751666,9.597787457e-12
email vs voice_transcript,email,0.103367054,3.511894722e-11
email vs voice_transcript,email,0.1051589414,1.23006841e-10
email vs voice_transcript,email,0.1069508289,4.129897811e-10
email vs voice_transcript,email,0.1087427163,1.330902031e-09
email vs voice_transcript,email,0.1105346038,4.12188342e-09
email vs voice_transcript,email,0.1123264912,1.228309151e-08
email vs voice_transcript,email,0.1141183786,3.525954379e-08
email vs voice_transcript,email,0.1159102661,9.760544093e-08
email vs voice_transcript,email,0.1177021535,2.608249438e-07
email vs voice_transcript,email,0.119494041,6.734894723e-07
email vs voice_transcript,email,0.1212859284,1.682010015e-06
email vs voice_transcript,email,0.1230778158,4.066620832e-06
email vs voice_transcript,email,0.1248697033,9.526211367e-06
email vs voice_transcript,email,0.1266615907,2.163944271e-05
email vs voice_transcript,email,0.1284534782,4.770389828e-05
email vs voice_transcript,email,0.1302453656,0.0001021343388
email vs voice_transcript,email,0.132037253,0.0002125271064
email vs voice_transcript,email,0.1338291405,0.0004301135431
email vs voice_transcript,email,0.1356210279,0.0008471640548
email vs voice_transcript,email,0.1374129154,0.001624969899
email vs voice_transcript,email,0.1392048028,0.003037269362
email vs voice_transcript,email,0.1409966902,0.005535257724
email vs voice_transcript,email,0.1427885777,0.009841366081
email vs voice_transcript,email,0.1445804651,0.01707941425
email vs voice_transcript,email,0.1463723526,0.02894800856
email vs voice_transcript,email,0.14816424,0.0479415556
email vs voice_transcript,email,0.1499561274,0.07761840703
email vs voice_transcript,email,0.1517480149,0.1229080259
email vs voice_transcript,email,0.1535399023,0.1904386313
email vs voice_transcript,email,0.1553317898,0.2888540777
email vs voice_transcript,email,0.1571236772,0.4290750347
email vs voice_transcript,email,0.1589155646,0.6244469246
email vs voice_transcript,email,0.1607074521,0.8907082833
email vs voice_transcript,email,0.1624993395,1.245711331
email vs voice_transcript,email,0.164291227,1.708834489
email vs voice_transcript,email,0.1660831144,2.300046397
email vs voice_transcript,email,0.1678750018,3.038613274
email vs voice_transcript,email,0.1696668893,3.941484506
email vs voice_transcript,email,0.1714587767,5.021441376
email vs voice_transcript,email,0.1732506642,6.285144454
email vs voice_transcript,email,0.1750425516,7.731258868
email vs voice_transcript,email,0.176834439,9.348865104
email vs voice_transcript,email,0.1786263265,11.11636909
email vs voice_transcript,email,0.1804182139,13.00110431
email vs voice_transcript,email,0.1822101014,14.95976965
email vs voice_transcript,email,0.1840019888,16.93977252
email vs voice_transcript,email,0.1857938762,18.88145564
email vs voice_transcript,email,0.1875857637,20.72108825
email vs voice_transcript,email,0.1893776511,22.39441122
email vs voice_transcript,email,0.1911695386,23.84045393
email vs voice_transcript,email,0.192961426,25.00529824
email vs voice_transcript,email,0.1947533134,25.84545947
email vs voice_transcript,email,0.1965452009,26.33058559
email vs voice_transcript,email,0.1983370883,26.44524224
email vs voice_transcript,email,0.2001289758,26.18964188
email vs voice_transcript,email,0.2019208632,25.57928049
email vs voice_transcript,email,0.2037127506,24.64354996
email vs voice_transcript,email,0.2055046381,23.4234873
email vs voice_transcript,email,0.2072965255,21.96889158
email vs voice_transcript,email,0.209088413,20.33508054
email vs voice_transcript,email,0.2108803004,18.57956804
email vs voice_transcript,email,0.2126721878,16.75892356
email vs voice_transcript,email,0.2144640753,14.92603073
email vs voice_transcript,email,0.2162559627,13.12790146
email vs voice_transcript,email,0.2180478502,11.40413419
email vs voice_transcript,email,0.2198397376,9.786038003
email vs voice_transcript,email,0.221631625,8.296385005
email vs voice_transcript,email,0.2234235125,6.949707779
email vs voice_transcript,email,0.2252153999,5.753027938
email vs voice_transcript,email,0.2270072874,4.706887663
email vs voice_transcript,email,0.2287991748,3.806556057
email vs voice_transcript,email,0.2305910622,3.043293711
email vs voice_transcript,email,0.2323829497,2.405578596
email vs voice_transcript,email,0.2341748371,1.880220239
email vs voice_transcript,email,0.2359667246,1.4533142
email vs voice_transcript,email,0.237758612,1.111012097
email vs voice_transcript,email,0.2395504994,0.840102255
email vs voice_transcript,email,0.2413423869,0.628411342
email vs voice_transcript,email,0.2431342743,0.4650478281
email vs voice_transcript,email,0.2449261618,0.340514075
email vs voice_transcript,email,0.2467180492,0.2467160206
email vs voice_transcript,email,0.2485099366,0.176898597
email vs voice_transcript,email,0.2503018241,0.1255321737
email vs voice_transcript,email,0.2520937115,0.08817128782
email vs voice_transcript,email,0.253885599,0.06130242461
email vs voice_transcript,email,0.2556774864,0.04219318843
email vs voice_transcript,email,0.2574693738,0.02875121586
email vs voice_transcript,email,0.2592612613,0.01939783664
email vs voice_transcript,email,0.2610531487,0.01295885808
email vs voice_transcript,email,0.2628450362,0.008572920465
email vs voice_transcript,email,0.2646369236,0.005616566473
email vs voice_transcript,email,0.266428811,0.003644379997
email vs voice_transcript,email,0.2682206985,0.002342161485
email vs voice_transcript,email,0.2700125859,0.001491006187
email vs voice_transcript,email,0.2718044734,0.0009402421503
email vs voice_transcript,email,0.2735963608,0.0005873880791
email vs voice_transcript,email,0.2753882482,0.0003635485603
email vs voice_transcript,email,0.2771801357,0.0002229346891
email vs voice_transcript,email,0.2789720231,0.0001354553387
email vs voice_transcript,email,0.2807639106,8.15534815e-05
email vs voice_transcript,email,0.282555798,4.865648935e-05
email vs voice_transcript,email,0.2843476854,2.876830341e-05
email vs voice_transcript,email,0.2861395729,1.685720763e-05
email vs voice_transcript,email,0.2879314603,9.789871555e-06
email vs voice_transcript,email,0.2897233478,5.635205774e-06
email vs voice_transcript,email,0.2915152352,3.215176731e-06
email vs voice_transcript,email,0.2933071226,1.818370925e-06
email vs voice_transcript,email,0.2950990101,1.019441629e-06
email vs voice_transcript,email,0.2968908975,5.665831371e-07
email vs voice_transcript,email,0.298682785,3.121798798e-07
email vs voice_transcript,email,0.3004746724,1.705313409e-07
email vs voice_transcript,email,0.3022665598,9.235896551e-08
email vs voice_transcript,email,0.3040584473,4.959597955e-08
email vs voice_transcript,email,0.3058503347,2.640723564e-08
email vs voice_transcript,email,0.3076422222,1.394198029e-08
email vs voice_transcript,email,0.3094341096,7.299053608e-09
email vs voice_transcript,email,0.311225997,3.7893458e-09
email vs voice_transcript,voice_transcript,0.09799139168,6.554654677e-16
email vs voice_transcript,voice_transcript,0.09978327912,3.025323069e-15
email vs voice_transcript,voice_transcript,0.1015751666,1.330589601e-14
email vs voice_transcript,voice_transcript,0.103367054,5.585522988e-14
email vs voice_transcript,voice_transcript,0.1051589414,2.241257198e-13
email vs voice_transcript,voice_transcript,0.1069508289,8.609040725e-13
email vs voice_transcript,voice_transcript,0.1087427163,3.169922521e-12
email vs voice_transcript,voice_transcript,0.1105346038,1.12031345e-11
email vs voice_transcript,voice_transcript,0.1123264912,3.805100626e-11
email vs voice_transcript,voice_transcript,0.1141183786,1.243487237e-10
email vs voice_transcript,voice_transcript,0.1159102661,3.914297482e-10
email vs voice_transcript,voice_transcript,0.1177021535,1.188145596e-09
email vs voice_transcript,voice_transcript,0.119494041,3.48123659e-09
email vs voice_transcript,voice_transcript,0.1212859284,9.855305879e-09
email vs voice_transcript,voice_transcript,0.1230778158,2.698268339e-08
email vs voice_transcript,voice_transcript,0.1248697033,7.150997183e-08
email vs voice_transcript,voice_transcript,0.1266615907,1.836055133e-07
email vs voice_transcript,voice_transcript,0.1284534782,4.57085912e-07
email vs voice_transcript,voice_transcript,0.1302453656,1.10418887e-06
email vs voice_transcript,voice_transcript,0.132037253,2.590291063e-06
email vs voice_transcript,voice_transcript,0.1338291405,5.905087248e-06
email vs voice_transcript,voice_transcript,0.1356210279,1.309112065e-05
email vs voice_transcript,voice_transcript,0.1374129154,2.824153407e-05
email vs voice_transcript,voice_transcript,0.1392048028,5.932496661e-05
email vs voice_transcript,voice_transcript,0.1409966902,0.0001214200713
email vs voice_transcript,voice_transcript,0.1427885777,0.0002422718561
email vs voice_transcript,voice_transcript,0.1445804651,0.0004715426062
email vs voice_transcript,voice_transcript,0.1463723526,0.0008957382443
email vs voice_transcript,voice_transcript,0.14816424,0.00166154226
email vs voice_transcript,voice_transcript,0.1499561274,0.003011142124
email vs voice_transcript,voice_transcript,0.1517480149,0.005333989968
email vs voice_transcript,voice_transcript,0.1535399023,0.009240129812
email vs voice_transcript,voice_transcript,0.1553317898,0.01566049457
email vs voice_transcript,voice_transcript,0.1571236772,0.02597909618
email vs voice_transcript,voice_transcript,0.1589155646,0.04220042041
email vs voice_transcript,voice_transcript,0.1607074521,0.0671522192
email vs voice_transcript,voice_transcript,0.1624993395,0.1047189879
email vs voice_transcript,voice_transcript,0.164291227,0.1600946464
email vs voice_transcript,voice_transcript,0.1660831144,0.2400345622
email vs voice_transcript,voice_transcript,0.1678750018,0.3530777364
email vs voice_transcript,voice_transcript,0.1696668893,0.5097008726
email vs voice_transcript,voice_transcript,0.1714587767,0.7223587654
email vs voice_transcript,voice_transcript,0.1732506642,1.005361877
email vs voice_transcript,voice_transcript,0.1750425516,1.374544063
email vs voice_transcript,voice_transcript,0.176834439,1.846682799
email vs voice_transcript,voice_transcript,0.1786263265,2.438651815
email vs voice_transcript,voice_transcript,0.1804182139,3.166311629
email vs voice_transcript,voice_transcript,0.1822101014,4.043175424
email vs voice_transcript,voice_transcript,0.1840019888,5.078923001
email vs voice_transcript,voice_transcript,0.1857938762,6.277869954
email vs voice_transcript,voice_transcript,0.1875857637,7.637527479
email vs voice_transcript,voice_transcript,0.1893776511,9.147405376
email vs voice_transcript,voice_transcript,0.1911695386,10.78821227
email vs voice_transcript,voice_transcript,0.192961426,12.53159021
email vs voice_transcript,voice_transcript,0.1947533134,14.34048528
email vs voice_transcript,voice_transcript,0.1965452009,16.17020344
email vs voice_transcript,voice_transcript,0.1983370883,17.9701374
email vs voice_transcript,voice_transcript,0.2001289758,19.68608184
email vs voice_transcript,voice_transcript,0.2019208632,21.26298963
email vs voice_transcript,voice_transcript,0.2037127506,22.6479694
email vs voice_transcript,voice_transcript,0.2055046381,23.79329084
email vs voice_transcript,voice_transcript,0.2072965255,24.65915512
email vs voice_transcript,voice_transcript,0.209088413,25.21600321
email vs voice_transcript,voice_transcript,0.2108803004,25.44617532
email vs voice_transcript,voice_transcript,0.2126721878,25.34479388
email vs voice_transcript,voice_transcript,0.2144640753,24.91981395
email vs voice_transcript,voice_transcript,0.2162559627,24.19126031
email vs voice_transcript,voice_transcript,0.2180478502,23.18974058
email vs voice_transcript,voice_transcript,0.2198397376,21.95438202
email vs voice_transcript,voice_transcript,0.221631625,20.53037919
email vs voice_transcript,voice_transcript,0.2234235125,18.9663589
email vs voice_transcript,voice_transcript,0.2252153999,17.31176623
email vs voice_transcript,voice_transcript,0.2270072874,15.61445439
email vs voice_transcript,voice_transcript,0.2287991748,13.91862501
email vs voice_transcript,voice_transcript,0.2305910622,12.26322003
email vs voice_transcript,voice_transcript,0.2323829497,10.68081784
email vs voice_transcript,voice_transcript,0.2341748371,9.19703913
email vs voice_transcript,voice_transcript,0.2359667246,7.830427546
email vs voice_transcript,voice_transcript,0.237758612,6.59273911
email vs voice_transcript,voice_transcript,0.2395504994,5.489553912
email vs voice_transcript,voice_transcript,0.2413423869,4.521114445
email vs voice_transcript,voice_transcript,0.2431342743,3.683295397
email vs voice_transcript,voice_transcript,0.2449261618,2.968618226
email vs voice_transcript,voice_transcript,0.2467180492,2.367237877
email vs voice_transcript,voice_transcript,0.2485099366,1.867846126
email vs voice_transcript,voice_transcript,0.2503018241,1.458454025
email vs voice_transcript,voice_transcript,0.2520937115,1.127032917
email vs voice_transcript,voice_transcript,0.253885599,0.8620082062
email vs voice_transcript,voice_transcript,0.2556774864,0.6526117333
email vs voice_transcript,voice_transcript,0.2574693738,0.4891069087
email vs voice_transcript,voice_transcript,0.2592612613,0.3629058573
email vs voice_transcript,voice_transcript,0.2610531487,0.266600105
email vs voice_transcript,voice_transcript,0.2628450362,0.1939263445
email vs voice_transcript,voice_transcript,0.2646369236,0.1396871917
email vs voice_transcript,voice_transcript,0.266428811,0.09964417414
email vs voice_transcript,voice_transcript,0.2682206985,0.07039701192
email vs voice_transcript,voice_transcript,0.2700125859,0.04925997103
email vs voice_transcript,voice_transcript,0.2718044734,0.03414298797
email vs voice_transcript,voice_transcript,0.2735963608,0.02344257985
email vs voice_transcript,voice_transcript,0.2753882482,0.01594535137
email vs voice_transcript,voice_transcript,0.2771801357,0.01074521629
email vs voice_transcript,voice_transcript,0.2789720231,0.007174232638
email vs voice_transcript,voice_transcript,0.2807639106,0.004746146272
email vs voice_transcript,voice_transcript,0.282555798,0.003111269332
email vs voice_transcript,voice_transcript,0.2843476854,0.002021108872
email vs voice_transcript,voice_transcript,0.2861395729,0.001301132567
email vs voice_transcript,voice_transcript,0.2879314603,0.0008301500718
email vs voice_transcript,voice_transcript,0.2897233478,0.0005249497738
email vs voice_transcript,voice_transcript,0.2915152352,0.000329023728
email vs voice_transcript,voice_transcript,0.2933071226,0.0002044121226
email vs voice_transcript,voice_transcript,0.2950990101,0.0001258859007
email vs voice_transcript,voice_transcript,0.2968908975,7.685268137e-05
email vs voice_transcript,voice_transcript,0.298682785,4.651278638e-05
email vs voice_transcript,voice_transcript,0.3004746724,2.790849684e-05
email vs voice_transcript,voice_transcript,0.3022665598,1.660237067e-05
email vs voice_transcript,voice_transcript,0.3040584473,9.792455815e-06
email vs voice_transcript,voice_transcript,0.3058503347,5.726888831e-06
email vs voice_transcript,voice_transcript,0.3076422222,3.320999074e-06
email vs voice_transcript,voice_transcript,0.3094341096,1.909670226e-06
email vs voice_transcript,voice_transcript,0.311225997,1.088939822e-06
email vs whatsapp,email,0.09799139168,6.250262669e-13
email vs whatsapp,email,0.099814934,2.568347356e-12
email vs whatsapp,email,0.1016384763,1.005555992e-11
email vs whatsapp,email,0.1034620186,3.757191155e-11
email vs whatsapp,email,0.105285561,1.34182247e-10
email vs whatsapp,email,0.1071091033,4.587087278e-10
email vs whatsapp,email,0.1089326456,1.50311477e-09
email vs whatsapp,email,0.1107561879,4.727518449e-09
email vs whatsapp,email,0.1125797302,1.428909547e-08
email vs whatsapp,email,0.1144032726,4.155513041e-08
email vs whatsapp,email,0.1162268149,1.164088923e-07
email vs whatsapp,email,0.1180503572,3.144554962e-07
email vs whatsapp,email,0.1198738995,8.199584508e-07
email vs whatsapp,email,0.1216974419,2.065911461e-06
email vs whatsapp,email,0.1235209842,5.034160383e-06
email vs whatsapp,email,0.1253445265,1.187484601e-05
email vs whatsapp,email,0.1271680688,2.713860458e-05
email vs whatsapp,email,0.1289916111,6.013986823e-05
email vs whatsapp,email,0.1308151535,0.0001293285669
email vs whatsapp,email,0.1326386958,0.0002700913615
email vs whatsapp,email,0.1344622381,0.0005481819673
email vs whatsapp,email,0.1362857804,0.001082025065
email vs whatsapp,email,0.1381093227,0.002078437287
email vs whatsapp,email,0.1399328651,0.003887769404
email vs whatsapp,email,0.1417564074,0.007085883625
email vs whatsapp,email,0.1435799497,0.01259137183
email vs whatsapp,email,0.145403492,0.02182645912
email vs whatsapp,email,0.1472270343,0.03692844538
email vs whatsapp,email,0.1490505767,0.06101458073
email vs whatsapp,email,0.150874119,0.09849631301
email vs whatsapp,email,0.1526976613,0.1554285625
email vs whatsapp,email,0.1545212036,0.2398663186
email vs whatsapp,email,0.1563447459,0.3621854603
email vs whatsapp,email,0.1581682883,0.5353092745
email vs whatsapp,email,0.1599918306,0.7747695761
email vs whatsapp,email,0.1618153729,1.098525181
email vs whatsapp,email,0.1636389152,1.526464369
email vs whatsapp,email,0.1654624576,2.079534919
email vs whatsapp,email,0.1672859999,2.77847676
email vs whatsapp,email,0.1691095422,3.642177429
email vs whatsapp,email,0.1709330845,4.685725772
email vs whatsapp,email,0.1727566268,5.918298159
email vs whatsapp,email,0.1745801692,7.341065272
email vs whatsapp,email,0.1764037115,8.94534659
email vs whatsapp,email,0.1782272538,10.71125486
email vs whatsapp,email,0.1800507961,12.60705763
email vs whatsapp,email,0.1818743384,14.58943454
email vs whatsapp,email,0.1836978808,16.60473045
email vs whatsapp,email,0.1855214231,18.59120284
email vs whatsapp,email,0.1873449654,20.48215033
email vs whatsapp,email,0.1891685077,22.20970177
email vs whatsapp,email,0.19099205,23.70895834
email vs whatsapp,email,0.1928155924,24.92212655
email vs whatsapp,email,0.1946391347,25.8022678
email vs whatsapp,email,0.196462677,26.3163215
email vs whatsapp,email,0.1982862193,26.44713109
email vs whatsapp,email,0.2001097616,26.19430497
email vs whatsapp,email,0.201933304,25.57386415
email vs whatsapp,email,0.2037568463,24.61674951
email vs whatsapp,email,0.2055803886,23.36636851
email vs whatsapp,email,0.2074039309,21.87544195
email vs whatsapp,email,0.2092274733,20.20245827
email vs whatsapp,email,0.2110510156,18.40805267
email vs whatsapp,email,0.2128745579,16.55160403
email vs whatsapp,email,0.2146981002,14.68829052
email vs whatsapp,email,0.2165216425,12.86677432
email vs whatsapp,email,0.2183451849,11.12760754
email vs whatsapp,email,0.2201687272,9.502375193
email vs whatsapp,email,0.2219922695,8.013524777
email vs whatsapp,email,0.2238158118,6.674781775
email vs whatsapp,email,0.2256393541,5.492018563
email vs whatsapp,email,0.2274628965,4.464430742
email vs whatsapp,email,0.2292864388,3.585877951
email vs whatsapp,email,0.2311099811,2.846261895
email vs whatsapp,email,0.2329335234,2.232838391
email vs whatsapp,email,0.2347570657,1.73138837
email vs whatsapp,email,0.2365806081,1.327201222
email vs whatsapp,email,0.2384041504,1.005849638
email vs whatsapp,email,0.2402276927,0.7537563671
email vs whatsapp,email,0.242051235,0.5585691023
email vs whatsapp,email,0.2438747773,0.4093699052
email vs whatsapp,email,0.2456983197,0.2967508018
email vs whatsapp,email,0.247521862,0.2127882276
email vs whatsapp,email,0.2493454043,0.1509470335
email vs whatsapp,email,0.2511689466,0.1059408196
email vs whatsapp,email,0.252992489,0.07357041874
email vs whatsapp,email,0.2548160313,0.05055715443
email vs whatsapp,email,0.2566395736,0.03438260913
email vs whatsapp,email,0.2584631159,0.02314238828
email vs whatsapp,email,0.2602866582,0.01541792801
email vs whatsapp,email,0.2621102006,0.01016779432
email vs whatsapp,email,0.2639337429,0.006638101412
email vs whatsapp,email,0.2657572852,0.004290520653
email vs whatsapp,email,0.2675808275,0.002745723574
email vs whatsapp,email,0.2694043698,0.001739863573
email vs whatsapp,email,0.2712279122,0.001091729836
email vs whatsapp,email,0.2730514545,0.0006784002303
email vs whatsapp,email,0.2748749968,0.0004174995844
email vs whatsapp,email,0.2766985391,0.0002544796267
email vs whatsapp,email,0.2785220814,0.0001536398249
email vs whatsapp,email,0.2803456238,9.188287298e-05
email vs whatsapp,email,0.2821691661,5.443406299e-05
email vs whatsapp,email,0.2839927084,3.19475163e-05
email vs whatsapp,email,0.2858162507,1.857623368e-05
email vs whatsapp,email,0.2876397931,1.070177529e-05
email vs whatsapp,email,0.2894633354,6.108777518e-06
email vs whatsapp,email,0.2912868777,3.455215879e-06
email vs whatsapp,email,0.29311042,1.936599933e-06
email vs whatsapp,email,0.2949339623,1.075645879e-06
email vs whatsapp,email,0.2967575047,5.920844193e-07
email vs whatsapp,email,0.298581047,3.229999806e-07
email vs whatsapp,email,0.3004045893,1.746405009e-07
email vs whatsapp,email,0.3022281316,9.359002057e-08
email vs whatsapp,email,0.3040516739,4.971347905e-08
email vs whatsapp,email,0.3058752163,2.617557343e-08
email vs whatsapp,email,0.3076987586,1.366194537e-08
email vs whatsapp,email,0.3095223009,7.068699382e-09
email vs whatsapp,email,0.3113458432,3.625708879e-09
email vs whatsapp,email,0.3131693855,1.843690914e-09
email vs whatsapp,email,0.3149929279,9.294796609e-10
email vs whatsapp,whatsapp,0.09799139168,1.0752774e-17
email vs whatsapp,whatsapp,0.099814934,5.766308842e-17
email vs whatsapp,whatsapp,0.1016384763,2.932579184e-16
email vs whatsapp,whatsapp,0.1034620186,1.416954179e-15
email vs whatsapp,whatsapp,0.105285561,6.515604447e-15
email vs whatsapp,whatsapp,0.1071091033,2.855925078e-14
email vs whatsapp,whatsapp,0.1089326456,1.195079368e-13
email vs whatsapp,whatsapp,0.1107561879,4.781188191e-13
email vs whatsapp,whatsapp,0.1125797302,1.831319974e-12
email vs whatsapp,whatsapp,0.1144032726,6.724390522e-12
email vs whatsapp,whatsapp,0.1162268149,2.369985043e-11
email vs whatsapp,whatsapp,0.1180503572,8.02713067e-11
email vs whatsapp,whatsapp,0.1198738995,2.615719261e-10
email vs whatsapp,whatsapp,0.1216974419,8.209362306e-10
email vs whatsapp,whatsapp,0.1235209842,2.484078877e-09
email vs whatsapp,whatsapp,0.1253445265,7.25419407e-09
email vs whatsapp,whatsapp,0.1271680688,2.046407387e-08
email vs whatsapp,whatsapp,0.1289916111,5.581715308e-08
email vs whatsapp,whatsapp,0.1308151535,1.473305026e-07
email vs whatsapp,whatsapp,0.1326386958,3.766413015e-07
email vs whatsapp,whatsapp,0.1344622381,9.332959568e-07
email vs whatsapp,whatsapp,0.1362857804,2.243358588e-06
email vs whatsapp,whatsapp,0.1381093227,5.234607827e-06
email vs whatsapp,whatsapp,0.1399328651,1.186536968e-05
email vs whatsapp,whatsapp,0.1417564074,2.614469195e-05
email vs whatsapp,whatsapp,0.1435799497,5.603674741e-05
email vs whatsapp,whatsapp,0.145403492,0.0001169016294
email vs whatsapp,whatsapp,0.1472270343,0.0002375129231
email vs whatsapp,whatsapp,0.1490505767,0.0004702446968
email vs whatsapp,whatsapp,0.150874119,0.0009077622956
email vs whatsapp,whatsapp,0.1526976613,0.001709482373
email vs whatsapp,whatsapp,0.1545212036,0.003142140213
email vs whatsapp,whatsapp,0.1563447459,0.005639895344
email vs whatsapp,whatsapp,0.1581682883,0.009890300018
email vs whatsapp,whatsapp,0.1599918306,0.01695281585
email vs whatsapp,whatsapp,0.1618153729,0.02841594928
email vs whatsapp,whatsapp,0.1636389152,0.04659697333
email vs whatsapp,whatsapp,0.1654624576,0.07478410646
email vs whatsapp,whatsapp,0.1672859999,0.1175145586
email vs whatsapp,whatsapp,0.1691095422,0.1808729519
email vs whatsapp,whatsapp,0.1709330845,0.2727836674
email vs whatsapp,whatsapp,0.1727566268,0.4032586501
email vs whatsapp,whatsapp,0.1745801692,0.5845507876
email vs whatsapp,whatsapp,0.1764037115,0.8311544315
email vs whatsapp,whatsapp,0.1782272538,1.159591576
email vs whatsapp,whatsapp,0.1800507961,1.587927272
email vs whatsapp,whatsapp,0.1818743384,2.134973022
email vs whatsapp,whatsapp,0.1836978808,2.819163077
email vs whatsapp,whatsapp,0.1855214231,3.657124829
email vs whatsapp,whatsapp,0.1873449654,4.662008066
email vs whatsapp,whatsapp,0.1891685077,5.841683784
email vs whatsapp,whatsapp,0.19099205,7.196965159
email vs whatsapp,whatsapp,0.1928155924,8.720033912
email vs whatsapp,whatsapp,0.1946391347,10.39326789
email vs whatsapp,whatsapp,0.196462677,12.18865522
email vs whatsapp,whatsapp,0.1982862193,14.06794444
email vs whatsapp,whatsapp,0.2001097616,15.98362043
email vs whatsapp,whatsapp,0.201933304,17.88071736
email vs whatsapp,whatsapp,0.2037568463,19.69939201
email vs whatsapp,whatsapp,0.2055803886,21.37809347
email vs whatsapp,whatsapp,0.2074039309,22.85709144
email vs whatsapp,whatsapp,0.2092274733,24.08207431
email vs whatsapp,whatsapp,0.2110510156,25.00750881
email vs whatsapp,whatsapp,0.2128745579,25.59946758
email vs whatsapp,whatsapp,0.2146981002,25.83767927
email vs whatsapp,whatsapp,0.2165216425,25.71663072
email vs whatsapp,whatsapp,0.2183451849,25.24564403
email vs whatsapp,whatsapp,0.2201687272,24.44795
email vs whatsapp,whatsapp,0.2219922695,23.35887221
email vs whatsapp,whatsapp,0.2238158118,22.023312
email vs whatsapp,whatsapp,0.2256393541,20.49277605
email vs whatsapp,whatsapp,0.2274628965,18.82221079
email vs whatsapp,whatsapp,0.2292864388,17.06690168
email vs whatsapp,whatsapp,0.2311099811,15.27966434
email vs whatsapp,whatsapp,0.2329335234,13.50850359
email vs whatsapp,whatsapp,0.2347570657,11.79485533
email vs whatsapp,whatsapp,0.2365806081,10.17246149
email vs whatsapp,whatsapp,0.2384041504,8.666867836
email vs whatsapp,whatsapp,0.2402276927,7.295484757
email vs whatsapp,whatsapp,0.242051235,6.068114549
email vs whatsapp,whatsapp,0.2438747773,4.98782759
email vs whatsapp,whatsapp,0.2456983197,4.052063373
email vs whatsapp,whatsapp,0.247521862,3.253838227
email vs whatsapp,whatsapp,0.2493454043,2.582956933
email vs whatsapp,whatsapp,0.2511689466,2.027146724
email vs whatsapp,whatsapp,0.252992489,1.573055918
email vs whatsapp,whatsapp,0.2548160313,1.207082883
email vs whatsapp,whatsapp,0.2566395736,0.9160218884
email vs whatsapp,whatsapp,0.2584631159,0.687529321
email vs whatsapp,whatsapp,0.2602866582,0.5104261695
email vs whatsapp,whatsapp,0.2621102006,0.374860486
email vs whatsapp,whatsapp,0.2639337429,0.2723573489
email vs whatsapp,whatsapp,0.2657572852,0.1957843319
email vs whatsapp,whatsapp,0.2675808275,0.1392585633
email vs whatsapp,whatsapp,0.2694043698,0.09801799988
email vs whatsapp,whatsapp,0.2712279122,0.06827529872
email vs whatsapp,whatsapp,0.2730514545,0.04706827025
email vs whatsapp,whatsapp,0.2748749968,0.03211677049
email vs whatsapp,whatsapp,0.2766985391,0.02169230973
email vs whatsapp,whatsapp,0.2785220814,0.01450375643
email vs whatsapp,whatsapp,0.2803456238,0.009600318434
email vs whatsapp,whatsapp,0.2821691661,0.006291440589
email vs whatsapp,whatsapp,0.2839927084,0.004082272523
email vs whatsapp,whatsapp,0.2858162507,0.002622821174
email vs whatsapp,whatsapp,0.2876397931,0.001668694323
email vs whatsapp,whatsapp,0.2894633354,0.001051361874
email vs whatsapp,whatsapp,0.2912868777,0.0006560247058
email vs whatsapp,whatsapp,0.29311042,0.0004054200487
email vs whatsapp,whatsapp,0.2949339623,0.0002481596405
email vs whatsapp,whatsapp,0.2967575047,0.0001504600408
email vs whatsapp,whatsapp,0.298581047,9.036449809e-05
email vs whatsapp,whatsapp,0.3004045893,5.376294675e-05
email vs whatsapp,whatsapp,0.3022281316,3.168824199e-05
email vs whatsapp,whatsapp,0.3040516739,1.850392165e-05
email vs whatsapp,whatsapp,0.3058752163,1.07053303e-05
email vs whatsapp,whatsapp,0.3076987586,6.13658197e-06
email vs whatsapp,whatsapp,0.3095223009,3.485476337e-06
email vs whatsapp,whatsapp,0.3113458432,1.961666892e-06
email vs whatsapp,whatsapp,0.3131693855,1.094041403e-06
email vs whatsapp,whatsapp,0.3149929279,6.04651222e-07
in_app vs chat,in_app,0.08641810919,2.92725131e-15
in_app vs chat,in_app,0.08818989209,1.532164159e-14
in_app vs chat,in_app,0.08996167498,7.561405093e-14
in_app vs chat,in_app,0.09173345788,3.526186303e-13
in_app vs chat,in_app,0.09350524078,1.557084526e-12
in_app vs chat,in_app,0.09527702367,6.523356277e-12
in_app vs chat,in_app,0.09704880657,2.597662136e-11
in_app vs chat,in_app,0.09882058947,9.849265991e-11
in_app vs chat,in_app,0.1005923724,3.56164877e-10
in_app vs chat,in_app,0.1023641553,1.230277146e-09
in_app vs chat,in_app,0.1041359382,4.06539659e-09
in_app vs chat,in_app,0.1059077211,1.286949861e-08
in_app vs chat,in_app,0.107679504,3.908040984e-08
in_app vs chat,in_app,0.1094512869,1.13984754e-07
in_app vs chat,in_app,0.1112230698,3.197048376e-07
in_app vs chat,in_app,0.1129948526,8.63308362e-07
in_app vs chat,in_app,0.1147666355,2.246844211e-06
in_app vs chat,in_app,0.1165384184,5.641883668e-06
in_app vs chat,in_app,0.1183102013,1.368209371e-05
in_app vs chat,in_app,0.1200819842,3.207538253e-05
in_app vs chat,in_app,0.1218537671,7.275740027e-05
in_app vs chat,in_app,0.12362555,0.0001598256248
in_app vs chat,in_app,0.1253973329,0.0003402836482
in_app vs chat,in_app,0.1271691158,0.000702760388
in_app vs chat,in_app,0.1289408987,0.001408888126
in_app vs chat,in_app,0.1307126816,0.002743888884
in_app vs chat,in_app,0.1324844645,0.005194957531
in_app vs chat,in_app,0.1342562474,0.009567870665
in_app vs chat,in_app,0.1360280303,0.01715327473
in_app vs chat,in_app,0.1377998132,0.02995344533
in_app vs chat,in_app,0.1395715961,0.05097691173
in_app vs chat,in_app,0.141343379,0.08460114861
in_app vs chat,in_app,0.1431151619,0.1369917743
in_app vs chat,in_app,0.1448869448,0.2165502395
in_app vs chat,in_app,0.1466587277,0.3343417737
in_app vs chat,in_app,0.1484305106,0.5044336736
in_app vs chat,in_app,0.1502022935,0.7440546016
in_app vs chat,in_app,0.1519740764,1.073473347
in_app vs chat,in_app,0.1537458593,1.515495897
in_app vs chat,in_app,0.1555176422,2.094497511
in_app vs chat,in_app,0.1572894251,2.834944714
in_app vs chat,in_app,0.159061208,3.759420441
in_app vs chat,in_app,0.1608329909,4.88623953
in_app vs chat,in_app,0.1626047738,6.226822663
in_app vs chat,in_app,0.1643765567,7.783072317
in_app vs chat,in_app,0.1661483396,9.545050168
in_app vs chat,in_app,0.1679201225,11.48927819
in_app vs chat,in_app,0.1696919054,13.57796553
in_app vs chat,in_app,0.1714636883,15.75939631
in_app vs chat,in_app,0.1732354712,17.96960336
in_app vs chat,in_app,0.1750072541,20.13531234
in_app vs chat,in_app,0.176779037,22.17798656
in_app vs chat,in_app,0.1785508199,24.01865916
in_app vs chat,in_app,0.1803226027,25.58312638
in_app vs chat,in_app,0.1820943856,26.80701332
in_app vs chat,in_app,0.1838661685,27.64022077
in_app vs chat,in_app,0.1856379514,28.05032191
in_app vs chat,in_app,0.1874097343,28.02459052
in_app vs chat,in_app,0.1891815172,27.57049356
in_app vs chat,in_app,0.1909533001,26.71464759
in_app vs chat,in_app,0.192725083,25.50039819
in_app vs chat,in_app,0.1944968659,23.98431378
in_app vs chat,in_app,0.1962686488,22.23197427
in_app vs chat,in_app,0.1980404317,20.31347335
in_app vs chat,in_app,0.1998122146,18.29904118
in_app vs chat,in_app,0.2015839975,16.25513786
in_app vs chat,in_app,0.2033557804,14.24128084
in_app vs chat,in_app,0.2051275633,12.30776496
in_app vs chat,in_app,0.2068993462,10.49432773
in_app vs chat,in_app,0.2086711291,8.829717397
in_app vs chat,in_app,0.210442912,7.332046332
in_app vs chat,in_app,0.2122146949,6.009762937
in_app vs chat,in_app,0.2139864778,4.863051611
in_app vs chat,in_app,0.2157582607,3.885470836
in_app vs chat,in_app,0.2175300436,3.065658321
in_app vs chat,in_app,0.2193018265,2.388963693
in_app vs chat,in_app,0.2210736094,1.838907098
in_app vs chat,in_app,0.2228453923,1.398400617
in_app vs chat,in_app,0.2246171752,1.050704501
in_app vs chat,in_app,0.2263889581,0.7801189656
in_app vs chat,in_app,0.228160741,0.5724334065
in_app vs chat,in_app,0.2299325239,0.4151683297
in_app vs chat,in_app,0.2317043068,0.2976517387
in_app vs chat,in_app,0.2334760897,0.2109726268
in_app vs chat,in_app,0.2352478726,0.1478510803
in_app vs chat,in_app,0.2370196555,0.1024588718
in_app vs chat,in_app,0.2387914384,0.07021761317
in_app vs chat,in_app,0.2405632213,0.0475945853
in_app vs chat,in_app,0.2423350042,0.03190997283
in_app vs chat,in_app,0.2441067871,0.02116381789
in_app vs chat,in_app,0.2458785699,0.01388674603
in_app vs chat,in_app,0.2476503528,0.009015400105
in_app vs chat,in_app,0.2494221357,0.00579142801
in_app vs chat,in_app,0.2511939186,0.003681625132
in_app vs chat,in_app,0.2529657015,0.002316236183
in_app vs chat,in_app,0.2547374844,0.001442283585
in_app vs chat,in_app,0.2565092673,0.000888949862
in_app vs chat,in_app,0.2582810502,0.0005423704229
in_app vs chat,in_app,0.2600528331,0.0003275965439
in_app vs chat,in_app,0.261824616,0.0001959019699
in_app vs chat,in_app,0.2635963989,0.0001159912509
in_app vs chat,in_app,0.2653681818,6.800307291e-05
in_app vs chat,in_app,0.2671399647,3.94800654e-05
in_app vs chat,in_app,0.2689117476,2.269873065e-05
in_app vs chat,in_app,0.2706835305,1.292490218e-05
in_app vs chat,in_app,0.2724553134,7.289232525e-06
in_app vs chat,in_app,0.2742270963,4.071845815e-06
in_app vs chat,in_app,0.2759988792,2.253104072e-06
in_app vs chat,in_app,0.2777706621,1.23502663e-06
in_app vs chat,in_app,0.279542445,6.706571991e-07
in_app vs chat,in_app,0.2813142279,3.608090771e-07
in_app vs chat,in_app,0.2830860108,1.923223083e-07
in_app vs chat,in_app,0.2848577937,1.015732458e-07
in_app vs chat,in_app,0.2866295766,5.315546905e-08
in_app vs chat,in_app,0.2884013595,2.756490031e-08
in_app vs chat,in_app,0.2901731424,1.416527603e-08
in_app vs chat,in_app,0.2919449253,7.213956483e-09
in_app vs chat,in_app,0.2937167082,3.641002714e-09
in_app vs chat,in_app,0.2954884911,1.821319282e-09
in_app vs chat,in_app,0.297260274,9.029980456e-10
in_app vs chat,chat,0.08641810919,5.441158785e-18
in_app vs chat,chat,0.08818989209,3.242424678e-17
in_app vs chat,chat,0.08996167498,1.819030521e-16
in_app vs chat,chat,0.09173345788,9.629036056e-16
in_app vs chat,chat,0.09350524078,4.819732878e-15
in_app vs chat,chat,0.09527702367,2.285771118e-14
in_app vs chat,chat,0.09704880657,1.029048779e-13
in_app vs chat,chat,0.09882058947,4.405665478e-13
in_app vs chat,chat,0.1005923724,1.796786774e-12
in_app vs chat,chat,0.1023641553,6.991805312e-12
in_app vs chat,chat,0.1041359382,2.599872141e-11
in_app vs chat,chat,0.1059077211,9.251516254e-11
in_app vs chat,chat,0.107679504,3.154779352e-10
in_app vs chat,chat,0.1094512869,1.032256565e-09
in_app vs chat,chat,0.1112230698,3.244955884e-09
in_app vs chat,chat,0.1129948526,9.811750488e-09
in_app vs chat,chat,0.1147666355,2.856870918e-08
in_app vs chat,chat,0.1165384184,8.018780139e-08
in_app vs chat,chat,0.1183102013,2.171927606e-07
in_app vs chat,chat,0.1200819842,5.682342852e-07
in_app vs chat,chat,0.1218537671,1.437346108e-06
in_app vs chat,chat,0.12362555,3.518326012e-06
in_app vs chat,chat,0.1253973329,8.341108179e-06
in_app vs chat,chat,0.1271691158,1.91681707e-05
in_app vs chat,chat,0.1289408987,4.273149814e-05
in_app vs chat,chat,0.1307126816,9.248115157e-05
in_app vs chat,chat,0.1324844645,0.0001944507882
in_app vs chat,chat,0.1342562474,0.0003974830059
in_app vs chat,chat,0.1360280303,0.0007904397546
in_app vs chat,chat,0.1377998132,0.001530163694
in_app vs chat,chat,0.1395715961,0.002885311099
in_app vs chat,chat,0.141343379,0.005302607361
in_app vs chat,chat,0.1431151619,0.009503312817
in_app vs chat,chat,0.1448869448,0.01661830298
in_app vs chat,chat,0.1466587277,0.02836958144
in_app vs chat,chat,0.1484305106,0.04730356629
in_app vs chat,chat,0.1502022935,0.07707643278
in_app vs chat,chat,0.1519740764,0.1227836422
in_app vs chat,chat,0.1537458593,0.1913144261
in_app vs chat,chat,0.1555176422,0.2916979544
in_app vs chat,chat,0.1572894251,0.4353925653
in_app vs chat,chat,0.159061208,0.6364550636
in_app vs chat,chat,0.1608329909,0.9115167883
in_app vs chat,chat,0.1626047738,1.279490466
in_app vs chat,chat,0.1643765567,1.760940171
in_app vs chat,chat,0.1661483396,2.377068512
in_app vs chat,chat,0.1679201225,3.148311079
in_app vs chat,chat,0.1696919054,4.092576624
in_app vs chat,chat,0.1714636883,5.223227762
in_app vs chat,chat,0.1732354712,6.546954124
in_app vs chat,chat,0.1750072541,8.061739039
in_app vs chat,chat,0.176779037,9.75515229
in_app vs chat,chat,0.1785508199,11.60320729
in_app vs chat,chat,0.1803226027,13.56999562
in_app vs chat,chat,0.1820943856,15.6082542
in_app vs chat,chat,0.1838661685,17.66093501
in_app vs chat,chat,0.1856379514,19.66374227
in_app vs chat,chat,0.1874097343,21.54849182
in_app vs chat,chat,0.1891815172,23.24704563
in_app vs chat,chat,0.1909533001,24.69549665
in_app vs chat,chat,0.192725083,25.83823665
in_app vs chat,chat,0.1944968659,26.6315396
in_app vs chat,chat,0.1962686488,27.04633614
in_app vs chat,chat,0.1980404317,27.06993553
in_app vs chat,chat,0.1998122146,26.70655895
in_app vs chat,chat,0.2015839975,25.97666888
in_app vs chat,chat,0.2033557804,24.91519645
in_app vs chat,chat,0.2051275633,23.56886946
in_app vs chat,chat,0.2068993462,21.99291565
in_app vs chat,chat,0.2086711291,20.24745331
in_app vs chat,chat,0.210442912,18.39388239
in_app vs chat,chat,0.2122146949,16.49155768
in_app vs chat,chat,0.2139864778,14.59496884
in_app vs chat,chat,0.2157582607,12.75157919
in_app vs chat,chat,0.2175300436,11.00039704
in_app vs chat,chat,0.2193018265,9.37127908
in_app vs chat,chat,0.2210736094,7.884902879
in_app vs chat,chat,0.2228453923,6.553299168
in_app vs chat,chat,0.2246171752,5.380807117
in_app vs chat,chat,0.2263889581,4.365306188
in_app vs chat,chat,0.228160741,3.499584088
in_app vs chat,chat,0.2299325239,2.772718111
in_app vs chat,chat,0.2317043068,2.171372287
in_app vs chat,chat,0.2334760897,1.680941126
in_app vs chat,chat,0.2352478726,1.286498798
in_app vs chat,chat,0.2370196555,0.9735374836
in_app vs chat,chat,0.2387914384,0.7284988491
in_app vs chat,chat,0.2405632213,0.5391172588
in_app vs chat,chat,0.2423350042,0.3946025283
in_app vs chat,chat,0.2441067871,0.2856943793
in_app vs chat,chat,0.2458785699,0.2046211665
in_app vs chat,chat,0.2476503528,0.1449930477
in_app vs chat,chat,0.2494221357,0.1016555843
in_app vs chat,chat,0.2511939186,0.07052472298
in_app vs chat,chat,0.2529657015,0.0484189388
in_app vs chat,chat,0.2547374844,0.03289951846
in_app vs chat,chat,0.2565092673,0.02212584817
in_app vs chat,chat,0.2582810502,0.01472926971
in_app vs chat,chat,0.2600528331,0.009706603437
in_app vs chat,chat,0.261824616,0.006332732569
in_app vs chat,chat,0.2635963989,0.004090580501
in_app vs chat,chat,0.2653681818,0.002616254458
in_app vs chat,chat,0.2671399647,0.001656939881
in_app vs chat,chat,0.2689117476,0.001039189969
in_app vs chat,chat,0.2706835305,0.0006454661627
in_app vs chat,chat,0.2724553134,0.0003970731385
in_app vs chat,chat,0.2742270963,0.0002419432129
in_app vs chat,chat,0.2759988792,0.0001460255911
in_app vs chat,chat,0.2777706621,8.730579597e-05
in_app vs chat,chat,0.279542445,5.171077425e-05
in_app vs chat,chat,0.2813142279,3.034362597e-05
in_app vs chat,chat,0.2830860108,1.764112729e-05
in_app vs chat,chat,0.2848577937,1.016204034e-05
in_app vs chat,chat,0.2866295766,5.800345838e-06
in_app vs chat,chat,0.2884013595,3.280705948e-06
in_app vs chat,chat,0.2901731424,1.838834364e-06
in_app vs chat,chat,0.2919449253,1.021411294e-06
in_app vs chat,chat,0.2937167082,5.622917465e-07
in_app vs chat,chat,0.2954884911,3.067930185e-07
in_app vs chat,chat,0.297260274,1.659094372e-07
in_app vs email,in_app,0.08641810919,2.92725131e-15
in_app vs email,in_app,0.08819603593,1.540823718e-14
in_app vs email,in_app,0.08997396267,7.644053622e-14
in_app vs email,in_app,0.09175188942,3.582082653e-13
in_app vs email,in_app,0.09352981616,1.588898494e-12
in_app vs email,in_app,0.09530774291,6.684384453e-12
in_app vs email,in_app,0.09708566965,2.672020163e-11
in_app vs email,in_app,0.09886359639,1.016705469e-10
in_app vs email,in_app,0.1006415231,3.688507587e-10
in_app vs email,in_app,0.1024194499,1.277882869e-09
in_app vs email,in_app,0.1041973766,4.234142021e-09
in_app vs email,in_app,0.1059753034,1.343661193e-08
in_app vs email,in_app,0.1077532301,4.089301238e-08
in_app vs email,in_app,0.1095311569,1.195086814e-07
in_app vs email,in_app,0.1113090836,3.357915636e-07
in_app vs email,in_app,0.1130870103,9.081627068e-07
in_app vs email,in_app,0.1148649371,2.366796363e-06
in_app vs email,in_app,0.1166428638,5.950026856e-06
in_app vs email,in_app,0.1184207906,1.444355958e-05
in_app vs email,in_app,0.1201987173,3.388781508e-05
in_app vs email,in_app,0.1219766441,7.691748687e-05
in_app vs email,in_app,0.1237545708,0.0001690438803
in_app vs email,in_app,0.1255324975,0.0003600234821
in_app vs email,in_app,0.1273104243,0.0007436486441
in_app vs email,in_app,0.129088351,0.001490885201
in_app vs email,in_app,0.1308662778,0.002903220487
in_app vs email,in_app,0.1326442045,0.005495181312
in_app vs email,in_app,0.1344221313,0.01011683223
in_app vs email,in_app,0.136200058,0.01812800862
in_app vs email,in_app,0.1379779848,0.03163515699
in_app vs email,in_app,0.1397559115,0.05379785012
in_app vs email,in_app,0.1415338382,0.08920423534
in_app vs email,in_app,0.143311765,0.1443021038
in_app vs email,in_app,0.1450896917,0.2278549004
in_app vs email,in_app,0.1468676185,0.3513709225
in_app vs email,in_app,0.1486455452,0.5294317142
in_app vs email,in_app,0.150423472,0.7798262688
in_app vs email,in_app,0.1522013987,1.123386307
in_app vs email,in_app,0.1539793254,1.583420198
in_app vs email,in_app,0.1557572522,2.184663881
in_app vs email,in_app,0.1575351789,2.951709116
in_app vs email,in_app,0.1593131057,3.906931735
in_app vs email,in_app,0.1610910324,5.068020167
in_app vs email,in_app,0.1628689592,6.445287643
in_app vs email,in_app,0.1646468859,8.0390272
in_app vs email,in_app,0.1664248127,9.837221897
in_app vs email,in_app,0.1682027394,11.81394024
in_app vs email,in_app,0.1699806661,13.92871889
in_app vs email,in_app,0.1717585929,16.12715874
in_app vs email,in_app,0.1735365196,18.34284138
in_app vs email,in_app,0.1753144464,20.50052481
in_app vs email,in_app,0.1770923731,22.52041906
in_app vs email,in_app,0.1788702999,24.32319841
in_app vs email,in_app,0.1806482266,25.83529877
in_app vs email,in_app,0.1824261533,26.99399433
in_app vs email,in_app,0.1842040801,27.75175694
in_app vs email,in_app,0.1859820068,28.07947353
in_app vs email,in_app,0.1877599336,27.96822228
in_app vs email,in_app,0.1895378603,27.42946783
in_app vs email,in_app,0.1913157871,26.49370775
in_app vs email,in_app,0.1930937138,25.20776271
in_app vs email,in_app,0.1948716405,23.63103078
in_app vs email,in_app,0.1966495673,21.8311078
in_app vs email,in_app,0.198427494,19.87920455
in_app vs email,in_app,0.2002054208,17.84576828
in_app vs email,in_app,0.2019833475,15.79665102
in_app vs email,in_app,0.2037612743,13.79007174
in_app vs email,in_app,0.205539201,11.87451073
in_app vs email,in_app,0.2073171278,10.08756709
in_app vs email,in_app,0.2090950545,8.455716111
in_app vs email,in_app,0.2108729812,6.994832435
in_app vs email,in_app,0.212650908,5.711299976
in_app vs email,in_app,0.2144288347,4.603511662
in_app vs email,in_app,0.2162067615,3.663567565
in_app vs email,in_app,0.2179846882,2.879003145
in_app vs email,in_app,0.219762615,2.234413947
in_app vs email,in_app,0.2215405417,1.712882668
in_app vs email,in_app,0.2233184684,1.297153596
in_app vs email,in_app,0.2250963952,0.9705340239
in_app vs email,in_app,0.2268743219,0.7175298152
in_app vs email,in_app,0.2286522487,0.5242419309
in_app vs email,in_app,0.2304301754,0.3785624576
in_app vs email,in_app,0.2322081022,0.2702136636
in_app vs email,in_app,0.2339860289,0.1906732182
in_app vs email,in_app,0.2357639557,0.1330246324
in_app vs email,in_app,0.2375418824,0.09176572654
in_app vs email,in_app,0.2393198091,0.06260079952
in_app vs email,in_app,0.2410977359,0.04223513199
in_app vs email,in_app,0.2428756626,0.02818415034
in_app vs email,in_app,0.2446535894,0.01860435158
in_app vs email,in_app,0.2464315161,0.01214906675
in_app vs email,in_app,0.2482094429,0.007849270743
in_app vs email,in_app,0.2499873696,0.005017783235
in_app vs email,in_app,0.2517652963,0.003174152969
in_app vs email,in_app,0.2535432231,0.001987070924
in_app vs email,in_app,0.2553211498,0.001231129326
in_app vs email,in_app,0.2570990766,0.0007549758759
in_app vs email,in_app,0.2588770033,0.0004582842713
in_app vs email,in_app,0.2606549301,0.0002753859703
in_app vs email,in_app,0.2624328568,0.0001638269287
in_app vs email,in_app,0.2642107835,9.649308288e-05
in_app vs email,in_app,0.2659887103,5.627356912e-05
in_app vs email,in_app,0.267766637,3.249670263e-05
in_app vs email,in_app,0.2695445638,1.858356688e-05
in_app vs email,in_app,0.2713224905,1.052449871e-05
in_app vs email,in_app,0.2731004173,5.903141651e-06
in_app vs email,in_app,0.274878344,3.279446709e-06
in_app vs email,in_app,0.2766562708,1.804591775e-06
in_app vs email,in_app,0.2784341975,9.836557372e-07
in_app vs email,in_app,0.2802121242,5.311498989e-07
in_app vs email,in_app,0.281990051,2.841347079e-07
in_app vs email,in_app,0.2837679777,1.5058698e-07
in_app vs email,in_app,0.2855459045,7.90730731e-08
in_app vs email,in_app,0.2873238312,4.114047975e-08
in_app vs email,in_app,0.289101758,2.120950338e-08
in_app vs email,in_app,0.2908796847,1.083508538e-08
in_app vs email,in_app,0.2926576114,5.485226417e-09
in_app vs email,in_app,0.2944355382,2.751923033e-09
in_app vs email,in_app,0.2962134649,1.368283439e-09
in_app vs email,in_app,0.2979913917,6.74267041e-10
in_app vs email,email,0.08641810919,2.282930181e-17
in_app vs email,email,0.08819603593,1.276701281e-16
in_app vs email,email,0.08997396267,6.736009546e-16
in_app vs email,email,0.09175188942,3.360335428e-15
in_app vs email,email,0.09352981616,1.588268732e-14
in_app vs email,email,0.09530774291,7.126410849e-14
in_app vs email,email,0.09708566965,3.041027211e-13
in_app vs email,email,0.09886359639,1.23630544e-12
in_app vs email,email,0.1006415231,4.796232345e-12
in_app vs email,email,0.1024194499,1.77835666e-11
in_app vs email,email,0.1041973766,6.311344911e-11
in_app vs email,email,0.1059753034,2.146924778e-10
in_app vs email,email,0.1077532301,7.009395098e-10
in_app vs email,email,0.1095311569,2.199183398e-09
in_app vs email,email,0.1113090836,6.638672563e-09
in_app vs email,email,0.1130870103,1.930352527e-08
in_app vs email,email,0.1148649371,5.412536338e-08
in_app vs email,email,0.1166428638,1.46495763e-07
in_app vs email,email,0.1184207906,3.831244699e-07
in_app vs email,email,0.1201987173,9.690727935e-07
in_app vs email,email,0.1219766441,2.372834136e-06
in_app vs email,email,0.1237545708,5.629221905e-06
in_app vs email,email,0.1255324975,1.294966794e-05
in_app vs email,email,0.1273104243,2.890960025e-05
in_app vs email,email,0.129088351,6.267987799e-05
in_app vs email,email,0.1308662778,0.000132078613
in_app vs email,email,0.1326442045,0.0002706810698
in_app vs email,email,0.1344221313,0.0005398768918
in_app vs email,email,0.136200058,0.001048629006
in_app vs email,email,0.1379779848,0.001984755585
in_app vs email,email,0.1397559115,0.00366275213
in_app vs email,email,0.1415338382,0.006594330414
in_app vs email,email,0.143311765,0.01158869285
in_app vs email,email,0.1450896917,0.01988967492
in_app vs email,email,0.1468676185,0.03335575409
in_app vs email,email,0.1486455452,0.05468596862
in_app vs email,email,0.150423472,0.08768949913
in_app vs email,email,0.1522013987,0.1375887363
in_app vs email,email,0.1539793254,0.2113351875
in_app vs email,email,0.1557572522,0.3179052392
in_app vs email,email,0.1575351789,0.4685299689
in_app vs email,email,0.1593131057,0.6768019861
in_app vs email,email,0.1610910324,0.9585953315
in_app vs email,email,0.1628689592,1.331734643
in_app vs email,email,0.1646468859,1.815359691
in_app vs email,email,0.1664248127,2.428952616
in_app vs email,email,0.1682027394,3.191027908
in_app vs email,email,0.1699806661,4.117527344
in_app vs email,email,0.1717585929,5.220009761
in_app vs email,email,0.1735365196,6.503772471
in_app vs email,email,0.1753144464,7.96608015
in_app vs email,email,0.1770923731,9.594700532
in_app vs email,email,0.1788702999,11.36694798
in_app vs email,email,0.1806482266,13.24941204
in_app vs email,email,0.1824261533,15.19849805
in_app vs email,email,0.1842040801,17.16183448
in_app vs email,email,0.1859820068,19.08051436
in_app vs email,email,0.1877599336,20.89204659
in_app vs email,email,0.1895378603,22.53380859
in_app vs email,email,0.1913157871,23.94672727
in_app vs email,email,0.1930937138,25.07887853
in_app vs email,email,0.1948716405,25.88869392
in_app vs email,email,0.1966495673,26.34749579
in_app vs email,email,0.198427494,26.44114647
in_app vs email,email,0.2002054208,26.17068434
in_app vs email,email,0.2019833475,25.55191799
in_app vs email,email,0.2037612743,24.61404876
in_app vs email,email,0.205539201,23.39747738
in_app vs email,email,0.2073171278,21.95101589
in_app vs email,email,0.2090950545,20.32876293
in_app vs email,email,0.2108729812,18.5869087
in_app vs email,email,0.212650908,16.78071641
in_app vs email,email,0.2144288347,14.9618854
in_app vs email,email,0.2162067615,13.17644411
in_app vs email,email,0.2179846882,11.46325729
in_app vs email,email,0.219762615,9.853168983
in_app vs email,email,0.2215405417,8.368746736
in_app vs email,email,0.2233184684,7.024549384
in_app vs email,email,0.2250963952,5.827811321
in_app vs email,email,0.2268743219,4.779422181
in_app vs email,email,0.2286522487,3.875080218
in_app vs email,email,0.2304301754,3.106508058
in_app vs email,email,0.2322081022,2.462637534
in_app vs email,email,0.2339860289,1.930692676
in_app vs email,email,0.2357639557,1.497123381
in_app vs email,email,0.2375418824,1.14836442
in_app vs email,email,0.2393198091,0.8714134368
in_app vs email,email,0.2410977359,0.6542363802
in_app vs email,email,0.2428756626,0.4860192026
in_app vs email,email,0.2446535894,0.3572907276
in_app vs email,email,0.2464315161,0.2599440272
in_app vs email,email,0.2482094429,0.1871832032
in_app vs email,email,0.2499873696,0.1334200119
in_app vs email,email,0.2517652963,0.09414110375
in_app vs email,email,0.2535432231,0.0657624497
in_app vs email,email,0.2553211498,0.04548333489
in_app vs email,email,0.2570990766,0.03114845836
in_app vs email,email,0.2588770033,0.02112341725
in_app vs email,email,0.2606549301,0.01418625357
in_app vs email,email,0.2624328568,0.009435803422
in_app vs email,email,0.2642107835,0.006216251203
in_app vs email,email,0.2659887103,0.00405645634
in_app vs email,email,0.267766637,0.002622182526
in_app vs email,email,0.2695445638,0.00167921155
in_app vs email,email,0.2713224905,0.001065373904
in_app vs email,email,0.2731004173,0.0006696993559
in_app vs email,email,0.274878344,0.000417124033
in_app vs email,email,0.2766562708,0.0002574445323
in_app vs email,email,0.2784341975,0.0001574563578
in_app vs email,email,0.2802121242,9.543750409e-05
in_app vs email,email,0.281990051,5.733025988e-05
in_app vs email,email,0.2837679777,3.413325452e-05
in_app vs email,email,0.2855459045,2.014293732e-05
in_app vs email,email,0.2873238312,1.178259554e-05
in_app vs email,email,0.289101758,6.83208658e-06
in_app vs email,email,0.2908796847,3.927177659e-06
in_app vs email,email,0.2926576114,2.237909566e-06
in_app vs email,email,0.2944355382,1.264325088e-06
in_app vs email,email,0.2962134649,7.081872629e-07
in_app vs email,email,0.2979913917,3.933045376e-07
in_app vs voice_transcript,in_app,0.08641810919,2.92725131e-15
in_app vs voice_transcript,in_app,0.0883072511,1.706110198e-14
in_app vs voice_transcript,in_app,0.09019639302,9.302133188e-14
in_app vs voice_transcript,in_app,0.09208553493,4.757027033e-13
in_app vs voice_transcript,in_app,0.09397467685,2.287415851e-12
in_app vs voice_transcript,in_app,0.09586381876,1.036633368e-11
in_app vs voice_transcript,in_app,0.09775296068,4.43741673e-11
in_app vs voice_transcript,in_app,0.09964210259,1.797875137e-10
in_app vs voice_transcript,in_app,0.1015312445,6.908144882e-10
in_app vs voice_transcript,in_app,0.1034203864,2.52195335e-09
in_app vs voice_transcript,in_app,0.1053095283,8.762815248e-09
in_app vs voice_transcript,in_app,0.1071986703,2.902671293e-08
in_app vs voice_transcript,in_app,0.1090878122,9.180755181e-08
in_app vs voice_transcript,in_app,0.1109769541,2.776698958e-07
in_app vs voice_transcript,in_app,0.112866096,8.041918194e-07
in_app vs voice_transcript,in_app,0.1147552379,2.233319676e-06
in_app vs voice_transcript,in_app,0.1166443798,5.954615916e-06
in_app vs voice_transcript,in_app,0.1185335217,1.526133823e-05
in_app vs voice_transcript,in_app,0.1204226637,3.764148166e-05
in_app vs voice_transcript,in_app,0.1223118056,8.944409356e-05
in_app vs voice_transcript,in_app,0.1242009475,0.0002049750393
in_app vs voice_transcript,in_app,0.1260900894,0.0004534687053
in_app vs voice_transcript,in_app,0.1279792313,0.0009694017436
in_app vs voice_transcript,in_app,0.1298683732,0.002004310842
in_app vs voice_transcript,in_app,0.1317575151,0.004011515378
in_app vs voice_transcript,in_app,0.1336466571,0.007778482413
in_app vs voice_transcript,in_app,0.135535799,0.01462412098
in_app vs voice_transcript,in_app,0.1374249409,0.0266786592
in_app vs voice_transcript,in_app,0.1393140828,0.04726009511
in_app vs voice_transcript,in_app,0.1412032247,0.08135148922
in_app vs voice_transcript,in_app,0.1430923666,0.1361658899
in_app vs voice_transcript,in_app,0.1449815085,0.221759842
in_app vs voice_transcript,in_app,0.1468706505,0.3516235488
in_app vs voice_transcript,in_app,0.1487597924,0.5431398125
in_app vs voice_transcript,in_app,0.1506489343,0.8177717249
in_app vs voice_transcript,in_app,0.1525380762,1.200819992
in_app vs voice_transcript,in_app,0.1544272181,1.720594896
in_app vs voice_transcript,in_app,0.15631636,2.406884008
in_app vs voice_transcript,in_app,0.1582055019,3.288669251
in_app vs voice_transcript,in_app,0.1600946439,4.391153391
in_app vs voice_transcript,in_app,0.1619837858,5.732285337
in_app vs voice_transcript,in_app,0.1638729277,7.319106471
in_app vs voice_transcript,in_app,0.1657620696,9.144351244
in_app vs voice_transcript,in_app,0.1676512115,11.18379799
in_app vs voice_transcript,in_app,0.1695403534,13.39485817
in_app vs voice_transcript,in_app,0.1714294954,15.7168027
in_app vs voice_transcript,in_app,0.1733186373,18.07285544
in_app vs voice_transcript,in_app,0.1752077792,20.3741562
in_app vs voice_transcript,in_app,0.1770969211,22.52534064
in_app vs voice_transcript,in_app,0.178986063,24.43124518
in_app vs voice_transcript,in_app,0.1808752049,26.0040616
in_app vs voice_transcript,in_app,0.1827643468,27.17017251
in_app vs voice_transcript,in_app,0.1846534888,27.87591424
in_app vs voice_transcript,in_app,0.1865426307,28.09163618
in_app vs voice_transcript,in_app,0.1884317726,27.81363658
in_app vs voice_transcript,in_app,0.1903209145,27.0638196
in_app vs voice_transcript,in_app,0.1922100564,25.88719486
in_app vs voice_transcript,in_app,0.1940991983,24.34758607
in_app vs voice_transcript,in_app,0.1959883402,22.5220964
in_app vs voice_transcript,in_app,0.1978774822,20.49497309
in_app vs voice_transcript,in_app,0.1997666241,18.35151735
in_app vs voice_transcript,in_app,0.201655766,16.17260809
in_app vs voice_transcript,in_app,0.2035449079,14.03026927
in_app vs voice_transcript,in_app,0.2054340498,11.98453951
in_app vs voice_transcript,in_app,0.2073231917,10.08172582
in_app vs voice_transcript,in_app,0.2092123336,8.353966351
in_app vs voice_transcript,in_app,0.2111014756,6.81990659
in_app vs voice_transcript,in_app,0.2129906175,5.486218176
in_app vs voice_transcript,in_app,0.2148797594,4.349660418
in_app vs voice_transcript,in_app,0.2167689013,3.399395025
in_app vs voice_transcript,in_app,0.2186580432,2.619304939
in_app vs voice_transcript,in_app,0.2205471851,1.990126199
in_app vs voice_transcript,in_app,0.2224363271,1.49126627
in_app vs voice_transcript,in_app,0.224325469,1.102243816
in_app vs voice_transcript,in_app,0.2262146109,0.8037370101
in_app vs voice_transcript,in_app,0.2281037528,0.5782666058
in_app vs voice_transcript,in_app,0.2299928947,0.4105653636
in_app vs voice_transcript,in_app,0.2318820366,0.2876980894
in_app vs voice_transcript,in_app,0.2337711785,0.1989989698
in_app vs voice_transcript,in_app,0.2356603205,0.1358879353
in_app vs voice_transcript,in_app,0.2375494624,0.09161838222
in_app vs voice_transcript,in_app,0.2394386043,0.06099719225
in_app vs voice_transcript,in_app,0.2413277462,0.04010651415
in_app vs voice_transcript,in_app,0.2432168881,0.02604645973
in_app vs voice_transcript,in_app,0.24510603,0.01670939143
in_app vs voice_transcript,in_app,0.2469951719,0.01059006813
in_app vs voice_transcript,in_app,0.2488843139,0.006631469245
in_app vs voice_transcript,in_app,0.2507734558,0.004103354441
in_app vs voice_transcript,in_app,0.2526625977,0.002509173422
in_app vs voice_transcript,in_app,0.2545517396,0.001516448155
in_app vs voice_transcript,in_app,0.2564408815,0.0009058814365
in_app vs voice_transcript,in_app,0.2583300234,0.0005349368888
in_app vs voice_transcript,in_app,0.2602191653,0.0003122917263
in_app vs voice_transcript,in_app,0.2621083073,0.0001802533694
in_app vs voice_transcript,in_app,0.2639974492,0.0001028746673
in_app vs voice_transcript,in_app,0.2658865911,5.805929254e-05
in_app vs voice_transcript,in_app,0.267775733,3.240472628e-05
in_app vs voice_transcript,in_app,0.2696648749,1.788761239e-05
in_app vs voice_transcript,in_app,0.2715540168,9.766453774e-06
in_app vs voice_transcript,in_app,0.2734431588,5.274655269e-06
in_app vs voice_transcript,in_app,0.2753323007,2.81809189e-06
in_app vs voice_transcript,in_app,0.2772214426,1.489534029e-06
in_app vs voice_transcript,in_app,0.2791105845,7.789496024e-07
in_app vs voice_transcript,in_app,0.2809997264,4.030514822e-07
in_app vs voice_transcript,in_app,0.2828888683,2.063629162e-07
in_app vs voice_transcript,in_app,0.2847780102,1.045561732e-07
in_app vs voice_transcript,in_app,0.2866671522,5.242527388e-08
in_app vs voice_transcript,in_app,0.2885562941,2.601537398e-08
in_app vs voice_transcript,in_app,0.290445436,1.27773956e-08
in_app vs voice_transcript,in_app,0.2923345779,6.211569191e-09
in_app vs voice_transcript,in_app,0.2942237198,2.989028901e-09
in_app vs voice_transcript,in_app,0.2961128617,1.423806817e-09
in_app vs voice_transcript,in_app,0.2980020036,6.714069808e-10
in_app vs voice_transcript,in_app,0.2998911456,3.134407401e-10
in_app vs voice_transcript,in_app,0.3017802875,1.448705628e-10
in_app vs voice_transcript,in_app,0.3036694294,6.629482173e-11
in_app vs voice_transcript,in_app,0.3055585713,3.003812518e-11
in_app vs voice_transcript,in_app,0.3074477132,1.347653245e-11
in_app vs voice_transcript,in_app,0.3093368551,5.98705667e-12
in_app vs voice_transcript,in_app,0.311225997,2.633877571e-12
in_app vs voice_transcript,voice_transcript,0.08641810919,9.285565253e-21
in_app vs voice_transcript,voice_transcript,0.0883072511,6.772543782e-20
in_app vs voice_transcript,voice_transcript,0.09019639302,4.616054001e-19
in_app vs voice_transcript,voice_transcript,0.09208553493,2.94808523e-18
in_app vs voice_transcript,voice_transcript,0.09397467685,1.768731678e-17
in_app vs voice_transcript,voice_transcript,0.09586381876,9.992477684e-17
in_app vs voice_transcript,voice_transcript,0.09775296068,5.327817255e-16
in_app vs voice_transcript,voice_transcript,0.09964210259,2.686641035e-15
in_app vs voice_transcript,voice_transcript,0.1015312445,1.283870973e-14
in_app vs voice_transcript,voice_transcript,0.1034203864,5.825101811e-14
in_app vs voice_transcript,voice_transcript,0.1053095283,2.513797652e-13
in_app vs voice_transcript,voice_transcript,0.1071986703,1.033557063e-12
in_app vs voice_transcript,voice_transcript,0.1090878122,4.055178567e-12
in_app vs voice_transcript,voice_transcript,0.1109769541,1.520599756e-11
in_app vs voice_transcript,voice_transcript,0.112866096,5.457248285e-11
in_app vs voice_transcript,voice_transcript,0.1147552379,1.87706572e-10
in_app vs voice_transcript,voice_transcript,0.1166443798,6.195780386e-10
in_app vs voice_transcript,voice_transcript,0.1185335217,1.964987107e-09
in_app vs voice_transcript,voice_transcript,0.1204226637,5.994890298e-09
in_app vs voice_transcript,voice_transcript,0.1223118056,1.761356318e-08
in_app vs voice_transcript,voice_transcript,0.1242009475,4.989093392e-08
in_app vs voice_transcript,voice_transcript,0.1260900894,1.36378908e-07
in_app vs voice_transcript,voice_transcript,0.1279792313,3.601195412e-07
in_app vs voice_transcript,voice_transcript,0.1298683732,9.194412693e-07
in_app vs voice_transcript,voice_transcript,0.1317575151,2.271774967e-06
in_app vs voice_transcript,voice_transcript,0.1336466571,5.436759175e-06
in_app vs voice_transcript,voice_transcript,0.135535799,1.261252443e-05
in_app vs voice_transcript,voice_transcript,0.1374249409,2.838506113e-05
in_app vs voice_transcript,voice_transcript,0.1393140828,6.201948871e-05
in_app vs voice_transcript,voice_transcript,0.1412032247,0.0001316522732
in_app vs voice_transcript,voice_transcript,0.1430923666,0.0002716996225
in_app vs voice_transcript,voice_transcript,0.1449815085,0.0005455026703
in_app vs voice_transcript,voice_transcript,0.1468706505,0.001066171872
in_app vs voice_transcript,voice_transcript,0.1487597924,0.002029759554
in_app vs voice_transcript,voice_transcript,0.1506489343,0.003766199338
in_app vs voice_transcript,voice_transcript,0.1525380762,0.006814718436
in_app vs voice_transcript,voice_transcript,0.1544272181,0.01203133318
in_app vs voice_transcript,voice_transcript,0.15631636,0.02073611181
in_app vs voice_transcript,voice_transcript,0.1582055019,0.03490653666
in_app vs voice_transcript,voice_transcript,0.1600946439,0.05741986943
in_app vs voice_transcript,voice_transcript,0.1619837858,0.09234133926
in_app vs voice_transcript,voice_transcript,0.1638729277,0.1452459155
in_app vs voice_transcript,voice_transcript,0.1657620696,0.2235495539
in_app vs voice_transcript,voice_transcript,0.1676512115,0.3368119685
in_app vs voice_transcript,voice_transcript,0.1695403534,0.4969588575
in_app vs voice_transcript,voice_transcript,0.1714294954,0.7183596062
in_app vs voice_transcript,voice_transcript,0.1733186373,1.017689918
in_app vs voice_transcript,voice_transcript,0.1752077792,1.413510887
in_app vs voice_transcript,voice_transcript,0.1770969211,1.925509557
in_app vs voice_transcript,voice_transcript,0.178986063,2.573372616
in_app vs voice_transcript,voice_transcript,0.1808752049,3.375304226
in_app vs voice_transcript,voice_transcript,0.1827643468,4.346248292
in_app vs voice_transcript,voice_transcript,0.1846534888,5.495929335
in_app vs voice_transcript,voice_transcript,0.1865426307,6.8268771
in_app vs voice_transcript,voice_transcript,0.1884317726,8.332639312
in_app vs voice_transcript,voice_transcript,0.1903209145,9.996406115
in_app vs voice_transcript,voice_transcript,0.1922100564,11.79026205
in_app vs voice_transcript,voice_transcript,0.1940991983,13.67524361
in_app vs voice_transcript,voice_transcript,0.1959883402,15.60231357
in_app vs voice_transcript,voice_transcript,0.1978774822,17.51427363
in_app vs voice_transcript,voice_transcript,0.1997666241,19.34853468
in_app vs voice_transcript,voice_transcript,0.201655766,21.04056188
in_app vs voice_transcript,voice_transcript,0.2035449079,22.52772566
in_app vs voice_transcript,voice_transcript,0.2054340498,23.75322979
in_app vs voice_transcript,voice_transcript,0.2073231917,24.66976612
in_app vs voice_transcript,voice_transcript,0.2092123336,25.2425636
in_app vs voice_transcript,voice_transcript,0.2111014756,25.45155732
in_app vs voice_transcript,voice_transcript,0.2129906175,25.29249216
in_app vs voice_transcript,voice_transcript,0.2148797594,24.77688465
in_app vs voice_transcript,voice_transcript,0.2167689013,23.93088079
in_app vs voice_transcript,voice_transcript,0.2186580432,22.79315275
in_app vs voice_transcript,voice_transcript,0.2205471851,21.41206135
in_app vs voice_transcript,voice_transcript,0.2224363271,19.84236436
in_app vs voice_transcript,voice_transcript,0.224325469,18.14177067
in_app vs voice_transcript,voice_transcript,0.2262146109,16.36762616
in_app vs voice_transcript,voice_transcript,0.2281037528,14.57397534
in_app vs voice_transcript,voice_transcript,0.2299928947,12.80918055
in_app vs voice_transcript,voice_transcript,0.2318820366,11.11420797
in_app vs voice_transcript,voice_transcript,0.2337711785,9.521616171
in_app vs voice_transcript,voice_transcript,0.2356603205,8.055216783
in_app vs voice_transcript,voice_transcript,0.2375494624,6.730324381
in_app vs voice_transcript,voice_transcript,0.2394386043,5.554476851
in_app vs voice_transcript,voice_transcript,0.2413277462,4.52848969
in_app vs voice_transcript,voice_transcript,0.2432168881,3.647705953
in_app vs voice_transcript,voice_transcript,0.24510603,2.90331517
in_app vs voice_transcript,voice_transcript,0.2469951719,2.283635379
in_app vs voice_transcript,voice_transcript,0.2488843139,1.775278469
in_app vs voice_transcript,voice_transcript,0.2507734558,1.364146295
in_app vs voice_transcript,voice_transcript,0.2526625977,1.036230691
in_app vs voice_transcript,voice_transcript,0.2545517396,0.7782122106
in_app vs voice_transcript,voice_transcript,0.2564408815,0.5778691924
in_app vs voice_transcript,voice_transcript,0.2583300234,0.4243200855
in_app vs voice_transcript,voice_transcript,0.2602191653,0.3081283552
in_app vs voice_transcript,voice_transcript,0.2621083073,0.2213013815
in_app vs voice_transcript,voice_transcript,0.2639974492,0.1572136425
in_app vs voice_transcript,voice_transcript,0.2658865911,0.1104811475
in_app vs voice_transcript,voice_transcript,0.267775733,0.07680953265
in_app vs voice_transcript,voice_transcript,0.2696648749,0.05283323659
in_app vs voice_transcript,voice_transcript,0.2715540168,0.03595833888
in_app vs voice_transcript,voice_transcript,0.2734431588,0.02421734556
in_app vs voice_transcript,voice_transcript,0.2753323007,0.01614065805
in_app vs voice_transcript,voice_transcript,0.2772214426,0.0106467258
in_app vs voice_transcript,voice_transcript,0.2791105845,0.006950923371
in_app vs voice_transcript,voice_transcript,0.2809997264,0.004491910828
in_app vs voice_transcript,voice_transcript,0.2828888683,0.002873503256
in_app vs voice_transcript,voice_transcript,0.2847780102,0.001819755844
in_app vs voice_transcript,voice_transcript,0.2866671522,0.00114094189
in_app vs voice_transcript,voice_transcript,0.2885562941,0.0007082559384
in_app vs voice_transcript,voice_transcript,0.290445436,0.0004353311766
in_app vs voice_transcript,voice_transcript,0.2923345779,0.0002649585638
in_app vs voice_transcript,voice_transcript,0.2942237198,0.0001596944621
in_app vs voice_transcript,voice_transcript,0.2961128617,9.531906974e-05
in_app vs voice_transcript,voice_transcript,0.2980020036,5.63470798e-05
in_app vs voice_transcript,voice_transcript,0.2998911456,3.29904057e-05
in_app vs voice_transcript,voice_transcript,0.3017802875,1.913157805e-05
in_app vs voice_transcript,voice_transcript,0.3036694294,1.098961393e-05
in_app vs voice_transcript,voice_transcript,0.3055585713,6.253217654e-06
in_app vs voice_transcript,voice_transcript,0.3074477132,3.52479977e-06
in_app vs voice_transcript,voice_transcript,0.3093368551,1.968316182e-06
in_app vs voice_transcript,voice_transcript,0.311225997,1.088939822e-06
in_app vs whatsapp,in_app,0.08641810919,2.92725131e-15
in_app vs whatsapp,in_app,0.08833890598,1.756243177e-14
in_app vs whatsapp,in_app,0.09025970278,9.835104305e-14
in_app vs whatsapp,in_app,0.09218049957,5.155241195e-13
in_app vs whatsapp,in_app,0.09410129637,2.53586286e-12
in_app vs whatsapp,in_app,0.09602209317,1.173468513e-11
in_app vs whatsapp,in_app,0.09794288996,5.120174017e-11
in_app vs whatsapp,in_app,0.09986368676,2.111085297e-10
in_app vs whatsapp,in_app,0.1017844836,8.241774558e-10
in_app vs whatsapp,in_app,0.1037052803,3.052570181e-09
in_app vs whatsapp,in_app,0.1056260771,1.074559068e-08
in_app vs whatsapp,in_app,0.1075468739,3.601317036e-08
in_app vs whatsapp,in_app,0.1094676707,1.150974202e-07
in_app vs whatsapp,in_app,0.1113884675,3.513278256e-07
in_app vs whatsapp,in_app,0.1133092643,1.025739622e-06
in_app vs whatsapp,in_app,0.1152300611,2.868414558e-06
in_app vs whatsapp,in_app,0.1171508579,7.693063103e-06
in_app vs whatsapp,in_app,0.1190716547,1.981314521e-05
in_app vs whatsapp,in_app,0.1209924515,4.905937805e-05
in_app vs whatsapp,in_app,0.1229132483,0.000116922507
in_app vs whatsapp,in_app,0.1248340451,0.0002685044037
in_app vs whatsapp,in_app,0.1267548419,0.0005947437121
in_app vs whatsapp,in_app,0.1286756387,0.001271923215
in_app vs whatsapp,in_app,0.1305964355,0.002628770458
in_app vs whatsapp,in_app,0.1325172323,0.00525527149
in_app vs whatsapp,in_app,0.1344380291,0.01017094322
in_app vs whatsapp,in_app,0.1363588259,0.0190724987
in_app vs whatsapp,in_app,0.1382796227,0.03467973004
in_app vs whatsapp,in_app,0.1402004195,0.0611917141
in_app vs whatsapp,in_app,0.1421212163,0.1048507987
in_app vs whatsapp,in_app,0.1440420131,0.1745876814
in_app vs whatsapp,in_app,0.1459628099,0.2826874183
in_app vs whatsapp,in_app,0.1478836066,0.4453763009
in_app vs whatsapp,in_app,0.1498044034,0.6831895241
in_app vs whatsapp,in_app,0.1517252002,1.02094903
in_app vs whatsapp,in_app,0.153645997,1.487171597
in_app vs whatsapp,in_app,0.1555667938,2.112750613
in_app vs whatsapp,in_app,0.1574875906,2.928819039
in_app vs whatsapp,in_app,0.1594083874,3.963806823
in_app vs whatsapp,in_app,0.1613291842,5.239844917
in_app vs whatsapp,in_app,0.163249981,6.768821011
in_app vs whatsapp,in_app,0.1651707778,8.548531711
in_app vs whatsapp,in_app,0.1670915746,10.5594705
in_app vs whatsapp,in_app,0.1690123714,12.76281192
in_app vs whatsapp,in_app,0.1709331682,15.10008149
in_app vs whatsapp,in_app,0.172853965,17.494835
in_app vs whatsapp,in_app,0.1747747618,19.85642818
in_app vs whatsapp,in_app,0.1766955586,22.08567081
in_app vs whatsapp,in_app,0.1786163554,24.08187764
in_app vs whatsapp,in_app,0.1805371522,25.750599
in_app vs whatsapp,in_app,0.182457949,27.0111822
in_app vs whatsapp,in_app,0.1843787458,27.80330456
in_app vs whatsapp,in_app,0.1862995426,28.09173617
in_app vs whatsapp,in_app,0.1882203394,27.86881537
in_app vs whatsapp,in_app,0.1901411362,27.15441494
in_app vs whatsapp,in_app,0.1920619329,25.99349329
in_app vs whatsapp,in_app,0.1939827297,24.45161204
in_app vs whatsapp,in_app,0.1959035265,22.60901718
in_app vs whatsapp,in_app,0.1978243233,20.55399952
in_app vs whatsapp,in_app,0.1997451201,18.37626214
in_app vs whatsapp,in_app,0.2016659169,16.16093938
in_app vs whatsapp,in_app,0.2035867137,13.98375642
in_app vs whatsapp,in_app,0.2055075105,11.90762383
in_app vs whatsapp,in_app,0.2074283073,9.980759829
in_app vs whatsapp,in_app,0.2093491041,8.236254205
in_app vs whatsapp,in_app,0.2112699009,6.692851305
in_app vs whatsapp,in_app,0.2131906977,5.356645726
in_app vs whatsapp,in_app,0.2151114945,4.223353692
in_app vs whatsapp,in_app,0.2170322913,3.280837883
in_app vs whatsapp,in_app,0.2189530881,2.511611749
in_app vs whatsapp,in_app,0.2208738849,1.895116844
in_app vs whatsapp,in_app,0.2227946817,1.409640413
in_app vs whatsapp,in_app,0.2247154785,1.033809514
in_app vs whatsapp,in_app,0.2266362753,0.7476553284
in_app vs whatsapp,in_app,0.2285570721,0.5332832594
in_app vs whatsapp,in_app,0.2304778689,0.3752105317
in_app vs whatsapp,in_app,0.2323986657,0.260444806
in_app vs whatsapp,in_app,0.2343194624,0.1783779758
in_app vs whatsapp,in_app,0.2362402592,0.1205621778
in_app vs whatsapp,in_app,0.238161056,0.08042350968
in_app vs whatsapp,in_app,0.2400818528,0.05295575301
in_app vs whatsapp,in_app,0.2420026496,0.03442357398
in_app vs whatsapp,in_app,0.2439234464,0.02209349326
in_app vs whatsapp,in_app,0.2458442432,0.01400199315
in_app vs whatsapp,in_app,0.24776504,0.008763595581
in_app vs whatsapp,in_app,0.2496858368,0.005417392658
in_app vs whatsapp,in_app,0.2516066336,0.003307965433
in_app vs whatsapp,in_app,0.2535274304,0.001995446392
in_app vs whatsapp,in_app,0.2554482272,0.001189247117
in_app vs whatsapp,in_app,0.257369024,0.0007003260861
in_app vs whatsapp,in_app,0.2592898208,0.0004075366111
in_app vs whatsapp,in_app,0.2612106176,0.00023437531
in_app vs whatsapp,in_app,0.2631314144,0.0001332218915
in_app vs whatsapp,in_app,0.2650522112,7.48507748e-05
in_app vs whatsapp,in_app,0.266973008,4.157299636e-05
in_app vs whatsapp,in_app,0.2688938048,2.282742631e-05
in_app vs whatsapp,in_app,0.2708146016,1.239276992e-05
in_app vs whatsapp,in_app,0.2727353984,6.652422644e-06
in_app vs whatsapp,in_app,0.2746561952,3.531217621e-06
in_app vs whatsapp,in_app,0.276576992,1.853679107e-06
in_app vs whatsapp,in_app,0.2784977887,9.623683179e-07
in_app vs whatsapp,in_app,0.2804185855,4.941685582e-07
in_app vs whatsapp,in_app,0.2823393823,2.509951714e-07
in_app vs whatsapp,in_app,0.2842601791,1.261074195e-07
in_app vs whatsapp,in_app,0.2861809759,6.267994595e-08
in_app vs whatsapp,in_app,0.2881017727,3.082166769e-08
in_app vs whatsapp,in_app,0.2900225695,1.499509495e-08
in_app vs whatsapp,in_app,0.2919433663,7.218269404e-09
in_app vs whatsapp,in_app,0.2938641631,3.438208123e-09
in_app vs whatsapp,in_app,0.2957849599,1.620578611e-09
in_app vs whatsapp,in_app,0.2977057567,7.559095171e-10
in_app vs whatsapp,in_app,0.2996265535,3.489421728e-10
in_app vs whatsapp,in_app,0.3015473503,1.594198852e-10
in_app vs whatsapp,in_app,0.3034681471,7.208711516e-11
in_app vs whatsapp,in_app,0.3053889439,3.226405659e-11
in_app vs whatsapp,in_app,0.3073097407,1.429373864e-11
in_app vs whatsapp,in_app,0.3092305375,6.268403589e-12
in_app vs whatsapp,in_app,0.3111513343,2.721262061e-12
in_app vs whatsapp,in_app,0.3130721311,1.169508824e-12
in_app vs whatsapp,in_app,0.3149929279,4.97591725e-13
in_app vs whatsapp,whatsapp,0.08641810919,6.423967827e-23
in_app vs whatsapp,whatsapp,0.08833890598,5.645241136e-22
in_app vs whatsapp,whatsapp,0.09025970278,4.605478811e-21
in_app vs whatsapp,whatsapp,0.09218049957,3.498569506e-20
in_app vs whatsapp,whatsapp,0.09410129637,2.481752932e-19
in_app vs whatsapp,whatsapp,0.09602209317,1.648287575e-18
in_app vs whatsapp,whatsapp,0.09794288996,1.027540698e-17
in_app vs whatsapp,whatsapp,0.09986368676,6.026683076e-17
in_app vs whatsapp,whatsapp,0.1017844836,3.332989347e-16
in_app vs whatsapp,whatsapp,0.1037052803,1.741704267e-15
in_app vs whatsapp,whatsapp,0.1056260771,8.617041253e-15
in_app vs whatsapp,whatsapp,0.1075468739,4.043866828e-14
in_app vs whatsapp,whatsapp,0.1094676707,1.80326143e-13
in_app vs whatsapp,whatsapp,0.1113884675,7.65370295e-13
in_app vs whatsapp,whatsapp,0.1133092643,3.096890435e-12
in_app vs whatsapp,whatsapp,0.1152300611,1.196400505e-11
in_app vs whatsapp,whatsapp,0.1171508579,4.419226425e-11
in_app vs whatsapp,whatsapp,0.1190716547,1.562883506e-10
in_app vs whatsapp,whatsapp,0.1209924515,5.29883916e-10
in_app vs whatsapp,whatsapp,0.1229132483,1.724427153e-09
in_app vs whatsapp,whatsapp,0.1248340451,5.392994199e-09
in_app vs whatsapp,whatsapp,0.1267548419,1.622644429e-08
in_app vs whatsapp,whatsapp,0.1286756387,4.702081529e-08
in_app vs whatsapp,whatsapp,0.1305964355,1.313634259e-07
in_app vs whatsapp,whatsapp,0.1325172323,3.541609867e-07
in_app vs whatsapp,whatsapp,0.1344380291,9.223054032e-07
in_app vs whatsapp,whatsapp,0.1363588259,2.322121172e-06
in_app vs whatsapp,whatsapp,0.1382796227,5.657217203e-06
in_app vs whatsapp,whatsapp,0.1402004195,1.334703492e-05
in_app vs whatsapp,whatsapp,0.1421212163,3.051912202e-05
in_app vs whatsapp,whatsapp,0.1440420131,6.76849166e-05
in_app vs whatsapp,whatsapp,0.1459628099,0.0001456996314
in_app vs whatsapp,whatsapp,0.1478836066,0.0003046303722
in_app vs whatsapp,whatsapp,0.1498044034,0.0006190499898
in_app vs whatsapp,whatsapp,0.1517252002,0.001223472677
in_app vs whatsapp,whatsapp,0.153645997,0.002353132471
in_app vs whatsapp,whatsapp,0.1555667938,0.004406962174
in_app vs whatsapp,whatsapp,0.1574875906,0.008041196816
in_app vs whatsapp,whatsapp,0.1594083874,0.01430305519
in_app vs whatsapp,whatsapp,0.1613291842,0.02481379626
in_app vs whatsapp,whatsapp,0.163249981,0.04200829106
in_app vs whatsapp,whatsapp,0.1651707778,0.06943322672
in_app vs whatsapp,whatsapp,0.1670915746,0.112097443
in_app vs whatsapp,whatsapp,0.1690123714,0.176855387
in_app vs whatsapp,whatsapp,0.1709331682,0.272788685
in_app vs whatsapp,whatsapp,0.172853965,0.4115328207
in_app vs whatsapp,whatsapp,0.1747747618,0.6074784834
in_app vs whatsapp,whatsapp,0.1766955586,0.8777640114
in_app vs whatsapp,whatsapp,0.1786163554,1.241970885
in_app vs whatsapp,whatsapp,0.1805371522,1.721442745
in_app vs whatsapp,whatsapp,0.182457949,2.338173222
in_app vs whatsapp,whatsapp,0.1843787458,3.113250032
in_app vs whatsapp,whatsapp,0.1862995426,4.064900467
in_app vs whatsapp,whatsapp,0.1882203394,5.206250879
in_app vs whatsapp,whatsapp,0.1901411362,6.54298121
in_app vs whatsapp,whatsapp,0.1920619329,8.071113597
in_app vs whatsapp,whatsapp,0.1939827297,9.775209664
in_app vs whatsapp,whatsapp,0.1959035265,11.6272539
in_app vs whatsapp,whatsapp,0.1978243233,13.58646419
in_app vs whatsapp,whatsapp,0.1997451201,15.6001945
in_app vs whatsapp,whatsapp,0.2016659169,17.60598534
in_app vs whatsapp,whatsapp,0.2035867137,19.53468744
in_app vs whatsapp,whatsapp,0.2055075105,21.31445078
in_app vs whatsapp,whatsapp,0.2074283073,22.87525415
in_app vs whatsapp,whatsapp,0.2093491041,24.15356777
in_app vs whatsapp,whatsapp,0.2112699009,25.09670759
in_app vs whatsapp,whatsapp,0.2131906977,25.66645963
in_app vs whatsapp,whatsapp,0.2151114945,25.84162626
in_app vs whatsapp,whatsapp,0.2170322913,25.61926175
in_app vs whatsapp,whatsapp,0.2189530881,25.01450681
in_app vs whatsapp,whatsapp,0.2208738849,24.05908066
in_app vs whatsapp,whatsapp,0.2227946817,22.79862457
in_app vs whatsapp,whatsapp,0.2247154785,21.28919636
in_app vs whatsapp,whatsapp,0.2266362753,19.59327862
in_app vs whatsapp,whatsapp,0.2285570721,17.77568073
in_app vs whatsapp,whatsapp,0.2304778689,15.89968807
in_app vs whatsapp,whatsapp,0.2323986657,14.0237489
in_app vs whatsapp,whatsapp,0.2343194624,12.19890265
in_app vs whatsapp,whatsapp,0.2362402592,10.46705657
in_app vs whatsapp,whatsapp,0.238161056,8.860122962
in_app vs whatsapp,whatsapp,0.2400818528,7.399948799
in_app vs whatsapp,whatsapp,0.2420026496,6.098908942
in_app vs whatsapp,whatsapp,0.2439234464,4.960997997
in_app vs whatsapp,whatsapp,0.2458442432,3.983242885
in_app vs whatsapp,whatsapp,0.24776504,3.157265796
in_app vs whatsapp,whatsapp,0.2496858368,2.470849911
in_app vs whatsapp,whatsapp,0.2516066336,1.909392468
in_app vs whatsapp,whatsapp,0.2535274304,1.457165795
in_app vs whatsapp,whatsapp,0.2554482272,1.098341898
in_app vs whatsapp,whatsapp,0.257369024,0.8177668101
in_app vs whatsapp,whatsapp,0.2592898208,0.6014949064
in_app vs whatsapp,whatsapp,0.2612106176,0.4371101337
in_app vs whatsapp,whatsapp,0.2631314144,0.3138707812
in_app vs whatsapp,whatsapp,0.2650522112,0.2227180494
in_app vs whatsapp,whatsapp,0.266973008,0.1561876469
in_app vs whatsapp,whatsapp,0.2688938048,0.108259436
in_app vs whatsapp,whatsapp,0.2708146016,0.07417415166
in_app vs whatsapp,whatsapp,0.2727353984,0.05023958047
in_app vs whatsapp,whatsapp,0.2746561952,0.03364215253
in_app vs whatsapp,whatsapp,0.276576992,0.02227422609
in_app vs whatsapp,whatsapp,0.2784977887,0.01458271041
in_app vs whatsapp,whatsapp,0.2804185855,0.009441160244
in_app vs whatsapp,whatsapp,0.2823393823,0.006045019642
in_app vs whatsapp,whatsapp,0.2842601791,0.00382814244
in_app vs whatsapp,whatsapp,0.2861809759,0.002397885044
in_app vs whatsapp,whatsapp,0.2881017727,0.001485762859
in_app vs whatsapp,whatsapp,0.2900225695,0.0009107131287
in_app vs whatsapp,whatsapp,0.2919433663,0.0005522730995
in_app vs whatsapp,whatsapp,0.2938641631,0.000331355946
in_app vs whatsapp,whatsapp,0.2957849599,0.0001967124305
in_app vs whatsapp,whatsapp,0.2977057567,0.0001155558053
in_app vs whatsapp,whatsapp,0.2996265535,6.71739127e-05
in_app vs whatsapp,whatsapp,0.3015473503,3.864414063e-05
in_app vs whatsapp,whatsapp,0.3034681471,2.200215706e-05
in_app vs whatsapp,whatsapp,0.3053889439,1.239850147e-05
in_app vs whatsapp,whatsapp,0.3073097407,6.915418676e-06
in_app vs whatsapp,whatsapp,0.3092305375,3.81799549e-06
in_app vs whatsapp,whatsapp,0.3111513343,2.086611582e-06
in_app vs whatsapp,whatsapp,0.3130721311,1.128906643e-06
in_app vs whatsapp,whatsapp,0.3149929279,6.04651222e-07
voice_transcript vs chat,voice_transcript,0.09726027397,3.462191564e-16
voice_transcript vs chat,voice_transcript,0.09905830526,1.639080593e-15
voice_transcript vs chat,voice_transcript,0.1008563365,7.386882088e-15
voice_transcript vs chat,voice_transcript,0.1026543678,3.17433864e-14
voice_transcript vs chat,voice_transcript,0.1044523991,1.302742133e-13
voice_transcript vs chat,voice_transcript,0.1062504304,5.113562079e-13
voice_transcript vs chat,voice_transcript,0.1080484617,1.922482777e-12
voice_transcript vs chat,voice_transcript,0.109846493,6.932000824e-12
voice_transcript vs chat,voice_transcript,0.1116445243,2.40030662e-11
voice_transcript vs chat,voice_transcript,0.1134425555,7.991250774e-11
voice_transcript vs chat,voice_transcript,0.1152405868,2.560976263e-10
voice_transcript vs chat,voice_transcript,0.1170386181,7.908941849e-10
voice_transcript vs chat,voice_transcript,0.1188366494,2.356190509e-09
voice_transcript vs chat,voice_transcript,0.1206346807,6.778256069e-09
voice_transcript vs chat,voice_transcript,0.122432712,1.884767923e-08
voice_transcript vs chat,voice_transcript,0.1242307433,5.070239765e-08
voice_transcript vs chat,voice_transcript,0.1260287746,1.320720173e-07
voice_transcript vs chat,voice_transcript,0.1278268058,3.334029455e-07
voice_transcript vs chat,voice_transcript,0.1296248371,8.163069488e-07
voice_transcript vs chat,voice_transcript,0.1314228684,1.939981136e-06
voice_transcript vs chat,voice_transcript,0.1332208997,4.478392522e-06
voice_transcript vs chat,voice_transcript,0.135018931,1.004928204e-05
voice_transcript vs chat,voice_transcript,0.1368169623,2.193468193e-05
voice_transcript vs chat,voice_transcript,0.1386149936,4.660092311e-05
voice_transcript vs chat,voice_transcript,0.1404130248,9.64266032e-05
voice_transcript vs chat,voice_transcript,0.1422110561,0.0001944464879
voice_transcript vs chat,voice_transcript,0.1440090874,0.000382345418
voice_transcript vs chat,voice_transcript,0.1458071187,0.0007335105073
voice_transcript vs chat,voice_transcript,0.14760515,0.001373676521
voice_transcript vs chat,voice_transcript,0.1494031813,0.002512549774
voice_transcript vs chat,voice_transcript,0.1512012126,0.004490689982
voice_transcript vs chat,voice_transcript,0.1529992438,0.007846716603
voice_transcript vs chat,voice_transcript,0.1547972751,0.01341035153
voice_transcript vs chat,voice_transcript,0.1565953064,0.02242659436
voice_transcript vs chat,voice_transcript,0.1583933377,0.0367150665
voice_transcript vs chat,voice_transcript,0.160191369,0.05886585868
voice_transcript vs chat,voice_transcript,0.1619894003,0.09246874184
voice_transcript vs chat,voice_transcript,0.1637874316,0.142366201
voice_transcript vs chat,voice_transcript,0.1655854629,0.2149125713
voice_transcript vs chat,voice_transcript,0.1673834941,0.3182121596
voice_transcript vs chat,voice_transcript,0.1691815254,0.4622996731
voice_transcript vs chat,voice_transcript,0.1709795567,0.6592180804
voice_transcript vs chat,voice_transcript,0.172777588,0.9229441058
voice_transcript vs chat,voice_transcript,0.1745756193,1.269111928
voice_transcript vs chat,voice_transcript,0.1763736506,1.714493138
voice_transcript vs chat,voice_transcript,0.1781716819,2.276206801
voice_transcript vs chat,voice_transcript,0.1799697131,2.970657642
voice_transcript vs chat,voice_transcript,0.1817677444,3.812231775
voice_transcript vs chat,voice_transcript,0.1835657757,4.811815141
voice_transcript vs chat,voice_transcript,0.185363807,5.975235864
voice_transcript vs chat,voice_transcript,0.1871618383,7.301762894
voice_transcript vs chat,voice_transcript,0.1889598696,8.782814173
voice_transcript vs chat,voice_transcript,0.1907579009,10.40103334
voice_transcript vs chat,voice_transcript,0.1925559321,12.12988134
voice_transcript vs chat,voice_transcript,0.1943539634,13.9338571
voice_transcript vs chat,voice_transcript,0.1961519947,15.76941153
voice_transcript vs chat,voice_transcript,0.197950026,17.58655565
voice_transcript vs chat,voice_transcript,0.1997480573,19.33109391
voice_transcript vs chat,voice_transcript,0.2015460886,20.94734579
voice_transcript vs chat,voice_transcript,0.2033441199,22.38116131
voice_transcript vs chat,voice_transcript,0.2051421512,23.58299685
voice_transcript vs chat,voice_transcript,0.2069401824,24.51080246
voice_transcript vs chat,voice_transcript,0.2087382137,25.13248277
voice_transcript vs chat,voice_transcript,0.210536245,25.42772982
voice_transcript vs chat,voice_transcript,0.2123342763,25.38908382
voice_transcript vs chat,voice_transcript,0.2141323076,25.02214935
voice_transcript vs chat,voice_transcript,0.2159303389,24.34497187
voice_transcript vs chat,voice_transcript,0.2177283702,23.38665315
voice_transcript vs chat,voice_transcript,0.2195264014,22.18534693
voice_transcript vs chat,voice_transcript,0.2213244327,20.78582058
voice_transcript vs chat,voice_transcript,0.223122464,19.23679223
voice_transcript vs chat,voice_transcript,0.2249204953,17.58825417
voice_transcript vs chat,voice_transcript,0.2267185266,15.88897445
voice_transcript vs chat,voice_transcript,0.2285165579,14.184334
voice_transcript vs chat,voice_transcript,0.2303145892,12.51461113
voice_transcript vs chat,voice_transcript,0.2321126204,10.91377525
voice_transcript vs chat,voice_transcript,0.2339106517,9.408802954
voice_transcript vs chat,voice_transcript,0.235708683,8.0194865
voice_transcript vs chat,voice_transcript,0.2375067143,6.758671279
voice_transcript vs chat,voice_transcript,0.2393047456,5.632836113
voice_transcript vs chat,voice_transcript,0.2411027769,4.642919132
voice_transcript vs chat,voice_transcript,0.2429008082,3.785291145
voice_transcript vs chat,voice_transcript,0.2446988395,3.052786133
voice_transcript vs chat,voice_transcript,0.2464968707,2.435712289
voice_transcript vs chat,voice_transcript,0.248294902,1.922784321
voice_transcript vs chat,voice_transcript,0.2500929333,1.501936241
voice_transcript vs chat,voice_transcript,0.2518909646,1.160991534
voice_transcript vs chat,voice_transcript,0.2536889959,0.8881830697
voice_transcript vs chat,voice_transcript,0.2554870272,0.6725274966
voice_transcript vs chat,voice_transcript,0.2572850585,0.5040678124
voice_transcript vs chat,voice_transcript,0.2590830897,0.3740033911
voice_transcript vs chat,voice_transcript,0.260881121,0.2747293869
voice_transcript vs chat,voice_transcript,0.2626791523,0.1998076605
voice_transcript vs chat,voice_transcript,0.2644771836,0.1438898439
voice_transcript vs chat,voice_transcript,0.2662752149,0.1026105031
voice_transcript vs chat,voice_transcript,0.2680732462,0.07246511685
voice_transcript vs chat,voice_transcript,0.2698712775,0.05068421099
voice_transcript vs chat,voice_transcript,0.2716693087,0.03511180063
voice_transcript vs chat,voice_transcript,0.27346734,0.02409348657
voice_transcript vs chat,voice_transcript,0.2752653713,0.01637725047
voice_transcript vs chat,voice_transcript,0.2770634026,0.01102820993
voice_transcript vs chat,voice_transcript,0.2788614339,0.007357307792
voice_transcript vs chat,voice_transcript,0.2806594652,0.004863054655
voice_transcript vs chat,voice_transcript,0.2824574965,0.003184941514
voice_transcript vs chat,voice_transcript,0.2842555278,0.002066907004
voice_transcript vs chat,voice_transcript,0.286053559,0.001329205066
voice_transcript vs chat,voice_transcript,0.2878515903,0.0008471072016
voice_transcript vs chat,voice_transcript,0.2896496216,0.000535036262
voice_transcript vs chat,voice_transcript,0.2914476529,0.000334926118
voice_transcript vs chat,voice_transcript,0.2932456842,0.0002078057963
voice_transcript vs chat,voice_transcript,0.2950437155,0.0001277998756
voice_transcript vs chat,voice_transcript,0.2968417468,7.790907403e-05
voice_transcript vs chat,voice_transcript,0.298639778,4.708153611e-05
voice_transcript vs chat,voice_transcript,0.3004378093,2.820575607e-05
voice_transcript vs chat,voice_transcript,0.3022358406,1.675206808e-05
voice_transcript vs chat,voice_transcript,0.3040338719,9.864183815e-06
voice_transcript vs chat,voice_transcript,0.3058319032,5.758825009e-06
voice_transcript vs chat,voice_transcript,0.3076299345,3.333527497e-06
voice_transcript vs chat,voice_transcript,0.3094279658,1.9133242e-06
voice_transcript vs chat,voice_transcript,0.311225997,1.088939822e-06
voice_transcript vs chat,chat,0.09726027397,1.227294048e-13
voice_transcript vs chat,chat,0.09905830526,5.334922236e-13
voice_transcript vs chat,chat,0.1008563365,2.206409637e-12
voice_transcript vs chat,chat,0.1026543678,8.696551417e-12
voice_transcript vs chat,chat,0.1044523991,3.271878591e-11
voice_transcript vs chat,chat,0.1062504304,1.176758701e-10
voice_transcript vs chat,chat,0.1080484617,4.05168542e-10
voice_transcript vs chat,chat,0.109846493,1.337301062e-09
voice_transcript vs chat,chat,0.1116445243,4.236684388e-09
voice_transcript vs chat,chat,0.1134425555,1.289905168e-08
voice_transcript vs chat,chat,0.1152405868,3.778593784e-08
voice_transcript vs chat,chat,0.1170386181,1.066168043e-07
voice_transcript vs chat,chat,0.1188366494,2.900708899e-07
voice_transcript vs chat,chat,0.1206346807,7.617364187e-07
voice_transcript vs chat,chat,0.122432712,1.932621147e-06
voice_transcript vs chat,chat,0.1242307433,4.741666014e-06
voice_transcript vs chat,chat,0.1260287746,1.126006029e-05
voice_transcript vs chat,chat,0.1278268058,2.590256586e-05
voice_transcript vs chat,chat,0.1296248371,5.776813962e-05
voice_transcript vs chat,chat,0.1314228684,0.0001250011429
voice_transcript vs chat,chat,0.1332208997,0.0002626286786
voice_transcript vs chat,chat,0.135018931,0.0005361449849
voice_transcript vs chat,chat,0.1368169623,0.001064219391
voice_transcript vs chat,chat,0.1386149936,0.002055294019
voice_transcript vs chat,chat,0.1404130248,0.003864421068
voice_transcript vs chat,chat,0.1422110561,0.007078248085
voice_transcript vs chat,chat,0.1440090874,0.01263720456
voice_transcript vs chat,chat,0.1458071187,0.02200409767
voice_transcript vs chat,chat,0.14760515,0.03738674792
voice_transcript vs chat,chat,0.1494031813,0.06201816969
voice_transcript vs chat,chat,0.1512012126,0.1004904025
voice_transcript vs chat,chat,0.1529992438,0.1591270323
voice_transcript vs chat,chat,0.1547972751,0.2463649319
voice_transcript vs chat,chat,0.1565953064,0.3730989152
voice_transcript vs chat,chat,0.1583933377,0.552925998
voice_transcript vs chat,chat,0.160191369,0.8022120159
voice_transcript vs chat,chat,0.1619894003,1.13989639
voice_transcript vs chat,chat,0.1637874316,1.586954966
voice_transcript vs chat,chat,0.1655854629,2.165459424
voice_transcript vs chat,chat,0.1673834941,2.897206508
voice_transcript vs chat,chat,0.1691815254,3.801940239
voice_transcript vs chat,chat,0.1709795567,4.895251399
voice_transcript vs chat,chat,0.172777588,6.18630345
voice_transcript vs chat,chat,0.1745756193,7.675593097
voice_transcript vs chat,chat,0.1763736506,9.352995762
voice_transcript vs chat,chat,0.1781716819,11.19636136
voice_transcript vs chat,chat,0.1799697131,13.17090656
voice_transcript vs chat,chat,0.1817677444,15.2295935
voice_transcript vs chat,chat,0.1835657757,17.3145955
voice_transcript vs chat,chat,0.185363807,19.35983576
voice_transcript vs chat,chat,0.1871618383,21.29446144
voice_transcript vs chat,chat,0.1889598696,23.04699782
voice_transcript vs chat,chat,0.1907579009,24.54983456
voice_transcript vs chat,chat,0.1925559321,25.74364122
voice_transcript vs chat,chat,0.1943539634,26.58130271
voice_transcript vs chat,chat,0.1961519947,27.03100709
voice_transcript vs chat,chat,0.197950026,27.07820542
voice_transcript vs chat,chat,0.1997480573,26.72628146
voice_transcript vs chat,chat,0.2015460886,25.99590439
voice_transcript vs chat,chat,0.2033441199,24.92317012
voice_transcript vs chat,chat,0.2051421512,23.55675133
voice_transcript vs chat,chat,0.2069401824,21.95435845
voice_transcript vs chat,chat,0.2087382137,20.17885686
voice_transcript vs chat,chat,0.210536245,18.29438704
voice_transcript vs chat,chat,0.2123342763,16.36279887
voice_transcript vs chat,chat,0.2141323076,14.44064664
voice_transcript vs chat,chat,0.2159303389,12.57690941
voice_transcript vs chat,chat,0.2177283702,10.81151318
voice_transcript vs chat,chat,0.2195264014,9.17464898
voice_transcript vs chat,chat,0.2213244327,7.686811637
voice_transcript vs chat,chat,0.223122464,6.359434159
voice_transcript vs chat,chat,0.2249204953,5.195964036
voice_transcript vs chat,chat,0.2267185266,4.193219201
voice_transcript vs chat,chat,0.2285165579,3.342870324
voice_transcript vs chat,chat,0.2303145892,2.632917591
voice_transcript vs chat,chat,0.2321126204,2.049059304
voice_transcript vs chat,chat,0.2339106517,1.575881764
voice_transcript vs chat,chat,0.235708683,1.197830835
voice_transcript vs chat,chat,0.2375067143,0.8999526584
voice_transcript vs chat,chat,0.2393047456,0.6684122483
voice_transcript vs chat,chat,0.2411027769,0.4908136782
voice_transcript vs chat,chat,0.2429008082,0.3563544254
voice_transcript vs chat,chat,0.2446988395,0.2558499916
voice_transcript vs chat,chat,0.2464968707,0.1816643645
voice_transcript vs chat,chat,0.248294902,0.1275784609
voice_transcript vs chat,chat,0.2500929333,0.08862358831
voice_transcript vs chat,chat,0.2518909646,0.06090117295
voice_transcript vs chat,chat,0.2536889959,0.04140428443
voice_transcript vs chat,chat,0.2554870272,0.02785134212
voice_transcript vs chat,chat,0.2572850585,0.01853809537
voice_transcript vs chat,chat,0.2590830897,0.01221063314
voice_transcript vs chat,chat,0.260881121,0.007959766774
voice_transcript vs chat,chat,0.2626791523,0.00513553469
voice_transcript vs chat,chat,0.2644771836,0.003279648748
voice_transcript vs chat,chat,0.2662752149,0.002073278479
voice_transcript vs chat,chat,0.2680732462,0.00129750198
voice_transcript vs chat,chat,0.2698712775,0.0008039131069
voice_transcript vs chat,chat,0.2716693087,0.0004931632118
voice_transcript vs chat,chat,0.27346734,0.0002995585464
voice_transcript vs chat,chat,0.2752653713,0.000180181607
voice_transcript vs chat,chat,0.2770634026,0.0001073258551
voice_transcript vs chat,chat,0.2788614339,6.331259862e-05
voice_transcript vs chat,chat,0.2806594652,3.699080626e-05
voice_transcript vs chat,chat,0.2824574965,2.140625134e-05
voice_transcript vs chat,chat,0.2842555278,1.227030067e-05
voice_transcript vs chat,chat,0.286053559,6.967251226e-06
voice_transcript vs chat,chat,0.2878515903,3.919066898e-06
voice_transcript vs chat,chat,0.2896496216,2.183943681e-06
voice_transcript vs chat,chat,0.2914476529,1.205756807e-06
voice_transcript vs chat,chat,0.2932456842,6.595669683e-07
voice_transcript vs chat,chat,0.2950437155,3.574865544e-07
voice_transcript vs chat,chat,0.2968417468,1.919916416e-07
voice_transcript vs chat,chat,0.298639778,1.021753896e-07
voice_transcript vs chat,chat,0.3004378093,5.388534366e-08
voice_transcript vs chat,chat,0.3022358406,2.816267031e-08
voice_transcript vs chat,chat,0.3040338719,1.458725992e-08
voice_transcript vs chat,chat,0.3058319032,7.488376778e-09
voice_transcript vs chat,chat,0.3076299345,3.81006656e-09
voice_transcript vs chat,chat,0.3094279658,1.921430416e-09
voice_transcript vs chat,chat,0.311225997,9.604611264e-10
voice_transcript vs email,voice_transcript,0.09799139168,6.554654677e-16
voice_transcript vs email,voice_transcript,0.09978327912,3.025323069e-15
voice_transcript vs email,voice_transcript,0.1015751666,1.330589601e-14
voice_transcript vs email,voice_transcript,0.103367054,5.585522988e-14
voice_transcript vs email,voice_transcript,0.1051589414,2.241257198e-13
voice_transcript vs email,voice_transcript,0.1069508289,8.609040725e-13
voice_transcript vs email,voice_transcript,0.1087427163,3.169922521e-12
voice_transcript vs email,voice_transcript,0.1105346038,1.12031345e-11
voice_transcript vs email,voice_transcript,0.1123264912,3.805100626e-11
voice_transcript vs email,voice_transcript,0.1141183786,1.243487237e-10
voice_transcript vs email,voice_transcript,0.1159102661,3.914297482e-10
voice_transcript vs email,voice_transcript,0.1177021535,1.188145596e-09
voice_transcript vs email,voice_transcript,0.119494041,3.48123659e-09
voice_transcript vs email,voice_transcript,0.1212859284,9.855305879e-09
voice_transcript vs email,voice_transcript,0.1230778158,2.698268339e-08
voice_transcript vs email,voice_transcript,0.1248697033,7.150997183e-08
voice_transcript vs email,voice_transcript,0.1266615907,1.836055133e-07
voice_transcript vs email,voice_transcript,0.1284534782,4.57085912e-07
voice_transcript vs email,voice_transcript,0.1302453656,1.10418887e-06
voice_transcript vs email,voice_transcript,0.132037253,2.590291063e-06
voice_transcript vs email,voice_transcript,0.1338291405,5.905087248e-06
voice_transcript vs email,voice_transcript,0.1356210279,1.309112065e-05
voice_transcript vs email,voice_transcript,0.1374129154,2.824153407e-05
voice_transcript vs email,voice_transcript,0.1392048028,5.932496661e-05
voice_transcript vs email,voice_transcript,0.1409966902,0.0001214200713
voice_transcript vs email,voice_transcript,0.1427885777,0.0002422718561
voice_transcript vs email,voice_transcript,0.1445804651,0.0004715426062
voice_transcript vs email,voice_transcript,0.1463723526,0.0008957382443
voice_transcript vs email,voice_transcript,0.14816424,0.00166154226
voice_transcript vs email,voice_transcript,0.1499561274,0.003011142124
voice_transcript vs email,voice_transcript,0.1517480149,0.005333989968
voice_transcript vs email,voice_transcript,0.1535399023,0.009240129812
voice_transcript vs email,voice_transcript,0.1553317898,0.01566049457
voice_transcript vs email,voice_transcript,0.1571236772,0.02597909618
voice_transcript vs email,voice_transcript,0.1589155646,0.04220042041
voice_transcript vs email,voice_transcript,0.1607074521,0.0671522192
voice_transcript vs email,voice_transcript,0.1624993395,0.1047189879
voice_transcript vs email,voice_transcript,0.164291227,0.1600946464
voice_transcript vs email,voice_transcript,0.1660831144,0.2400345622
voice_transcript vs email,voice_transcript,0.1678750018,0.3530777364
voice_transcript vs email,voice_transcript,0.1696668893,0.5097008726
voice_transcript vs email,voice_transcript,0.1714587767,0.7223587654
voice_transcript vs email,voice_transcript,0.1732506642,1.005361877
voice_transcript vs email,voice_transcript,0.1750425516,1.374544063
voice_transcript vs email,voice_transcript,0.176834439,1.846682799
voice_transcript vs email,voice_transcript,0.1786263265,2.438651815
voice_transcript vs email,voice_transcript,0.1804182139,3.166311629
voice_transcript vs email,voice_transcript,0.1822101014,4.043175424
voice_transcript vs email,voice_transcript,0.1840019888,5.078923001
voice_transcript vs email,voice_transcript,0.1857938762,6.277869954
voice_transcript vs email,voice_transcript,0.1875857637,7.637527479
voice_transcript vs email,voice_transcript,0.1893776511,9.147405376
voice_transcript vs email,voice_transcript,0.1911695386,10.78821227
voice_transcript vs email,voice_transcript,0.192961426,12.53159021
voice_transcript vs email,voice_transcript,0.1947533134,14.34048528
voice_transcript vs email,voice_transcript,0.1965452009,16.17020344
voice_transcript vs email,voice_transcript,0.1983370883,17.9701374
voice_transcript vs email,voice_transcript,0.2001289758,19.68608184
voice_transcript vs email,voice_transcript,0.2019208632,21.26298963
voice_transcript vs email,voice_transcript,0.2037127506,22.6479694
voice_transcript vs email,voice_transcript,0.2055046381,23.79329084
voice_transcript vs email,voice_transcript,0.2072965255,24.65915512
voice_transcript vs email,voice_transcript,0.209088413,25.21600321
voice_transcript vs email,voice_transcript,0.2108803004,25.44617532
voice_transcript vs email,voice_transcript,0.2126721878,25.34479388
voice_transcript vs email,voice_transcript,0.2144640753,24.91981395
voice_transcript vs email,voice_transcript,0.2162559627,24.19126031
voice_transcript vs email,voice_transcript,0.2180478502,23.18974058
voice_transcript vs email,voice_transcript,0.2198397376,21.95438202
voice_transcript vs email,voice_transcript,0.221631625,20.53037919
voice_transcript vs email,voice_transcript,0.2234235125,18.9663589
voice_transcript vs email,voice_transcript,0.2252153999,17.31176623
voice_transcript vs email,voice_transcript,0.2270072874,15.61445439
voice_transcript vs email,voice_transcript,0.2287991748,13.91862501
voice_transcript vs email,voice_transcript,0.2305910622,12.26322003
voice_transcript vs email,voice_transcript,0.2323829497,10.68081784
voice_transcript vs email,voice_transcript,0.2341748371,9.19703913
voice_transcript vs email,voice_transcript,0.2359667246,7.830427546
voice_transcript vs email,voice_transcript,0.237758612,6.59273911
voice_transcript vs email,voice_transcript,0.2395504994,5.489553912
voice_transcript vs email,voice_transcript,0.2413423869,4.521114445
voice_transcript vs email,voice_transcript,0.2431342743,3.683295397
voice_transcript vs email,voice_transcript,0.2449261618,2.968618226
voice_transcript vs email,voice_transcript,0.2467180492,2.367237877
voice_transcript vs email,voice_transcript,0.2485099366,1.867846126
voice_transcript vs email,voice_transcript,0.2503018241,1.458454025
voice_transcript vs email,voice_transcript,0.2520937115,1.127032917
voice_transcript vs email,voice_transcript,0.253885599,0.8620082062
voice_transcript vs email,voice_transcript,0.2556774864,0.6526117333
voice_transcript vs email,voice_transcript,0.2574693738,0.4891069087
voice_transcript vs email,voice_transcript,0.2592612613,0.3629058573
voice_transcript vs email,voice_transcript,0.2610531487,0.266600105
voice_transcript vs email,voice_transcript,0.2628450362,0.1939263445
voice_transcript vs email,voice_transcript,0.2646369236,0.1396871917
voice_transcript vs email,voice_transcript,0.266428811,0.09964417414
voice_transcript vs email,voice_transcript,0.2682206985,0.07039701192
voice_transcript vs email,voice_transcript,0.2700125859,0.04925997103
voice_transcript vs email,voice_transcript,0.2718044734,0.03414298797
voice_transcript vs email,voice_transcript,0.2735963608,0.02344257985
voice_transcript vs email,voice_transcript,0.2753882482,0.01594535137
voice_transcript vs email,voice_transcript,0.2771801357,0.01074521629
voice_transcript vs email,voice_transcript,0.2789720231,0.007174232638
voice_transcript vs email,voice_transcript,0.2807639106,0.004746146272
voice_transcript vs email,voice_transcript,0.282555798,0.003111269332
voice_transcript vs email,voice_transcript,0.2843476854,0.002021108872
voice_transcript vs email,voice_transcript,0.2861395729,0.001301132567
voice_transcript vs email,voice_transcript,0.2879314603,0.0008301500718
voice_transcript vs email,voice_transcript,0.2897233478,0.0005249497738
voice_transcript vs email,voice_transcript,0.2915152352,0.000329023728
voice_transcript vs email,voice_transcript,0.2933071226,0.0002044121226
voice_transcript vs email,voice_transcript,0.2950990101,0.0001258859007
voice_transcript vs email,voice_transcript,0.2968908975,7.685268137e-05
voice_transcript vs email,voice_transcript,0.298682785,4.651278638e-05
voice_transcript vs email,voice_transcript,0.3004746724,2.790849684e-05
voice_transcript vs email,voice_transcript,0.3022665598,1.660237067e-05
voice_transcript vs email,voice_transcript,0.3040584473,9.792455815e-06
voice_transcript vs email,voice_transcript,0.3058503347,5.726888831e-06
voice_transcript vs email,voice_transcript,0.3076422222,3.320999074e-06
voice_transcript vs email,voice_transcript,0.3094341096,1.909670226e-06
voice_transcript vs email,voice_transcript,0.311225997,1.088939822e-06
voice_transcript vs email,email,0.09799139168,6.250262669e-13
voice_transcript vs email,email,0.09978327912,2.507152834e-12
voice_transcript vs email,email,0.1015751666,9.597787457e-12
voice_transcript vs email,email,0.103367054,3.511894722e-11
voice_transcript vs email,email,0.1051589414,1.23006841e-10
voice_transcript vs email,email,0.1069508289,4.129897811e-10
voice_transcript vs email,email,0.1087427163,1.330902031e-09
voice_transcript vs email,email,0.1105346038,4.12188342e-09
voice_transcript vs email,email,0.1123264912,1.228309151e-08
voice_transcript vs email,email,0.1141183786,3.525954379e-08
voice_transcript vs email,email,0.1159102661,9.760544093e-08
voice_transcript vs email,email,0.1177021535,2.608249438e-07
voice_transcript vs email,email,0.119494041,6.734894723e-07
voice_transcript vs email,email,0.1212859284,1.682010015e-06
voice_transcript vs email,email,0.1230778158,4.066620832e-06
voice_transcript vs email,email,0.1248697033,9.526211367e-06
voice_transcript vs email,email,0.1266615907,2.163944271e-05
voice_transcript vs email,email,0.1284534782,4.770389828e-05
voice_transcript vs email,email,0.1302453656,0.0001021343388
voice_transcript vs email,email,0.132037253,0.0002125271064
voice_transcript vs email,email,0.1338291405,0.0004301135431
voice_transcript vs email,email,0.1356210279,0.0008471640548
voice_transcript vs email,email,0.1374129154,0.001624969899
voice_transcript vs email,email,0.1392048028,0.003037269362
voice_transcript vs email,email,0.1409966902,0.005535257724
voice_transcript vs email,email,0.1427885777,0.009841366081
voice_transcript vs email,email,0.1445804651,0.01707941425
voice_transcript vs email,email,0.1463723526,0.02894800856
voice_transcript vs email,email,0.14816424,0.0479415556
voice_transcript vs email,email,0.1499561274,0.07761840703
voice_transcript vs email,email,0.1517480149,0.1229080259
voice_transcript vs email,email,0.1535399023,0.1904386313
voice_transcript vs email,email,0.1553317898,0.2888540777
voice_transcript vs email,email,0.1571236772,0.4290750347
voice_transcript vs email,email,0.1589155646,0.6244469246
voice_transcript vs email,email,0.1607074521,0.8907082833
voice_transcript vs email,email,0.1624993395,1.245711331
voice_transcript vs email,email,0.164291227,1.708834489
voice_transcript vs email,email,0.1660831144,2.300046397
voice_transcript vs email,email,0.1678750018,3.038613274
voice_transcript vs email,email,0.1696668893,3.941484506
voice_transcript vs email,email,0.1714587767,5.021441376
voice_transcript vs email,email,0.1732506642,6.285144454
voice_transcript vs email,email,0.1750425516,7.731258868
voice_transcript vs email,email,0.176834439,9.348865104
voice_transcript vs email,email,0.1786263265,11.11636909
voice_transcript vs email,email,0.1804182139,13.00110431
voice_transcript vs email,email,0.1822101014,14.95976965
voice_transcript vs email,email,0.1840019888,16.93977252
voice_transcript vs email,email,0.1857938762,18.88145564
voice_transcript vs email,email,0.1875857637,20.72108825
voice_transcript vs email,email,0.1893776511,22.39441122
voice_transcript vs email,email,0.1911695386,23.84045393
voice_transcript vs email,email,0.192961426,25.00529824
voice_transcript vs email,email,0.1947533134,25.84545947
voice_transcript vs email,email,0.1965452009,26.33058559
voice_transcript vs email,email,0.1983370883,26.44524224
voice_transcript vs email,email,0.2001289758,26.18964188
voice_transcript vs email,email,0.2019208632,25.57928049
voice_transcript vs email,email,0.2037127506,24.64354996
voice_transcript vs email,email,0.2055046381,23.4234873
voice_transcript vs email,email,0.2072965255,21.96889158
voice_transcript vs email,email,0.209088413,20.33508054
voice_transcript vs email,email,0.2108803004,18.57956804
voice_transcript vs email,email,0.2126721878,16.75892356
voice_transcript vs email,email,0.2144640753,14.92603073
voice_transcript vs email,email,0.2162559627,13.12790146
voice_transcript vs email,email,0.2180478502,11.40413419
voice_transcript vs email,email,0.2198397376,9.786038003
voice_transcript vs email,email,0.221631625,8.296385005
voice_transcript vs email,email,0.2234235125,6.949707779
voice_transcript vs email,email,0.2252153999,5.753027938
voice_transcript vs email,email,0.2270072874,4.706887663
voice_transcript vs email,email,0.2287991748,3.806556057
voice_transcript vs email,email,0.2305910622,3.043293711
voice_transcript vs email,email,0.2323829497,2.405578596
voice_transcript vs email,email,0.2341748371,1.880220239
voice_transcript vs email,email,0.2359667246,1.4533142
voice_transcript vs email,email,0.237758612,1.111012097
voice_transcript vs email,email,0.2395504994,0.840102255
voice_transcript vs email,email,0.2413423869,0.628411342
voice_transcript vs email,email,0.2431342743,0.4650478281
voice_transcript vs email,email,0.2449261618,0.340514075
voice_transcript vs email,email,0.2467180492,0.2467160206
voice_transcript vs email,email,0.2485099366,0.176898597
voice_transcript vs email,email,0.2503018241,0.1255321737
voice_transcript vs email,email,0.2520937115,0.08817128782
voice_transcript vs email,email,0.253885599,0.06130242461
voice_transcript vs email,email,0.2556774864,0.04219318843
voice_transcript vs email,email,0.2574693738,0.02875121586
voice_transcript vs email,email,0.2592612613,0.01939783664
voice_transcript vs email,email,0.2610531487,0.01295885808
voice_transcript vs email,email,0.2628450362,0.008572920465
voice_transcript vs email,email,0.2646369236,0.005616566473
voice_transcript vs email,email,0.266428811,0.003644379997
voice_transcript vs email,email,0.2682206985,0.002342161485
voice_transcript vs email,email,0.2700125859,0.001491006187
voice_transcript vs email,email,0.2718044734,0.0009402421503
voice_transcript vs email,email,0.2735963608,0.0005873880791
voice_transcript vs email,email,0.2753882482,0.0003635485603
voice_transcript vs email,email,0.2771801357,0.0002229346891
voice_transcript vs email,email,0.2789720231,0.0001354553387
voice_transcript vs email,email,0.2807639106,8.15534815e-05
voice_transcript vs email,email,0.282555798,4.865648935e-05
voice_transcript vs email,email,0.2843476854,2.876830341e-05
voice_transcript vs email,email,0.2861395729,1.685720763e-05
voice_transcript vs email,email,0.2879314603,9.789871555e-06
voice_transcript vs email,email,0.2897233478,5.635205774e-06
voice_transcript vs email,email,0.2915152352,3.215176731e-06
voice_transcript vs email,email,0.2933071226,1.818370925e-06
voice_transcript vs email,email,0.2950990101,1.019441629e-06
voice_transcript vs email,email,0.2968908975,5.665831371e-07
voice_transcript vs email,email,0.298682785,3.121798798e-07
voice_transcript vs email,email,0.3004746724,1.705313409e-07
voice_transcript vs email,email,0.3022665598,9.235896551e-08
voice_transcript vs email,email,0.3040584473,4.959597955e-08
voice_transcript vs email,email,0.3058503347,2.640723564e-08
voice_transcript vs email,email,0.3076422222,1.394198029e-08
voice_transcript vs email,email,0.3094341096,7.299053608e-09
voice_transcript vs email,email,0.311225997,3.7893458e-09
voice_transcript vs in_app,voice_transcript,0.08641810919,9.285565253e-21
voice_transcript vs in_app,voice_transcript,0.0883072511,6.772543782e-20
voice_transcript vs in_app,voice_transcript,0.09019639302,4.616054001e-19
voice_transcript vs in_app,voice_transcript,0.09208553493,2.94808523e-18
voice_transcript vs in_app,voice_transcript,0.09397467685,1.768731678e-17
voice_transcript vs in_app,voice_transcript,0.09586381876,9.992477684e-17
voice_transcript vs in_app,voice_transcript,0.09775296068,5.327817255e-16
voice_transcript vs in_app,voice_transcript,0.09964210259,2.686641035e-15
voice_transcript vs in_app,voice_transcript,0.1015312445,1.283870973e-14
voice_transcript vs in_app,voice_transcript,0.1034203864,5.825101811e-14
voice_transcript vs in_app,voice_transcript,0.1053095283,2.513797652e-13
voice_transcript vs in_app,voice_transcript,0.1071986703,1.033557063e-12
voice_transcript vs in_app,voice_transcript,0.1090878122,4.055178567e-12
voice_transcript vs in_app,voice_transcript,0.1109769541,1.520599756e-11
voice_transcript vs in_app,voice_transcript,0.112866096,5.457248285e-11
voice_transcript vs in_app,voice_transcript,0.1147552379,1.87706572e-10
voice_transcript vs in_app,voice_transcript,0.1166443798,6.195780386e-10
voice_transcript vs in_app,voice_transcript,0.1185335217,1.964987107e-09
voice_transcript vs in_app,voice_transcript,0.1204226637,5.994890298e-09
voice_transcript vs in_app,voice_transcript,0.1223118056,1.761356318e-08
voice_transcript vs in_app,voice_transcript,0.1242009475,4.989093392e-08
voice_transcript vs in_app,voice_transcript,0.1260900894,1.36378908e-07
voice_transcript vs in_app,voice_transcript,0.1279792313,3.601195412e-07
voice_transcript vs in_app,voice_transcript,0.1298683732,9.194412693e-07
voice_transcript vs in_app,voice_transcript,0.1317575151,2.271774967e-06
voice_transcript vs in_app,voice_transcript,0.1336466571,5.436759175e-06
voice_transcript vs in_app,voice_transcript,0.135535799,1.261252443e-05
voice_transcript vs in_app,voice_transcript,0.1374249409,2.838506113e-05
voice_transcript vs in_app,voice_transcript,0.1393140828,6.201948871e-05
voice_transcript vs in_app,voice_transcript,0.1412032247,0.0001316522732
voice_transcript vs in_app,voice_transcript,0.1430923666,0.0002716996225
voice_transcript vs in_app,voice_transcript,0.1449815085,0.0005455026703
voice_transcript vs in_app,voice_transcript,0.1468706505,0.001066171872
voice_transcript vs in_app,voice_transcript,0.1487597924,0.002029759554
voice_transcript vs in_app,voice_transcript,0.1506489343,0.003766199338
voice_transcript vs in_app,voice_transcript,0.1525380762,0.006814718436
voice_transcript vs in_app,voice_transcript,0.1544272181,0.01203133318
voice_transcript vs in_app,voice_transcript,0.15631636,0.02073611181
voice_transcript vs in_app,voice_transcript,0.1582055019,0.03490653666
voice_transcript vs in_app,voice_transcript,0.1600946439,0.05741986943
voice_transcript vs in_app,voice_transcript,0.1619837858,0.09234133926
voice_transcript vs in_app,voice_transcript,0.1638729277,0.1452459155
voice_transcript vs in_app,voice_transcript,0.1657620696,0.2235495539
voice_transcript vs in_app,voice_transcript,0.1676512115,0.3368119685
voice_transcript vs in_app,voice_transcript,0.1695403534,0.4969588575
voice_transcript vs in_app,voice_transcript,0.1714294954,0.7183596062
voice_transcript vs in_app,voice_transcript,0.1733186373,1.017689918
voice_transcript vs in_app,voice_transcript,0.1752077792,1.413510887
voice_transcript vs in_app,voice_transcript,0.1770969211,1.925509557
voice_transcript vs in_app,voice_transcript,0.178986063,2.573372616
voice_transcript vs in_app,voice_transcript,0.1808752049,3.375304226
voice_transcript vs in_app,voice_transcript,0.1827643468,4.346248292
voice_transcript vs in_app,voice_transcript,0.1846534888,5.495929335
voice_transcript vs in_app,voice_transcript,0.1865426307,6.8268771
voice_transcript vs in_app,voice_transcript,0.1884317726,8.332639312
voice_transcript vs in_app,voice_transcript,0.1903209145,9.996406115
voice_transcript vs in_app,voice_transcript,0.1922100564,11.79026205
voice_transcript vs in_app,voice_transcript,0.1940991983,13.67524361
voice_transcript vs in_app,voice_transcript,0.1959883402,15.60231357
voice_transcript vs in_app,voice_transcript,0.1978774822,17.51427363
voice_transcript vs in_app,voice_transcript,0.1997666241,19.34853468
voice_transcript vs in_app,voice_transcript,0.201655766,21.04056188
voice_transcript vs in_app,voice_transcript,0.2035449079,22.52772566
voice_transcript vs in_app,voice_transcript,0.2054340498,23.75322979
voice_transcript vs in_app,voice_transcript,0.2073231917,24.66976612
voice_transcript vs in_app,voice_transcript,0.2092123336,25.2425636
voice_transcript vs in_app,voice_transcript,0.2111014756,25.45155732
voice_transcript vs in_app,voice_transcript,0.2129906175,25.29249216
voice_transcript vs in_app,voice_transcript,0.2148797594,24.77688465
voice_transcript vs in_app,voice_transcript,0.2167689013,23.93088079
voice_transcript vs in_app,voice_transcript,0.2186580432,22.79315275
voice_transcript vs in_app,voice_transcript,0.2205471851,21.41206135
voice_transcript vs in_app,voice_transcript,0.2224363271,19.84236436
voice_transcript vs in_app,voice_transcript,0.224325469,18.14177067
voice_transcript vs in_app,voice_transcript,0.2262146109,16.36762616
voice_transcript vs in_app,voice_transcript,0.2281037528,14.57397534
voice_transcript vs in_app,voice_transcript,0.2299928947,12.80918055
voice_transcript vs in_app,voice_transcript,0.2318820366,11.11420797
voice_transcript vs in_app,voice_transcript,0.2337711785,9.521616171
voice_transcript vs in_app,voice_transcript,0.2356603205,8.055216783
voice_transcript vs in_app,voice_transcript,0.2375494624,6.730324381
voice_transcript vs in_app,voice_transcript,0.2394386043,5.554476851
voice_transcript vs in_app,voice_transcript,0.2413277462,4.52848969
voice_transcript vs in_app,voice_transcript,0.2432168881,3.647705953
voice_transcript vs in_app,voice_transcript,0.24510603,2.90331517
voice_transcript vs in_app,voice_transcript,0.2469951719,2.283635379
voice_transcript vs in_app,voice_transcript,0.2488843139,1.775278469
voice_transcript vs in_app,voice_transcript,0.2507734558,1.364146295
voice_transcript vs in_app,voice_transcript,0.2526625977,1.036230691
voice_transcript vs in_app,voice_transcript,0.2545517396,0.7782122106
voice_transcript vs in_app,voice_transcript,0.2564408815,0.5778691924
voice_transcript vs in_app,voice_transcript,0.2583300234,0.4243200855
voice_transcript vs in_app,voice_transcript,0.2602191653,0.3081283552
voice_transcript vs in_app,voice_transcript,0.2621083073,0.2213013815
voice_transcript vs in_app,voice_transcript,0.2639974492,0.1572136425
voice_transcript vs in_app,voice_transcript,0.2658865911,0.1104811475
voice_transcript vs in_app,voice_transcript,0.267775733,0.07680953265
voice_transcript vs in_app,voice_transcript,0.2696648749,0.05283323659
voice_transcript vs in_app,voice_transcript,0.2715540168,0.03595833888
voice_transcript vs in_app,voice_transcript,0.2734431588,0.02421734556
voice_transcript vs in_app,voice_transcript,0.2753323007,0.01614065805
voice_transcript vs in_app,voice_transcript,0.2772214426,0.0106467258
voice_transcript vs in_app,voice_transcript,0.2791105845,0.006950923371
voice_transcript vs in_app,voice_transcript,0.2809997264,0.004491910828
voice_transcript vs in_app,voice_transcript,0.2828888683,0.002873503256
voice_transcript vs in_app,voice_transcript,0.2847780102,0.001819755844
voice_transcript vs in_app,voice_transcript,0.2866671522,0.00114094189
voice_transcript vs in_app,voice_transcript,0.2885562941,0.0007082559384
voice_transcript vs in_app,voice_transcript,0.290445436,0.0004353311766
voice_transcript vs in_app,voice_transcript,0.2923345779,0.0002649585638
voice_transcript vs in_app,voice_transcript,0.2942237198,0.0001596944621
voice_transcript vs in_app,voice_transcript,0.2961128617,9.531906974e-05
voice_transcript vs in_app,voice_transcript,0.2980020036,5.63470798e-05
voice_transcript vs in_app,voice_transcript,0.2998911456,3.29904057e-05
voice_transcript vs in_app,voice_transcript,0.3017802875,1.913157805e-05
voice_transcript vs in_app,voice_transcript,0.3036694294,1.098961393e-05
voice_transcript vs in_app,voice_transcript,0.3055585713,6.253217654e-06
voice_transcript vs in_app,voice_transcript,0.3074477132,3.52479977e-06
voice_transcript vs in_app,voice_transcript,0.3093368551,1.968316182e-06
voice_transcript vs in_app,voice_transcript,0.311225997,1.088939822e-06
voice_transcript vs in_app,in_app,0.08641810919,2.92725131e-15
voice_transcript vs in_app,in_app,0.0883072511,1.706110198e-14
voice_transcript vs in_app,in_app,0.09019639302,9.302133188e-14
voice_transcript vs in_app,in_app,0.09208553493,4.757027033e-13
voice_transcript vs in_app,in_app,0.09397467685,2.287415851e-12
voice_transcript vs in_app,in_app,0.09586381876,1.036633368e-11
voice_transcript vs in_app,in_app,0.09775296068,4.43741673e-11
voice_transcript vs in_app,in_app,0.09964210259,1.797875137e-10
voice_transcript vs in_app,in_app,0.1015312445,6.908144882e-10
voice_transcript vs in_app,in_app,0.1034203864,2.52195335e-09
voice_transcript vs in_app,in_app,0.1053095283,8.762815248e-09
voice_transcript vs in_app,in_app,0.1071986703,2.902671293e-08
voice_transcript vs in_app,in_app,0.1090878122,9.180755181e-08
voice_transcript vs in_app,in_app,0.1109769541,2.776698958e-07
voice_transcript vs in_app,in_app,0.112866096,8.041918194e-07
voice_transcript vs in_app,in_app,0.1147552379,2.233319676e-06
voice_transcript vs in_app,in_app,0.1166443798,5.954615916e-06
voice_transcript vs in_app,in_app,0.1185335217,1.526133823e-05
voice_transcript vs in_app,in_app,0.1204226637,3.764148166e-05
voice_transcript vs in_app,in_app,0.1223118056,8.944409356e-05
voice_transcript vs in_app,in_app,0.1242009475,0.0002049750393
voice_transcript vs in_app,in_app,0.1260900894,0.0004534687053
voice_transcript vs in_app,in_app,0.1279792313,0.0009694017436
voice_transcript vs in_app,in_app,0.1298683732,0.002004310842
voice_transcript vs in_app,in_app,0.1317575151,0.004011515378
voice_transcript vs in_app,in_app,0.1336466571,0.007778482413
voice_transcript vs in_app,in_app,0.135535799,0.01462412098
voice_transcript vs in_app,in_app,0.1374249409,0.0266786592
voice_transcript vs in_app,in_app,0.1393140828,0.04726009511
voice_transcript vs in_app,in_app,0.1412032247,0.08135148922
voice_transcript vs in_app,in_app,0.1430923666,0.1361658899
voice_transcript vs in_app,in_app,0.1449815085,0.221759842
voice_transcript vs in_app,in_app,0.1468706505,0.3516235488
voice_transcript vs in_app,in_app,0.1487597924,0.5431398125
voice_transcript vs in_app,in_app,0.1506489343,0.8177717249
voice_transcript vs in_app,in_app,0.1525380762,1.200819992
voice_transcript vs in_app,in_app,0.1544272181,1.720594896
voice_transcript vs in_app,in_app,0.15631636,2.406884008
voice_transcript vs in_app,in_app,0.1582055019,3.288669251
voice_transcript vs in_app,in_app,0.1600946439,4.391153391
voice_transcript vs in_app,in_app,0.1619837858,5.732285337
voice_transcript vs in_app,in_app,0.1638729277,7.319106471
voice_transcript vs in_app,in_app,0.1657620696,9.144351244
voice_transcript vs in_app,in_app,0.1676512115,11.18379799
voice_transcript vs in_app,in_app,0.1695403534,13.39485817
voice_transcript vs in_app,in_app,0.1714294954,15.7168027
voice_transcript vs in_app,in_app,0.1733186373,18.07285544
voice_transcript vs in_app,in_app,0.1752077792,20.3741562
voice_transcript vs in_app,in_app,0.1770969211,22.52534064
voice_transcript vs in_app,in_app,0.178986063,24.43124518
voice_transcript vs in_app,in_app,0.1808752049,26.0040616
voice_transcript vs in_app,in_app,0.1827643468,27.17017251
voice_transcript vs in_app,in_app,0.1846534888,27.87591424
voice_transcript vs in_app,in_app,0.1865426307,28.09163618
voice_transcript vs in_app,in_app,0.1884317726,27.81363658
voice_transcript vs in_app,in_app,0.1903209145,27.0638196
voice_transcript vs in_app,in_app,0.1922100564,25.88719486
voice_transcript vs in_app,in_app,0.1940991983,24.34758607
voice_transcript vs in_app,in_app,0.1959883402,22.5220964
voice_transcript vs in_app,in_app,0.1978774822,20.49497309
voice_transcript vs in_app,in_app,0.1997666241,18.35151735
voice_transcript vs in_app,in_app,0.201655766,16.17260809
voice_transcript vs in_app,in_app,0.2035449079,14.03026927
voice_transcript vs in_app,in_app,0.2054340498,11.98453951
voice_transcript vs in_app,in_app,0.2073231917,10.08172582
voice_transcript vs in_app,in_app,0.2092123336,8.353966351
voice_transcript vs in_app,in_app,0.2111014756,6.81990659
voice_transcript vs in_app,in_app,0.2129906175,5.486218176
voice_transcript vs in_app,in_app,0.2148797594,4.349660418
voice_transcript vs in_app,in_app,0.2167689013,3.399395025
voice_transcript vs in_app,in_app,0.2186580432,2.619304939
voice_transcript vs in_app,in_app,0.2205471851,1.990126199
voice_transcript vs in_app,in_app,0.2224363271,1.49126627
voice_transcript vs in_app,in_app,0.224325469,1.102243816
voice_transcript vs in_app,in_app,0.2262146109,0.8037370101
voice_transcript vs in_app,in_app,0.2281037528,0.5782666058
voice_transcript vs in_app,in_app,0.2299928947,0.4105653636
voice_transcript vs in_app,in_app,0.2318820366,0.2876980894
voice_transcript vs in_app,in_app,0.2337711785,0.1989989698
voice_transcript vs in_app,in_app,0.2356603205,0.1358879353
voice_transcript vs in_app,in_app,0.2375494624,0.09161838222
voice_transcript vs in_app,in_app,0.2394386043,0.06099719225
voice_transcript vs in_app,in_app,0.2413277462,0.04010651415
voice_transcript vs in_app,in_app,0.2432168881,0.02604645973
voice_transcript vs in_app,in_app,0.24510603,0.01670939143
voice_transcript vs in_app,in_app,0.2469951719,0.01059006813
voice_transcript vs in_app,in_app,0.2488843139,0.006631469245
voice_transcript vs in_app,in_app,0.2507734558,0.004103354441
voice_transcript vs in_app,in_app,0.2526625977,0.002509173422
voice_transcript vs in_app,in_app,0.2545517396,0.001516448155
voice_transcript vs in_app,in_app,0.2564408815,0.0009058814365
voice_transcript vs in_app,in_app,0.2583300234,0.0005349368888
voice_transcript vs in_app,in_app,0.2602191653,0.0003122917263
voice_transcript vs in_app,in_app,0.2621083073,0.0001802533694
voice_transcript vs in_app,in_app,0.2639974492,0.0001028746673
voice_transcript vs in_app,in_app,0.2658865911,5.805929254e-05
voice_transcript vs in_app,in_app,0.267775733,3.240472628e-05
voice_transcript vs in_app,in_app,0.2696648749,1.788761239e-05
voice_transcript vs in_app,in_app,0.2715540168,9.766453774e-06
voice_transcript vs in_app,in_app,0.2734431588,5.274655269e-06
voice_transcript vs in_app,in_app,0.2753323007,2.81809189e-06
voice_transcript vs in_app,in_app,0.2772214426,1.489534029e-06
voice_transcript vs in_app,in_app,0.2791105845,7.789496024e-07
voice_transcript vs in_app,in_app,0.2809997264,4.030514822e-07
voice_transcript vs in_app,in_app,0.2828888683,2.063629162e-07
voice_transcript vs in_app,in_app,0.2847780102,1.045561732e-07
voice_transcript vs in_app,in_app,0.2866671522,5.242527388e-08
voice_transcript vs in_app,in_app,0.2885562941,2.601537398e-08
voice_transcript vs in_app,in_app,0.290445436,1.27773956e-08
voice_transcript vs in_app,in_app,0.2923345779,6.211569191e-09
voice_transcript vs in_app,in_app,0.2942237198,2.989028901e-09
voice_transcript vs in_app,in_app,0.2961128617,1.423806817e-09
voice_transcript vs in_app,in_app,0.2980020036,6.714069808e-10
voice_transcript vs in_app,in_app,0.2998911456,3.134407401e-10
voice_transcript vs in_app,in_app,0.3017802875,1.448705628e-10
voice_transcript vs in_app,in_app,0.3036694294,6.629482173e-11
voice_transcript vs in_app,in_app,0.3055585713,3.003812518e-11
voice_transcript vs in_app,in_app,0.3074477132,1.347653245e-11
voice_transcript vs in_app,in_app,0.3093368551,5.98705667e-12
voice_transcript vs in_app,in_app,0.311225997,2.633877571e-12
voice_transcript vs whatsapp,voice_transcript,0.111225997,1.804060795e-11
voice_transcript vs whatsapp,voice_transcript,0.1129383242,5.725609386e-11
voice_transcript vs whatsapp,voice_transcript,0.1146506513,1.754891678e-10
voice_transcript vs whatsapp,voice_transcript,0.1163629785,5.199444694e-10
voice_transcript vs whatsapp,voice_transcript,0.1180753056,1.490538119e-09
voice_transcript vs whatsapp,voice_transcript,0.1197876328,4.138020215e-09
voice_transcript vs whatsapp,voice_transcript,0.1214999599,1.113455677e-08
voice_transcript vs whatsapp,voice_transcript,0.1232122871,2.906269499e-08
voice_transcript vs whatsapp,voice_transcript,0.1249246142,7.364080856e-08
voice_transcript vs whatsapp,voice_transcript,0.1266369414,1.81277577e-07
voice_transcript vs whatsapp,voice_transcript,0.1283492685,4.33832897e-07
voice_transcript vs whatsapp,voice_transcript,0.1300615957,1.010069421e-06
voice_transcript vs whatsapp,voice_transcript,0.1317739228,2.289369949e-06
voice_transcript vs whatsapp,voice_transcript,0.13348625,5.054651116e-06
voice_transcript vs whatsapp,voice_transcript,0.1351985771,1.087778909e-05
voice_transcript vs whatsapp,voice_transcript,0.1369109043,2.283063534e-05
voice_transcript vs whatsapp,voice_transcript,0.1386232314,4.675922821e-05
voice_transcript vs whatsapp,voice_transcript,0.1403355586,9.350257233e-05
voice_transcript vs whatsapp,voice_transcript,0.1420478857,0.0001826471436
voice_transcript vs whatsapp,voice_transcript,0.1437602129,0.0003487010379
voice_transcript vs whatsapp,voice_transcript,0.14547254,0.0006509605333
voice_transcript vs whatsapp,voice_transcript,0.1471848672,0.001188829707
voice_transcript vs whatsapp,voice_transcript,0.1488971943,0.002124924675
voice_transcript vs whatsapp,voice_transcript,0.1506095215,0.00371890264
voice_transcript vs whatsapp,voice_transcript,0.1523218486,0.006375516744
voice_transcript vs whatsapp,voice_transcript,0.1540341758,0.01071077677
voice_transcript vs whatsapp,voice_transcript,0.1557465029,0.01764010832
voice_transcript vs whatsapp,voice_transcript,0.1574588301,0.0284918218
voice_transcript vs whatsapp,voice_transcript,0.1591711572,0.04514778036
voice_transcript vs whatsapp,voice_transcript,0.1608834844,0.07021066449
voice_transcript vs whatsapp,voice_transcript,0.1625958115,0.1071935182
voice_transcript vs whatsapp,voice_transcript,0.1643081387,0.1607223181
voice_transcript vs whatsapp,voice_transcript,0.1660204658,0.2367363354
voice_transcript vs whatsapp,voice_transcript,0.167732793,0.3426645302
voice_transcript vs whatsapp,voice_transcript,0.1694451201,0.4875498957
voice_transcript vs whatsapp,voice_transcript,0.1711574473,0.6820885816
voice_transcript vs whatsapp,voice_transcript,0.1728697744,0.9385479946
voice_transcript vs whatsapp,voice_transcript,0.1745821016,1.270529134
voice_transcript vs whatsapp,voice_transcript,0.1762944287,1.692544248
voice_transcript vs whatsapp,voice_transcript,0.1780067559,2.219392156
voice_transcript vs whatsapp,voice_transcript,0.179719083,2.865330231
voice_transcript vs whatsapp,voice_transcript,0.1814314102,3.643063376
voice_transcript vs whatsapp,voice_transcript,0.1831437373,4.562594493
voice_transcript vs whatsapp,voice_transcript,0.1848560645,5.63000559
voice_transcript vs whatsapp,voice_transcript,0.1865683916,6.846260518
voice_transcript vs whatsapp,voice_transcript,0.1882807188,8.20613616
voice_transcript vs whatsapp,voice_transcript,0.1899930459,9.697395487
voice_transcript vs whatsapp,voice_transcript,0.1917053731,11.3003111
voice_transcript vs whatsapp,voice_transcript,0.1934177002,12.98763038
voice_transcript vs whatsapp,voice_transcript,0.1951300274,14.72504374
voice_transcript vs whatsapp,voice_transcript,0.1968423545,16.47217795
voice_transcript vs whatsapp,voice_transcript,0.1985546817,18.1840905
voice_transcript vs whatsapp,voice_transcript,0.2002670088,19.81319321
voice_transcript vs whatsapp,voice_transcript,0.201979336,21.31148982
voice_transcript vs whatsapp,voice_transcript,0.2036916631,22.63297721
voice_transcript vs whatsapp,voice_transcript,0.2054039903,23.73603853
voice_transcript vs whatsapp,voice_transcript,0.2071163174,24.58565112
voice_transcript vs whatsapp,voice_transcript,0.2088286446,25.15524386
voice_transcript vs whatsapp,voice_transcript,0.2105409717,25.42806633
voice_transcript vs whatsapp,voice_transcript,0.2122532989,25.39797295
voice_transcript vs whatsapp,voice_transcript,0.213965626,25.06957447
voice_transcript vs whatsapp,voice_transcript,0.2156779532,24.4577619
voice_transcript vs whatsapp,voice_transcript,0.2173902803,23.58665781
voice_transcript vs whatsapp,voice_transcript,0.2191026075,22.48809305
voice_transcript vs whatsapp,voice_transcript,0.2208149346,21.19973843
voice_transcript vs whatsapp,voice_transcript,0.2225272618,19.76303875
voice_transcript vs whatsapp,voice_transcript,0.2242395889,18.22110061
voice_transcript vs whatsapp,voice_transcript,0.2259519161,16.61667525
voice_transcript vs whatsapp,voice_transcript,0.2276642432,14.99035708
voice_transcript vs whatsapp,voice_transcript,0.2293765704,13.37908949
voice_transcript vs whatsapp,voice_transcript,0.2310888975,11.81503637
voice_transcript vs whatsapp,voice_transcript,0.2328012247,10.32484374
voice_transcript vs whatsapp,voice_transcript,0.2345135518,8.929284749
voice_transcript vs whatsapp,voice_transcript,0.236225879,7.643254705
voice_transcript vs whatsapp,voice_transcript,0.2379382061,6.476063326
voice_transcript vs whatsapp,voice_transcript,0.2396505333,5.431959111
voice_transcript vs whatsapp,voice_transcript,0.2413628604,4.510815552
voice_transcript vs whatsapp,voice_transcript,0.2430751876,3.708910313
voice_transcript vs whatsapp,voice_transcript,0.2447875147,3.019734863
voice_transcript vs whatsapp,voice_transcript,0.2464998419,2.434782058
voice_transcript vs whatsapp,voice_transcript,0.248212169,1.944271102
voice_transcript vs whatsapp,voice_transcript,0.2499244962,1.537781896
voice_transcript vs whatsapp,voice_transcript,0.2516368233,1.204782704
voice_transcript vs whatsapp,voice_transcript,0.2533491505,0.9350455486
voice_transcript vs whatsapp,voice_transcript,0.2550614776,0.7189522382
voice_transcript vs whatsapp,voice_transcript,0.2567738048,0.5477001939
voice_transcript vs whatsapp,voice_transcript,0.2584861319,0.4134213363
voice_transcript vs whatsapp,voice_transcript,0.2601984591,0.3092294119
voice_transcript vs whatsapp,voice_transcript,0.2619107862,0.2292116254
voice_transcript vs whatsapp,voice_transcript,0.2636231134,0.1683796913
voice_transcript vs whatsapp,voice_transcript,0.2653354405,0.1225938151
voice_transcript vs whatsapp,voice_transcript,0.2670477677,0.08847102393
voice_transcript vs whatsapp,voice_transcript,0.2687600948,0.06328697805
voice_transcript vs whatsapp,voice_transcript,0.270472422,0.04487815296
voice_transcript vs whatsapp,voice_transcript,0.2721847491,0.03154922856
voice_transcript vs whatsapp,voice_transcript,0.2738970763,0.02198876666
voice_transcript vs whatsapp,voice_transcript,0.2756094034,0.01519483292
voice_transcript vs whatsapp,voice_transcript,0.2773217306,0.01041113033
voice_transcript vs whatsapp,voice_transcript,0.2790340577,0.00707343061
voice_transcript vs whatsapp,voice_transcript,0.2807463849,0.004765575471
voice_transcript vs whatsapp,voice_transcript,0.282458712,0.003184020479
voice_transcript vs whatsapp,voice_transcript,0.2841710392,0.002109760929
voice_transcript vs whatsapp,voice_transcript,0.2858833663,0.001386464098
voice_transcript vs whatsapp,voice_transcript,0.2875956935,0.0009036964202
voice_transcript vs whatsapp,voice_transcript,0.2893080206,0.0005842451039
voice_transcript vs whatsapp,voice_transcript,0.2910203478,0.0003746672283
voice_transcript vs whatsapp,voice_transcript,0.2927326749,0.0002383380907
voice_transcript vs whatsapp,voice_transcript,0.2944450021,0.0001504031212
voice_transcript vs whatsapp,voice_transcript,0.2961573292,9.415728438e-05
voice_transcript vs whatsapp,voice_transcript,0.2978696564,5.847931086e-05
voice_transcript vs whatsapp,voice_transcript,0.2995819835,3.603453418e-05
voice_transcript vs whatsapp,voice_transcript,0.3012943107,2.20303078e-05
voice_transcript vs whatsapp,voice_transcript,0.3030066378,1.336359788e-05
voice_transcript vs whatsapp,voice_transcript,0.304718965,8.043464883e-06
voice_transcript vs whatsapp,voice_transcript,0.3064312921,4.803913768e-06
voice_transcript vs whatsapp,voice_transcript,0.3081436193,2.847045449e-06
voice_transcript vs whatsapp,voice_transcript,0.3098559464,1.674384705e-06
voice_transcript vs whatsapp,voice_transcript,0.3115682736,9.772188312e-07
voice_transcript vs whatsapp,voice_transcript,0.3132806007,5.660018053e-07
voice_transcript vs whatsapp,voice_transcript,0.3149929279,3.253467716e-07
voice_transcript vs whatsapp,whatsapp,0.111225997,6.785489446e-13
voice_transcript vs whatsapp,whatsapp,0.1129383242,2.37289741e-12
voice_transcript vs whatsapp,whatsapp,0.1146506513,7.996541771e-12
voice_transcript vs whatsapp,whatsapp,0.1163629785,2.599545568e-11
voice_transcript vs whatsapp,whatsapp,0.1180753056,8.160023424e-11
voice_transcript vs whatsapp,whatsapp,0.1197876328,2.475667332e-10
voice_transcript vs whatsapp,whatsapp,0.1214999599,7.265921289e-10
voice_transcript vs whatsapp,whatsapp,0.1232122871,2.064717586e-09
voice_transcript vs whatsapp,whatsapp,0.1249246142,5.685394123e-09
voice_transcript vs whatsapp,whatsapp,0.1266369414,1.518217624e-08
voice_transcript vs whatsapp,whatsapp,0.1283492685,3.93469057e-08
voice_transcript vs whatsapp,whatsapp,0.1300615957,9.90390681e-08
voice_transcript vs whatsapp,whatsapp,0.1317739228,2.422845025e-07
voice_transcript vs whatsapp,whatsapp,0.13348625,5.764473579e-07
voice_transcript vs whatsapp,whatsapp,0.1351985771,1.334716632e-06
voice_transcript vs whatsapp,whatsapp,0.1369109043,3.009425642e-06
voice_transcript vs whatsapp,whatsapp,0.1386232314,6.611542455e-06
voice_transcript vs whatsapp,whatsapp,0.1403355586,1.416108011e-05
voice_transcript vs whatsapp,whatsapp,0.1420478857,2.95872717e-05
voice_transcript vs whatsapp,whatsapp,0.1437602129,6.033372541e-05
voice_transcript vs whatsapp,whatsapp,0.14547254,0.0001201393803
voice_transcript vs whatsapp,whatsapp,0.1471848672,0.0002337200637
voice_transcript vs whatsapp,whatsapp,0.1488971943,0.0004444262262
voice_transcript vs whatsapp,whatsapp,0.1506095215,0.0008264124782
voice_transcript vs whatsapp,whatsapp,0.1523218486,0.001503422449
voice_transcript vs whatsapp,whatsapp,0.1540341758,0.002676942254
voice_transcript vs whatsapp,whatsapp,0.1557465029,0.004667144642
voice_transcript vs whatsapp,whatsapp,0.1574588301,0.007970621863
voice_transcript vs whatsapp,whatsapp,0.1591711572,0.01333921978
voice_transcript vs whatsapp,whatsapp,0.1608834844,0.02188411302
voice_transcript vs whatsapp,whatsapp,0.1625958115,0.03520833269
voice_transcript vs whatsapp,whatsapp,0.1643081387,0.05556899476
voice_transcript vs whatsapp,whatsapp,0.1660204658,0.08606723967
voice_transcript vs whatsapp,whatsapp,0.167732793,0.1308592555
voice_transcript vs whatsapp,whatsapp,0.1694451201,0.1953757803
voice_transcript vs whatsapp,whatsapp,0.1711574473,0.2865305021
voice_transcript vs whatsapp,whatsapp,0.1728697744,0.4128904496
voice_transcript vs whatsapp,whatsapp,0.1745821016,0.5847747964
voice_transcript vs whatsapp,whatsapp,0.1762944287,0.8142437586
voice_transcript vs whatsapp,whatsapp,0.1780067559,1.114937878
voice_transcript vs whatsapp,whatsapp,0.179719083,1.501731344
voice_transcript vs whatsapp,whatsapp,0.1814314102,1.990172169
voice_transcript vs whatsapp,whatsapp,0.1831437373,2.595697456
voice_transcript vs whatsapp,whatsapp,0.1848560645,3.332633337
voice_transcript vs whatsapp,whatsapp,0.1865683916,4.213014971
voice_transcript vs whatsapp,whatsapp,0.1882807188,5.245289897
voice_transcript vs whatsapp,whatsapp,0.1899930459,6.432994721
voice_transcript vs whatsapp,whatsapp,0.1917053731,7.773516802
voice_transcript vs whatsapp,whatsapp,0.1934177002,9.257065447
voice_transcript vs whatsapp,whatsapp,0.1951300274,10.86597798
voice_transcript vs whatsapp,whatsapp,0.1968423545,12.5744728
voice_transcript vs whatsapp,whatsapp,0.1985546817,14.34893391
voice_transcript vs whatsapp,whatsapp,0.2002670088,16.14877103
voice_transcript vs whatsapp,whatsapp,0.201979336,17.92784944
voice_transcript vs whatsapp,whatsapp,0.2036916631,19.6364299
voice_transcript vs whatsapp,whatsapp,0.2054039903,21.22350674
voice_transcript vs whatsapp,whatsapp,0.2071163174,22.63938808
voice_transcript vs whatsapp,whatsapp,0.2088286446,23.8383318
voice_transcript vs whatsapp,whatsapp,0.2105409717,24.78103818
voice_transcript vs whatsapp,whatsapp,0.2122532989,25.43680706
voice_transcript vs whatsapp,whatsapp,0.213965626,25.78519347
voice_transcript vs whatsapp,whatsapp,0.2156779532,25.81703827
voice_transcript vs whatsapp,whatsapp,0.2173902803,25.53480454
voice_transcript vs whatsapp,whatsapp,0.2191026075,24.95220984
voice_transcript vs whatsapp,whatsapp,0.2208149346,24.09320365
voice_transcript vs whatsapp,whatsapp,0.2225272618,22.99039024
voice_transcript vs whatsapp,whatsapp,0.2242395889,21.68303721
voice_transcript vs whatsapp,whatsapp,0.2259519161,20.21483363
voice_transcript vs whatsapp,whatsapp,0.2276642432,18.63156921
voice_transcript vs whatsapp,whatsapp,0.2293765704,16.97889742
voice_transcript vs whatsapp,whatsapp,0.2310888975,15.30032306
voice_transcript vs whatsapp,whatsapp,0.2328012247,13.63552287
voice_transcript vs whatsapp,whatsapp,0.2345135518,12.01906968
voice_transcript vs whatsapp,whatsapp,0.236225879,10.47959164
voice_transcript vs whatsapp,whatsapp,0.2379382061,9.039361215
voice_transcript vs whatsapp,whatsapp,0.2396505333,7.714278134
voice_transcript vs whatsapp,whatsapp,0.2413628604,6.514186843
voice_transcript vs whatsapp,whatsapp,0.2430751876,5.443454802
voice_transcript vs whatsapp,whatsapp,0.2447875147,4.501731711
voice_transcript vs whatsapp,whatsapp,0.2464998419,3.684811242
voice_transcript vs whatsapp,whatsapp,0.248212169,2.985524342
voice_transcript vs whatsapp,whatsapp,0.2499244962,2.394604782
voice_transcript vs whatsapp,whatsapp,0.2516368233,1.90148157
voice_transcript vs whatsapp,whatsapp,0.2533491505,1.494967382
voice_transcript vs whatsapp,whatsapp,0.2550614776,1.163825912
voice_transcript vs whatsapp,whatsapp,0.2567738048,0.8972129963
voice_transcript vs whatsapp,whatsapp,0.2584861319,0.6849959326
voice_transcript vs whatsapp,whatsapp,0.2601984591,0.5179623397
voice_transcript vs whatsapp,whatsapp,0.2619107862,0.3879342965
voice_transcript vs whatsapp,whatsapp,0.2636231134,0.2878055949
voice_transcript vs whatsapp,whatsapp,0.2653354405,0.2115202001
voice_transcript vs whatsapp,whatsapp,0.2670477677,0.1540088844
voice_transcript vs whatsapp,whatsapp,0.2687600948,0.1110989694
voice_transcript vs whatsapp,whatsapp,0.270472422,0.07940958422
voice_transcript vs whatsapp,whatsapp,0.2721847491,0.05624216899
voice_transcript vs whatsapp,whatsapp,0.2738970763,0.03947338563
voice_transcript vs whatsapp,whatsapp,0.2756094034,0.02745529643
voice_transcript vs whatsapp,whatsapp,0.2773217306,0.01892574376
voice_transcript vs whatsapp,whatsapp,0.2790340577,0.01293033612
voice_transcript vs whatsapp,whatsapp,0.2807463849,0.008756308848
voice_transcript vs whatsapp,whatsapp,0.282458712,0.005877741454
voice_transcript vs whatsapp,whatsapp,0.2841710392,0.003911120466
voice_transcript vs whatsapp,whatsapp,0.2858833663,0.002579976729
voice_transcript vs whatsapp,whatsapp,0.2875956935,0.001687237703
voice_transcript vs whatsapp,whatsapp,0.2893080206,0.001093966666
voice_transcript vs whatsapp,whatsapp,0.2910203478,0.0007032668433
voice_transcript vs whatsapp,whatsapp,0.2927326749,0.0004482752884
voice_transcript vs whatsapp,whatsapp,0.2944450021,0.0002833334831
voice_transcript vs whatsapp,whatsapp,0.2961573292,0.0001775819322
voice_transcript vs whatsapp,whatsapp,0.2978696564,0.000110373866
voice_transcript vs whatsapp,whatsapp,0.2995819835,6.803285016e-05
voice_transcript vs whatsapp,whatsapp,0.3012943107,4.15885577e-05
voice_transcript vs whatsapp,whatsapp,0.3030066378,2.521443319e-05
voice_transcript vs whatsapp,whatsapp,0.304718965,1.516217925e-05
voice_transcript vs whatsapp,whatsapp,0.3064312921,9.043312988e-06
voice_transcript vs whatsapp,whatsapp,0.3081436193,5.350113805e-06
voice_transcript vs whatsapp,whatsapp,0.3098559464,3.139666837e-06
voice_transcript vs whatsapp,whatsapp,0.3115682736,1.827697554e-06
voice_transcript vs whatsapp,whatsapp,0.3132806007,1.055455733e-06
voice_transcript vs whatsapp,whatsapp,0.3149929279,6.04651222e-07
whatsapp vs chat,whatsapp,0.09726027397,5.400564772e-18
whatsapp vs chat,whatsapp,0.09908996014,2.976640638e-17
whatsapp vs chat,whatsapp,0.1009196463,1.554205319e-16
whatsapp vs chat,whatsapp,0.1027493325,7.701761607e-16
whatsapp vs chat,whatsapp,0.1045790186,3.628553436e-15
whatsapp vs chat,whatsapp,0.1064087048,1.628024459e-14
whatsapp vs chat,whatsapp,0.108238391,6.967184067e-14
whatsapp vs chat,whatsapp,0.1100680771,2.848216006e-13
whatsapp vs chat,whatsapp,0.1118977633,1.113847578e-12
whatsapp vs chat,whatsapp,0.1137274495,4.172568134e-12
whatsapp vs chat,whatsapp,0.1155571356,1.499219427e-11
whatsapp vs chat,whatsapp,0.1173868218,5.173014955e-11
whatsapp vs chat,whatsapp,0.119216508,1.716116515e-10
whatsapp vs chat,whatsapp,0.1210461941,5.479723226e-10
whatsapp vs chat,whatsapp,0.1228758803,1.685937939e-09
whatsapp vs chat,whatsapp,0.1247055665,5.003077427e-09
whatsapp vs chat,whatsapp,0.1265352526,1.433400668e-08
whatsapp vs chat,whatsapp,0.1283649388,3.968591355e-08
whatsapp vs chat,whatsapp,0.130194625,1.062746956e-07
whatsapp vs chat,whatsapp,0.1320243111,2.754977047e-07
whatsapp vs chat,whatsapp,0.1338539973,6.919188429e-07
whatsapp vs chat,whatsapp,0.1356836835,1.684927316e-06
whatsapp vs chat,whatsapp,0.1375133697,3.981272841e-06
whatsapp vs chat,whatsapp,0.1393430558,9.134615077e-06
whatsapp vs chat,whatsapp,0.141172742,2.036509468e-05
whatsapp vs chat,whatsapp,0.1430024282,4.414677764e-05
whatsapp vs chat,whatsapp,0.1448321143,9.311192121e-05
whatsapp vs chat,whatsapp,0.1466618005,0.0001911929737
whatsapp vs chat,whatsapp,0.1484914867,0.0003824330921
whatsapp vs chat,whatsapp,0.1503211728,0.0007455946841
whatsapp vs chat,whatsapp,0.152150859,0.001417593396
whatsapp vs chat,whatsapp,0.1539805452,0.002629850798
whatsapp vs chat,whatsapp,0.1558102313,0.004762793808
whatsapp vs chat,whatsapp,0.1576399175,0.008424738951
whatsapp vs chat,whatsapp,0.1594696037,0.01456197629
whatsapp vs chat,whatsapp,0.1612992898,0.02460658533
whatsapp vs chat,whatsapp,0.163128976,0.04066685759
whatsapp vs chat,whatsapp,0.1649586622,0.06576163299
whatsapp vs chat,whatsapp,0.1667883483,0.1040939396
whatsapp vs chat,whatsapp,0.1686180345,0.1613508751
whatsapp vs chat,whatsapp,0.1704477207,0.2450059312
whatsapp vs chat,whatsapp,0.1722774068,0.3645877781
whatsapp vs chat,whatsapp,0.174107093,0.5318674291
whatsapp vs chat,whatsapp,0.1759367792,0.7609058752
whatsapp vs chat,whatsapp,0.1777664653,1.067899383
whatsapp vs chat,whatsapp,0.1795961515,1.470762415
whatsapp vs chat,whatsapp,0.1814258377,1.988400902
whatsapp vs chat,whatsapp,0.1832555238,2.639652568
whatsapp vs chat,whatsapp,0.18508521,3.441905855
whatsapp vs chat,whatsapp,0.1869148962,4.409452268
whatsapp vs chat,whatsapp,0.1887445823,5.55167409
whatsapp vs chat,whatsapp,0.1905742685,6.871214122
whatsapp vs chat,whatsapp,0.1924039547,8.362308988
whatsapp vs chat,whatsapp,0.1942336408,10.00948542
whatsapp vs chat,whatsapp,0.196063327,11.78681396
whatsapp vs chat,whatsapp,0.1978930132,13.65788368
whatsapp vs chat,whatsapp,0.1997226993,15.57660535
whatsapp vs chat,whatsapp,0.2015523855,17.4888736
whatsapp vs chat,whatsapp,0.2033820717,19.3350293
whatsapp vs chat,whatsapp,0.2052117578,21.05297288
whatsapp vs chat,whatsapp,0.207041444,22.58169937
whatsapp vs chat,whatsapp,0.2088711302,23.86496784
whatsapp vs chat,whatsapp,0.2107008163,24.85479116
whatsapp vs chat,whatsapp,0.2125305025,25.51443951
whatsapp vs chat,whatsapp,0.2143601887,25.8206944
whatsapp vs chat,whatsapp,0.2161898748,25.76516201
whatsapp vs chat,whatsapp,0.218019561,25.35454787
whatsapp vs chat,whatsapp,0.2198492472,24.60989603
whatsapp vs chat,whatsapp,0.2216789333,23.56489326
whatsapp vs chat,whatsapp,0.2235086195,22.26342077
whatsapp vs chat,whatsapp,0.2253383057,20.7565934
whatsapp vs chat,whatsapp,0.2271679918,19.09955511
whatsapp vs chat,whatsapp,0.228997678,17.34829787
whatsapp vs chat,whatsapp,0.2308273642,15.55674307
whatsapp vs chat,whatsapp,0.2326570503,13.77427534
whatsapp vs chat,whatsapp,0.2344867365,12.0438569
whatsapp vs chat,whatsapp,0.2363164227,10.40078382
whatsapp vs chat,whatsapp,0.2381461088,8.872083154
whatsapp vs chat,whatsapp,0.239975795,7.476496128
whatsapp vs chat,whatsapp,0.2418054812,6.224953219
whatsapp vs chat,whatsapp,0.2436351673,5.121423022
whatsapp vs chat,whatsapp,0.2454648535,4.164007904
whatsapp vs chat,whatsapp,0.2472945397,3.346164056
whatsapp vs chat,whatsapp,0.2491242258,2.657938211
whatsapp vs chat,whatsapp,0.250953912,2.087134506
whatsapp vs chat,whatsapp,0.2527835982,1.620349271
whatsapp vs chat,whatsapp,0.2546132843,1.243835782
whatsapp vs chat,whatsapp,0.2564429705,0.9441828082
whatsapp vs chat,whatsapp,0.2582726567,0.7088087694
whatsapp vs chat,whatsapp,0.2601023428,0.5262865417
whatsapp vs chat,whatsapp,0.261932029,0.3865225371
whatsapp vs chat,whatsapp,0.2637617152,0.2808179832
whatsapp vs chat,whatsapp,0.2655914014,0.2018411498
whatsapp vs chat,whatsapp,0.2674210875,0.1435375074
whatsapp vs chat,whatsapp,0.2692507737,0.101001361
whatsapp vs chat,whatsapp,0.2710804599,0.07032820093
whatsapp vs chat,whatsapp,0.272910146,0.04846248326
whatsapp vs chat,whatsapp,0.2747398322,0.03305127614
whatsapp vs chat,whatsapp,0.2765695184,0.02231047895
whatsapp vs chat,whatsapp,0.2783992045,0.01490728275
whatsapp vs chat,whatsapp,0.2802288907,0.009860229947
whatsapp vs chat,whatsapp,0.2820585769,0.006456598503
whatsapp vs chat,whatsapp,0.283888263,0.004185787224
whatsapp vs chat,whatsapp,0.2857179492,0.002686796825
whatsapp vs chat,whatsapp,0.2875476354,0.001707669232
whatsapp vs chat,whatsapp,0.2893773215,0.001074756644
whatsapp vs chat,whatsapp,0.2912070077,0.0006698529553
whatsapp vs chat,whatsapp,0.2930366939,0.0004134629237
whatsapp vs chat,whatsapp,0.29486638,0.0002527583651
whatsapp vs chat,whatsapp,0.2966960662,0.0001530417164
whatsapp vs chat,whatsapp,0.2985257524,9.178511164e-05
whatsapp vs chat,whatsapp,0.3003554385,5.452741825e-05
whatsapp vs chat,whatsapp,0.3021851247,3.208924104e-05
whatsapp vs chat,whatsapp,0.3040148109,1.870797115e-05
whatsapp vs chat,whatsapp,0.305844497,1.080530407e-05
whatsapp vs chat,whatsapp,0.3076741832,6.183154234e-06
whatsapp vs chat,whatsapp,0.3095038694,3.505622168e-06
whatsapp vs chat,whatsapp,0.3113335555,1.969339811e-06
whatsapp vs chat,whatsapp,0.3131632417,1.09621256e-06
whatsapp vs chat,whatsapp,0.3149929279,6.04651222e-07
whatsapp vs chat,chat,0.09726027397,1.227294048e-13
whatsapp vs chat,chat,0.09908996014,5.47227074e-13
whatsapp vs chat,chat,0.1009196463,2.317450903e-12
whatsapp vs chat,chat,0.1027493325,9.337694502e-12
whatsapp vs chat,chat,0.1045790186,3.58572068e-11
whatsapp vs chat,chat,0.1064087048,1.3143307e-10
whatsapp vs chat,chat,0.108238391,4.605457257e-10
whatsapp vs chat,chat,0.1100680771,1.544885907e-09
whatsapp vs chat,chat,0.1118977633,4.967759556e-09
whatsapp vs chat,chat,0.1137274495,1.533279987e-08
whatsapp vs chat,chat,0.1155571356,4.547874572e-08
whatsapp vs chat,chat,0.1173868218,1.297853825e-07
whatsapp vs chat,chat,0.119216508,3.567417375e-07
whatsapp vs chat,chat,0.1210461941,9.454776318e-07
whatsapp vs chat,chat,0.1228758803,2.418551158e-06
whatsapp vs chat,chat,0.1247055665,5.977008042e-06
whatsapp vs chat,chat,0.1265352526,1.428355505e-05
whatsapp vs chat,chat,0.1283649388,3.303654597e-05
whatsapp vs chat,chat,0.130194625,7.401577633e-05
whatsapp vs chat,chat,0.1320243111,0.00016075899
whatsapp vs chat,chat,0.1338539973,0.0003387527533
whatsapp vs chat,chat,0.1356836835,0.0006930561164
whatsapp vs chat,chat,0.1375133697,0.001377654256
whatsapp vs chat,chat,0.1393430558,0.002662527914
whatsapp vs chat,chat,0.141172742,0.005006269429
whatsapp vs chat,chat,0.1430024282,0.009163749698
whatsapp vs chat,chat,0.1448321143,0.01633929728
whatsapp vs chat,chat,0.1466618005,0.02839532221
whatsapp vs chat,chat,0.1484914867,0.04812336828
whatsapp vs chat,chat,0.1503211728,0.07957825566
whatsapp vs chat,chat,0.152150859,0.1284655561
whatsapp vs chat,chat,0.1539805452,0.202557957
whatsapp vs chat,chat,0.1558102313,0.3120978557
whatsapp vs chat,chat,0.1576399175,0.4701237187
whatsapp vs chat,chat,0.1594696037,0.6926395731
whatsapp vs chat,chat,0.1612992898,0.9985348134
whatsapp vs chat,chat,0.163128976,1.40916019
whatsapp vs chat,chat,0.1649586622,1.947479911
whatsapp vs chat,chat,0.1667883483,2.636752221
whatsapp vs chat,chat,0.1686180345,3.498741827
whatsapp vs chat,chat,0.1704477207,4.551533812
whatsapp vs chat,chat,0.1722774068,5.807092809
whatsapp vs chat,chat,0.174107093,7.268782516
whatsapp vs chat,chat,0.1759367792,8.929116338
whatsapp vs chat,chat,0.1777664653,10.76803743
whatsapp vs chat,chat,0.1795961515,12.75201578
whatsapp vs chat,chat,0.1814258377,14.83419651
whatsapp vs chat,chat,0.1832555238,16.95573914
whatsapp vs chat,chat,0.18508521,19.04836157
whatsapp vs chat,chat,0.1869148962,21.03796109
whatsapp vs chat,chat,0.1887445823,22.84904684
whatsapp vs chat,chat,0.1905742685,24.4096054
whatsapp vs chat,chat,0.1924039547,25.65595099
whatsapp vs chat,chat,0.1942336408,26.53709579
whatsapp vs chat,chat,0.196063327,27.01821799
whatsapp vs chat,chat,0.1978930132,27.08290009
whatsapp vs chat,chat,0.1997226993,26.73394347
whatsapp vs chat,chat,0.2015523855,25.99271981
whatsapp vs chat,chat,0.2033820717,24.89717271
whatsapp vs chat,chat,0.2052117578,23.4987153
whatsapp vs chat,chat,0.207041444,21.85836435
whatsapp vs chat,chat,0.2088711302,20.042501
whatsapp vs chat,chat,0.2107008163,18.11864868
whatsapp vs chat,chat,0.2125305025,16.15161683
whatsapp vs chat,chat,0.2143601887,14.20028316
whatsapp vs chat,chat,0.2161898748,12.31519223
whatsapp vs chat,chat,0.218019561,10.53704721
whatsapp vs chat,chat,0.2198492472,8.896077849
whatsapp vs chat,chat,0.2216789333,7.412191207
whatsapp vs chat,chat,0.2235086195,6.095757311
whatsapp vs chat,chat,0.2253383057,4.948853229
whatsapp vs chat,chat,0.2271679918,3.966782921
whatsapp vs chat,chat,0.228997678,3.139703779
whatsapp vs chat,chat,0.2308273642,2.454217757
whatsapp vs chat,chat,0.2326570503,1.894819779
whatsapp vs chat,chat,0.2344867365,1.445132975
whatsapp vs chat,chat,0.2363164227,1.088894995
whatsapp vs chat,chat,0.2381461088,0.8106889349
whatsapp vs chat,chat,0.239975795,0.5964347041
whatsapp vs chat,chat,0.2418054812,0.4336716046
whatsapp vs chat,chat,0.2436351673,0.3116708432
whatsapp vs chat,chat,0.2454648535,0.2214189953
whatsapp vs chat,chat,0.2472945397,0.1555114046
whatsapp vs chat,chat,0.2491242258,0.1079896731
whatsapp vs chat,chat,0.250953912,0.07415109897
whatsapp vs chat,chat,0.2527835982,0.05035121586
whatsapp vs chat,chat,0.2546132843,0.03381425666
whatsapp vs chat,chat,0.2564429705,0.02246087454
whatsapp vs chat,chat,0.2582726567,0.0147580433
whatsapp vs chat,chat,0.2601023428,0.009592759076
whatsapp vs chat,chat,0.261932029,0.006168893441
whatsapp vs chat,chat,0.2637617152,0.003925141647
whatsapp vs chat,chat,0.2655914014,0.002471281066
whatsapp vs chat,chat,0.2674210875,0.001539717953
whatsapp vs chat,chat,0.2692507737,0.0009493907724
whatsapp vs chat,chat,0.2710804599,0.0005793824492
whatsapp vs chat,chat,0.272910146,0.0003499717551
whatsapp vs chat,chat,0.2747398322,0.0002092560303
whatsapp vs chat,chat,0.2765695184,0.0001238595426
whatsapp vs chat,chat,0.2783992045,7.257981215e-05
whatsapp vs chat,chat,0.2802288907,4.210800648e-05
whatsapp vs chat,chat,0.2820585769,2.418815967e-05
whatsapp vs chat,chat,0.283888263,1.37580335e-05
whatsapp vs chat,chat,0.2857179492,7.749088928e-06
whatsapp vs chat,chat,0.2875476354,4.322254326e-06
whatsapp vs chat,chat,0.2893773215,2.387587673e-06
whatsapp vs chat,chat,0.2912070077,1.306233872e-06
whatsapp vs chat,chat,0.2930366939,7.07811731e-07
whatsapp vs chat,chat,0.29486638,3.799021211e-07
whatsapp vs chat,chat,0.2966960662,2.019780314e-07
whatsapp vs chat,chat,0.2985257524,1.063740482e-07
whatsapp vs chat,chat,0.3003554385,5.549916431e-08
whatsapp vs chat,chat,0.3021851247,2.868638831e-08
whatsapp vs chat,chat,0.3040148109,1.469003583e-08
whatsapp vs chat,chat,0.305844497,7.453250084e-09
whatsapp vs chat,chat,0.3076741832,3.746813937e-09
whatsapp vs chat,chat,0.3095038694,1.866333877e-09
whatsapp vs chat,chat,0.3113335555,9.211788755e-10
whatsapp vs chat,chat,0.3131632417,4.505490999e-10
whatsapp vs chat,chat,0.3149929279,2.183732264e-10
whatsapp vs email,whatsapp,0.09799139168,1.0752774e-17
whatsapp vs email,whatsapp,0.099814934,5.766308842e-17
whatsapp vs email,whatsapp,0.1016384763,2.932579184e-16
whatsapp vs email,whatsapp,0.1034620186,1.416954179e-15
whatsapp vs email,whatsapp,0.105285561,6.515604447e-15
whatsapp vs email,whatsapp,0.1071091033,2.855925078e-14
whatsapp vs email,whatsapp,0.1089326456,1.195079368e-13
whatsapp vs email,whatsapp,0.1107561879,4.781188191e-13
whatsapp vs email,whatsapp,0.1125797302,1.831319974e-12
whatsapp vs email,whatsapp,0.1144032726,6.724390522e-12
whatsapp vs email,whatsapp,0.1162268149,2.369985043e-11
whatsapp vs email,whatsapp,0.1180503572,8.02713067e-11
whatsapp vs email,whatsapp,0.1198738995,2.615719261e-10
whatsapp vs email,whatsapp,0.1216974419,8.209362306e-10
whatsapp vs email,whatsapp,0.1235209842,2.484078877e-09
whatsapp vs email,whatsapp,0.1253445265,7.25419407e-09
whatsapp vs email,whatsapp,0.1271680688,2.046407387e-08
whatsapp vs email,whatsapp,0.1289916111,5.581715308e-08
whatsapp vs email,whatsapp,0.1308151535,1.473305026e-07
whatsapp vs email,whatsapp,0.1326386958,3.766413015e-07
whatsapp vs email,whatsapp,0.1344622381,9.332959568e-07
whatsapp vs email,whatsapp,0.1362857804,2.243358588e-06
whatsapp vs email,whatsapp,0.1381093227,5.234607827e-06
whatsapp vs email,whatsapp,0.1399328651,1.186536968e-05
whatsapp vs email,whatsapp,0.1417564074,2.614469195e-05
whatsapp vs email,whatsapp,0.1435799497,5.603674741e-05
whatsapp vs email,whatsapp,0.145403492,0.0001169016294
whatsapp vs email,whatsapp,0.1472270343,0.0002375129231
whatsapp vs email,whatsapp,0.1490505767,0.0004702446968
whatsapp vs email,whatsapp,0.150874119,0.0009077622956
whatsapp vs email,whatsapp,0.1526976613,0.001709482373
whatsapp vs email,whatsapp,0.1545212036,0.003142140213
whatsapp vs email,whatsapp,0.1563447459,0.005639895344
whatsapp vs email,whatsapp,0.1581682883,0.009890300018
whatsapp vs email,whatsapp,0.1599918306,0.01695281585
whatsapp vs email,whatsapp,0.1618153729,0.02841594928
whatsapp vs email,whatsapp,0.1636389152,0.04659697333
whatsapp vs email,whatsapp,0.1654624576,0.07478410646
whatsapp vs email,whatsapp,0.1672859999,0.1175145586
whatsapp vs email,whatsapp,0.1691095422,0.1808729519
whatsapp vs email,whatsapp,0.1709330845,0.2727836674
whatsapp vs email,whatsapp,0.1727566268,0.4032586501
whatsapp vs email,whatsapp,0.1745801692,0.5845507876
whatsapp vs email,whatsapp,0.1764037115,0.8311544315
whatsapp vs email,whatsapp,0.1782272538,1.159591576
whatsapp vs email,whatsapp,0.1800507961,1.587927272
whatsapp vs email,whatsapp,0.1818743384,2.134973022
whatsapp vs email,whatsapp,0.1836978808,2.819163077
whatsapp vs email,whatsapp,0.1855214231,3.657124829
whatsapp vs email,whatsapp,0.1873449654,4.662008066
whatsapp vs email,whatsapp,0.1891685077,5.841683784
whatsapp vs email,whatsapp,0.19099205,7.196965159
whatsapp vs email,whatsapp,0.1928155924,8.720033912
whatsapp vs email,whatsapp,0.1946391347,10.39326789
whatsapp vs email,whatsapp,0.196462677,12.18865522
whatsapp vs email,whatsapp,0.1982862193,14.06794444
whatsapp vs email,whatsapp,0.2001097616,15.98362043
whatsapp vs email,whatsapp,0.201933304,17.88071736
whatsapp vs email,whatsapp,0.2037568463,19.69939201
whatsapp vs email,whatsapp,0.2055803886,21.37809347
whatsapp vs email,whatsapp,0.2074039309,22.85709144
whatsapp vs email,whatsapp,0.2092274733,24.08207431
whatsapp vs email,whatsapp,0.2110510156,25.00750881
whatsapp vs email,whatsapp,0.2128745579,25.59946758
whatsapp vs email,whatsapp,0.2146981002,25.83767927
whatsapp vs email,whatsapp,0.2165216425,25.71663072
whatsapp vs email,whatsapp,0.2183451849,25.24564403
whatsapp vs email,whatsapp,0.2201687272,24.44795
whatsapp vs email,whatsapp,0.2219922695,23.35887221
whatsapp vs email,whatsapp,0.2238158118,22.023312
whatsapp vs email,whatsapp,0.2256393541,20.49277605
whatsapp vs email,whatsapp,0.2274628965,18.82221079
whatsapp vs email,whatsapp,0.2292864388,17.06690168
whatsapp vs email,whatsapp,0.2311099811,15.27966434
whatsapp vs email,whatsapp,0.2329335234,13.50850359
whatsapp vs email,whatsapp,0.2347570657,11.79485533
whatsapp vs email,whatsapp,0.2365806081,10.17246149
whatsapp vs email,whatsapp,0.2384041504,8.666867836
whatsapp vs email,whatsapp,0.2402276927,7.295484757
whatsapp vs email,whatsapp,0.242051235,6.068114549
whatsapp vs email,whatsapp,0.2438747773,4.98782759
whatsapp vs email,whatsapp,0.2456983197,4.052063373
whatsapp vs email,whatsapp,0.247521862,3.253838227
whatsapp vs email,whatsapp,0.2493454043,2.582956933
whatsapp vs email,whatsapp,0.2511689466,2.027146724
whatsapp vs email,whatsapp,0.252992489,1.573055918
whatsapp vs email,whatsapp,0.2548160313,1.207082883
whatsapp vs email,whatsapp,0.2566395736,0.9160218884
whatsapp vs email,whatsapp,0.2584631159,0.687529321
whatsapp vs email,whatsapp,0.2602866582,0.5104261695
whatsapp vs email,whatsapp,0.2621102006,0.374860486
whatsapp vs email,whatsapp,0.2639337429,0.2723573489
whatsapp vs email,whatsapp,0.2657572852,0.1957843319
whatsapp vs email,whatsapp,0.2675808275,0.1392585633
whatsapp vs email,whatsapp,0.2694043698,0.09801799988
whatsapp vs email,whatsapp,0.2712279122,0.06827529872
whatsapp vs email,whatsapp,0.2730514545,0.04706827025
whatsapp vs email,whatsapp,0.2748749968,0.03211677049
whatsapp vs email,whatsapp,0.2766985391,0.02169230973
whatsapp vs email,whatsapp,0.2785220814,0.01450375643
whatsapp vs email,whatsapp,0.2803456238,0.009600318434
whatsapp vs email,whatsapp,0.2821691661,0.006291440589
whatsapp vs email,whatsapp,0.2839927084,0.004082272523
whatsapp vs email,whatsapp,0.2858162507,0.002622821174
whatsapp vs email,whatsapp,0.2876397931,0.001668694323
whatsapp vs email,whatsapp,0.2894633354,0.001051361874
whatsapp vs email,whatsapp,0.2912868777,0.0006560247058
whatsapp vs email,whatsapp,0.29311042,0.0004054200487
whatsapp vs email,whatsapp,0.2949339623,0.0002481596405
whatsapp vs email,whatsapp,0.2967575047,0.0001504600408
whatsapp vs email,whatsapp,0.298581047,9.036449809e-05
whatsapp vs email,whatsapp,0.3004045893,5.376294675e-05
whatsapp vs email,whatsapp,0.3022281316,3.168824199e-05
whatsapp vs email,whatsapp,0.3040516739,1.850392165e-05
whatsapp vs email,whatsapp,0.3058752163,1.07053303e-05
whatsapp vs email,whatsapp,0.3076987586,6.13658197e-06
whatsapp vs email,whatsapp,0.3095223009,3.485476337e-06
whatsapp vs email,whatsapp,0.3113458432,1.961666892e-06
whatsapp vs email,whatsapp,0.3131693855,1.094041403e-06
whatsapp vs email,whatsapp,0.3149929279,6.04651222e-07
whatsapp vs email,email,0.09799139168,6.250262669e-13
whatsapp vs email,email,0.099814934,2.568347356e-12
whatsapp vs email,email,0.1016384763,1.005555992e-11
whatsapp vs email,email,0.1034620186,3.757191155e-11
whatsapp vs email,email,0.105285561,1.34182247e-10
whatsapp vs email,email,0.1071091033,4.587087278e-10
whatsapp vs email,email,0.1089326456,1.50311477e-09
whatsapp vs email,email,0.1107561879,4.727518449e-09
whatsapp vs email,email,0.1125797302,1.428909547e-08
whatsapp vs email,email,0.1144032726,4.155513041e-08
whatsapp vs email,email,0.1162268149,1.164088923e-07
whatsapp vs email,email,0.1180503572,3.144554962e-07
whatsapp vs email,email,0.1198738995,8.199584508e-07
whatsapp vs email,email,0.1216974419,2.065911461e-06
whatsapp vs email,email,0.1235209842,5.034160383e-06
whatsapp vs email,email,0.1253445265,1.187484601e-05
whatsapp vs email,email,0.1271680688,2.713860458e-05
whatsapp vs email,email,0.1289916111,6.013986823e-05
whatsapp vs email,email,0.1308151535,0.0001293285669
whatsapp vs email,email,0.1326386958,0.0002700913615
whatsapp vs email,email,0.1344622381,0.0005481819673
whatsapp vs email,email,0.1362857804,0.001082025065
whatsapp vs email,email,0.1381093227,0.002078437287
whatsapp vs email,email,0.1399328651,0.003887769404
whatsapp vs email,email,0.1417564074,0.007085883625
whatsapp vs email,email,0.1435799497,0.01259137183
whatsapp vs email,email,0.145403492,0.02182645912
whatsapp vs email,email,0.1472270343,0.03692844538
whatsapp vs email,email,0.1490505767,0.06101458073
whatsapp vs email,email,0.150874119,0.09849631301
whatsapp vs email,email,0.1526976613,0.1554285625
whatsapp vs email,email,0.1545212036,0.2398663186
whatsapp vs email,email,0.1563447459,0.3621854603
whatsapp vs email,email,0.1581682883,0.5353092745
whatsapp vs email,email,0.1599918306,0.7747695761
whatsapp vs email,email,0.1618153729,1.098525181
whatsapp vs email,email,0.1636389152,1.526464369
whatsapp vs email,email,0.1654624576,2.079534919
whatsapp vs email,email,0.1672859999,2.77847676
whatsapp vs email,email,0.1691095422,3.642177429
whatsapp vs email,email,0.1709330845,4.685725772
whatsapp vs email,email,0.1727566268,5.918298159
whatsapp vs email,email,0.1745801692,7.341065272
whatsapp vs email,email,0.1764037115,8.94534659
whatsapp vs email,email,0.1782272538,10.71125486
whatsapp vs email,email,0.1800507961,12.60705763
whatsapp vs email,email,0.1818743384,14.58943454
whatsapp vs email,email,0.1836978808,16.60473045
whatsapp vs email,email,0.1855214231,18.59120284
whatsapp vs email,email,0.1873449654,20.48215033
whatsapp vs email,email,0.1891685077,22.20970177
whatsapp vs email,email,0.19099205,23.70895834
whatsapp vs email,email,0.1928155924,24.92212655
whatsapp vs email,email,0.1946391347,25.8022678
whatsapp vs email,email,0.196462677,26.3163215
whatsapp vs email,email,0.1982862193,26.44713109
whatsapp vs email,email,0.2001097616,26.19430497
whatsapp vs email,email,0.201933304,25.57386415
whatsapp vs email,email,0.2037568463,24.61674951
whatsapp vs email,email,0.2055803886,23.36636851
whatsapp vs email,email,0.2074039309,21.87544195
whatsapp vs email,email,0.2092274733,20.20245827
whatsapp vs email,email,0.2110510156,18.40805267
whatsapp vs email,email,0.2128745579,16.55160403
whatsapp vs email,email,0.2146981002,14.68829052
whatsapp vs email,email,0.2165216425,12.86677432
whatsapp vs email,email,0.2183451849,11.12760754
whatsapp vs email,email,0.2201687272,9.502375193
whatsapp vs email,email,0.2219922695,8.013524777
whatsapp vs email,email,0.2238158118,6.674781775
whatsapp vs email,email,0.2256393541,5.492018563
whatsapp vs email,email,0.2274628965,4.464430742
whatsapp vs email,email,0.2292864388,3.585877951
whatsapp vs email,email,0.2311099811,2.846261895
whatsapp vs email,email,0.2329335234,2.232838391
whatsapp vs email,email,0.2347570657,1.73138837
whatsapp vs email,email,0.2365806081,1.327201222
whatsapp vs email,email,0.2384041504,1.005849638
whatsapp vs email,email,0.2402276927,0.7537563671
whatsapp vs email,email,0.242051235,0.5585691023
whatsapp vs email,email,0.2438747773,0.4093699052
whatsapp vs email,email,0.2456983197,0.2967508018
whatsapp vs email,email,0.247521862,0.2127882276
whatsapp vs email,email,0.2493454043,0.1509470335
whatsapp vs email,email,0.2511689466,0.1059408196
whatsapp vs email,email,0.252992489,0.07357041874
whatsapp vs email,email,0.2548160313,0.05055715443
whatsapp vs email,email,0.2566395736,0.03438260913
whatsapp vs email,email,0.2584631159,0.02314238828
whatsapp vs email,email,0.2602866582,0.01541792801
whatsapp vs email,email,0.2621102006,0.01016779432
whatsapp vs email,email,0.2639337429,0.006638101412
whatsapp vs email,email,0.2657572852,0.004290520653
whatsapp vs email,email,0.2675808275,0.002745723574
whatsapp vs email,email,0.2694043698,0.001739863573
whatsapp vs email,email,0.2712279122,0.001091729836
whatsapp vs email,email,0.2730514545,0.0006784002303
whatsapp vs email,email,0.2748749968,0.0004174995844
whatsapp vs email,email,0.2766985391,0.0002544796267
whatsapp vs email,email,0.2785220814,0.0001536398249
whatsapp vs email,email,0.2803456238,9.188287298e-05
whatsapp vs email,email,0.2821691661,5.443406299e-05
whatsapp vs email,email,0.2839927084,3.19475163e-05
whatsapp vs email,email,0.2858162507,1.857623368e-05
whatsapp vs email,email,0.2876397931,1.070177529e-05
whatsapp vs email,email,0.2894633354,6.108777518e-06
whatsapp vs email,email,0.2912868777,3.455215879e-06
whatsapp vs email,email,0.29311042,1.936599933e-06
whatsapp vs email,email,0.2949339623,1.075645879e-06
whatsapp vs email,email,0.2967575047,5.920844193e-07
whatsapp vs email,email,0.298581047,3.229999806e-07
whatsapp vs email,email,0.3004045893,1.746405009e-07
whatsapp vs email,email,0.3022281316,9.359002057e-08
whatsapp vs email,email,0.3040516739,4.971347905e-08
whatsapp vs email,email,0.3058752163,2.617557343e-08
whatsapp vs email,email,0.3076987586,1.366194537e-08
whatsapp vs email,email,0.3095223009,7.068699382e-09
whatsapp vs email,email,0.3113458432,3.625708879e-09
whatsapp vs email,email,0.3131693855,1.843690914e-09
whatsapp vs email,email,0.3149929279,9.294796609e-10
whatsapp vs in_app,whatsapp,0.08641810919,6.423967827e-23
whatsapp vs in_app,whatsapp,0.08833890598,5.645241136e-22
whatsapp vs in_app,whatsapp,0.09025970278,4.605478811e-21
whatsapp vs in_app,whatsapp,0.09218049957,3.498569506e-20
whatsapp vs in_app,whatsapp,0.09410129637,2.481752932e-19
whatsapp vs in_app,whatsapp,0.09602209317,1.648287575e-18
whatsapp vs in_app,whatsapp,0.09794288996,1.027540698e-17
whatsapp vs in_app,whatsapp,0.09986368676,6.026683076e-17
whatsapp vs in_app,whatsapp,0.1017844836,3.332989347e-16
whatsapp vs in_app,whatsapp,0.1037052803,1.741704267e-15
whatsapp vs in_app,whatsapp,0.1056260771,8.617041253e-15
whatsapp vs in_app,whatsapp,0.1075468739,4.043866828e-14
whatsapp vs in_app,whatsapp,0.1094676707,1.80326143e-13
whatsapp vs in_app,whatsapp,0.1113884675,7.65370295e-13
whatsapp vs in_app,whatsapp,0.1133092643,3.096890435e-12
whatsapp vs in_app,whatsapp,0.1152300611,1.196400505e-11
whatsapp vs in_app,whatsapp,0.1171508579,4.419226425e-11
whatsapp vs in_app,whatsapp,0.1190716547,1.562883506e-10
whatsapp vs in_app,whatsapp,0.1209924515,5.29883916e-10
whatsapp vs in_app,whatsapp,0.1229132483,1.724427153e-09
whatsapp vs in_app,whatsapp,0.1248340451,5.392994199e-09
whatsapp vs in_app,whatsapp,0.1267548419,1.622644429e-08
whatsapp vs in_app,whatsapp,0.1286756387,4.702081529e-08
whatsapp vs in_app,whatsapp,0.1305964355,1.313634259e-07
whatsapp vs in_app,whatsapp,0.1325172323,3.541609867e-07
whatsapp vs in_app,whatsapp,0.1344380291,9.223054032e-07
whatsapp vs in_app,whatsapp,0.1363588259,2.322121172e-06
whatsapp vs in_app,whatsapp,0.1382796227,5.657217203e-06
whatsapp vs in_app,whatsapp,0.1402004195,1.334703492e-05
whatsapp vs in_app,whatsapp,0.1421212163,3.051912202e-05
whatsapp vs in_app,whatsapp,0.1440420131,6.76849166e-05
whatsapp vs in_app,whatsapp,0.1459628099,0.0001456996314
whatsapp vs in_app,whatsapp,0.1478836066,0.0003046303722
whatsapp vs in_app,whatsapp,0.1498044034,0.0006190499898
whatsapp vs in_app,whatsapp,0.1517252002,0.001223472677
whatsapp vs in_app,whatsapp,0.153645997,0.002353132471
whatsapp vs in_app,whatsapp,0.1555667938,0.004406962174
whatsapp vs in_app,whatsapp,0.1574875906,0.008041196816
whatsapp vs in_app,whatsapp,0.1594083874,0.01430305519
whatsapp vs in_app,whatsapp,0.1613291842,0.02481379626
whatsapp vs in_app,whatsapp,0.163249981,0.04200829106
whatsapp vs in_app,whatsapp,0.1651707778,0.06943322672
whatsapp vs in_app,whatsapp,0.1670915746,0.112097443
whatsapp vs in_app,whatsapp,0.1690123714,0.176855387
whatsapp vs in_app,whatsapp,0.1709331682,0.272788685
whatsapp vs in_app,whatsapp,0.172853965,0.4115328207
whatsapp vs in_app,whatsapp,0.1747747618,0.6074784834
whatsapp vs in_app,whatsapp,0.1766955586,0.8777640114
whatsapp vs in_app,whatsapp,0.1786163554,1.241970885
whatsapp vs in_app,whatsapp,0.1805371522,1.721442745
whatsapp vs in_app,whatsapp,0.182457949,2.338173222
whatsapp vs in_app,whatsapp,0.1843787458,3.113250032
whatsapp vs in_app,whatsapp,0.1862995426,4.064900467
whatsapp vs in_app,whatsapp,0.1882203394,5.206250879
whatsapp vs in_app,whatsapp,0.1901411362,6.54298121
whatsapp vs in_app,whatsapp,0.1920619329,8.071113597
whatsapp vs in_app,whatsapp,0.1939827297,9.775209664
whatsapp vs in_app,whatsapp,0.1959035265,11.6272539
whatsapp vs in_app,whatsapp,0.1978243233,13.58646419
whatsapp vs in_app,whatsapp,0.1997451201,15.6001945
whatsapp vs in_app,whatsapp,0.2016659169,17.60598534
whatsapp vs in_app,whatsapp,0.2035867137,19.53468744
whatsapp vs in_app,whatsapp,0.2055075105,21.31445078
whatsapp vs in_app,whatsapp,0.2074283073,22.87525415
whatsapp vs in_app,whatsapp,0.2093491041,24.15356777
whatsapp vs in_app,whatsapp,0.2112699009,25.09670759
whatsapp vs in_app,whatsapp,0.2131906977,25.66645963
whatsapp vs in_app,whatsapp,0.2151114945,25.84162626
whatsapp vs in_app,whatsapp,0.2170322913,25.61926175
whatsapp vs in_app,whatsapp,0.2189530881,25.01450681
whatsapp vs in_app,whatsapp,0.2208738849,24.05908066
whatsapp vs in_app,whatsapp,0.2227946817,22.79862457
whatsapp vs in_app,whatsapp,0.2247154785,21.28919636
whatsapp vs in_app,whatsapp,0.2266362753,19.59327862
whatsapp vs in_app,whatsapp,0.2285570721,17.77568073
whatsapp vs in_app,whatsapp,0.2304778689,15.89968807
whatsapp vs in_app,whatsapp,0.2323986657,14.0237489
whatsapp vs in_app,whatsapp,0.2343194624,12.19890265
whatsapp vs in_app,whatsapp,0.2362402592,10.46705657
whatsapp vs in_app,whatsapp,0.238161056,8.860122962
whatsapp vs in_app,whatsapp,0.2400818528,7.399948799
whatsapp vs in_app,whatsapp,0.2420026496,6.098908942
whatsapp vs in_app,whatsapp,0.2439234464,4.960997997
whatsapp vs in_app,whatsapp,0.2458442432,3.983242885
whatsapp vs in_app,whatsapp,0.24776504,3.157265796
whatsapp vs in_app,whatsapp,0.2496858368,2.470849911
whatsapp vs in_app,whatsapp,0.2516066336,1.909392468
whatsapp vs in_app,whatsapp,0.2535274304,1.457165795
whatsapp vs in_app,whatsapp,0.2554482272,1.098341898
whatsapp vs in_app,whatsapp,0.257369024,0.8177668101
whatsapp vs in_app,whatsapp,0.2592898208,0.6014949064
whatsapp vs in_app,whatsapp,0.2612106176,0.4371101337
whatsapp vs in_app,whatsapp,0.2631314144,0.3138707812
whatsapp vs in_app,whatsapp,0.2650522112,0.2227180494
whatsapp vs in_app,whatsapp,0.266973008,0.1561876469
whatsapp vs in_app,whatsapp,0.2688938048,0.108259436
whatsapp vs in_app,whatsapp,0.2708146016,0.07417415166
whatsapp vs in_app,whatsapp,0.2727353984,0.05023958047
whatsapp vs in_app,whatsapp,0.2746561952,0.03364215253
whatsapp vs in_app,whatsapp,0.276576992,0.02227422609
whatsapp vs in_app,whatsapp,0.2784977887,0.01458271041
whatsapp vs in_app,whatsapp,0.2804185855,0.009441160244
whatsapp vs in_app,whatsapp,0.2823393823,0.006045019642
whatsapp vs in_app,whatsapp,0.2842601791,0.00382814244
whatsapp vs in_app,whatsapp,0.2861809759,0.002397885044
whatsapp vs in_app,whatsapp,0.2881017727,0.001485762859
whatsapp vs in_app,whatsapp,0.2900225695,0.0009107131287
whatsapp vs in_app,whatsapp,0.2919433663,0.0005522730995
whatsapp vs in_app,whatsapp,0.2938641631,0.000331355946
whatsapp vs in_app,whatsapp,0.2957849599,0.0001967124305
whatsapp vs in_app,whatsapp,0.2977057567,0.0001155558053
whatsapp vs in_app,whatsapp,0.2996265535,6.71739127e-05
whatsapp vs in_app,whatsapp,0.3015473503,3.864414063e-05
whatsapp vs in_app,whatsapp,0.3034681471,2.200215706e-05
whatsapp vs in_app,whatsapp,0.3053889439,1.239850147e-05
whatsapp vs in_app,whatsapp,0.3073097407,6.915418676e-06
whatsapp vs in_app,whatsapp,0.3092305375,3.81799549e-06
whatsapp vs in_app,whatsapp,0.3111513343,2.086611582e-06
whatsapp vs in_app,whatsapp,0.3130721311,1.128906643e-06
whatsapp vs in_app,whatsapp,0.3149929279,6.04651222e-07
whatsapp vs in_app,in_app,0.08641810919,2.92725131e-15
whatsapp vs in_app,in_app,0.08833890598,1.756243177e-14
whatsapp vs in_app,in_app,0.09025970278,9.835104305e-14
whatsapp vs in_app,in_app,0.09218049957,5.155241195e-13
whatsapp vs in_app,in_app,0.09410129637,2.53586286e-12
whatsapp vs in_app,in_app,0.09602209317,1.173468513e-11
whatsapp vs in_app,in_app,0.09794288996,5.120174017e-11
whatsapp vs in_app,in_app,0.09986368676,2.111085297e-10
whatsapp vs in_app,in_app,0.1017844836,8.241774558e-10
whatsapp vs in_app,in_app,0.1037052803,3.052570181e-09
whatsapp vs in_app,in_app,0.1056260771,1.074559068e-08
whatsapp vs in_app,in_app,0.1075468739,3.601317036e-08
whatsapp vs in_app,in_app,0.1094676707,1.150974202e-07
whatsapp vs in_app,in_app,0.1113884675,3.513278256e-07
whatsapp vs in_app,in_app,0.1133092643,1.025739622e-06
whatsapp vs in_app,in_app,0.1152300611,2.868414558e-06
whatsapp vs in_app,in_app,0.1171508579,7.693063103e-06
whatsapp vs in_app,in_app,0.1190716547,1.981314521e-05
whatsapp vs in_app,in_app,0.1209924515,4.905937805e-05
whatsapp vs in_app,in_app,0.1229132483,0.000116922507
whatsapp vs in_app,in_app,0.1248340451,0.0002685044037
whatsapp vs in_app,in_app,0.1267548419,0.0005947437121
whatsapp vs in_app,in_app,0.1286756387,0.001271923215
whatsapp vs in_app,in_app,0.1305964355,0.002628770458
whatsapp vs in_app,in_app,0.1325172323,0.00525527149
whatsapp vs in_app,in_app,0.1344380291,0.01017094322
whatsapp vs in_app,in_app,0.1363588259,0.0190724987
whatsapp vs in_app,in_app,0.1382796227,0.03467973004
whatsapp vs in_app,in_app,0.1402004195,0.0611917141
whatsapp vs in_app,in_app,0.1421212163,0.1048507987
whatsapp vs in_app,in_app,0.1440420131,0.1745876814
whatsapp vs in_app,in_app,0.1459628099,0.2826874183
whatsapp vs in_app,in_app,0.1478836066,0.4453763009
whatsapp vs in_app,in_app,0.1498044034,0.6831895241
whatsapp vs in_app,in_app,0.1517252002,1.02094903
whatsapp vs in_app,in_app,0.153645997,1.487171597
whatsapp vs in_app,in_app,0.1555667938,2.112750613
whatsapp vs in_app,in_app,0.1574875906,2.928819039
whatsapp vs in_app,in_app,0.1594083874,3.963806823
whatsapp vs in_app,in_app,0.1613291842,5.239844917
whatsapp vs in_app,in_app,0.163249981,6.768821011
whatsapp vs in_app,in_app,0.1651707778,8.548531711
whatsapp vs in_app,in_app,0.1670915746,10.5594705
whatsapp vs in_app,in_app,0.1690123714,12.76281192
whatsapp vs in_app,in_app,0.1709331682,15.10008149
whatsapp vs in_app,in_app,0.172853965,17.494835
whatsapp vs in_app,in_app,0.1747747618,19.85642818
whatsapp vs in_app,in_app,0.1766955586,22.08567081
whatsapp vs in_app,in_app,0.1786163554,24.08187764
whatsapp vs in_app,in_app,0.1805371522,25.750599
whatsapp vs in_app,in_app,0.182457949,27.0111822
whatsapp vs in_app,in_app,0.1843787458,27.80330456
whatsapp vs in_app,in_app,0.1862995426,28.09173617
whatsapp vs in_app,in_app,0.1882203394,27.86881537
whatsapp vs in_app,in_app,0.1901411362,27.15441494
whatsapp vs in_app,in_app,0.1920619329,25.99349329
whatsapp vs in_app,in_app,0.1939827297,24.45161204
whatsapp vs in_app,in_app,0.1959035265,22.60901718
whatsapp vs in_app,in_app,0.1978243233,20.55399952
whatsapp vs in_app,in_app,0.1997451201,18.37626214
whatsapp vs in_app,in_app,0.2016659169,16.16093938
whatsapp vs in_app,in_app,0.2035867137,13.98375642
whatsapp vs in_app,in_app,0.2055075105,11.90762383
whatsapp vs in_app,in_app,0.2074283073,9.980759829
whatsapp vs in_app,in_app,0.2093491041,8.236254205
whatsapp vs in_app,in_app,0.2112699009,6.692851305
whatsapp vs in_app,in_app,0.2131906977,5.356645726
whatsapp vs in_app,in_app,0.2151114945,4.223353692
whatsapp vs in_app,in_app,0.2170322913,3.280837883
whatsapp vs in_app,in_app,0.2189530881,2.511611749
whatsapp vs in_app,in_app,0.2208738849,1.895116844
whatsapp vs in_app,in_app,0.2227946817,1.409640413
whatsapp vs in_app,in_app,0.2247154785,1.033809514
whatsapp vs in_app,in_app,0.2266362753,0.7476553284
whatsapp vs in_app,in_app,0.2285570721,0.5332832594
whatsapp vs in_app,in_app,0.2304778689,0.3752105317
whatsapp vs in_app,in_app,0.2323986657,0.260444806
whatsapp vs in_app,in_app,0.2343194624,0.1783779758
whatsapp vs in_app,in_app,0.2362402592,0.1205621778
whatsapp vs in_app,in_app,0.238161056,0.08042350968
whatsapp vs in_app,in_app,0.2400818528,0.05295575301
whatsapp vs in_app,in_app,0.2420026496,0.03442357398
whatsapp vs in_app,in_app,0.2439234464,0.02209349326
whatsapp vs in_app,in_app,0.2458442432,0.01400199315
whatsapp vs in_app,in_app,0.24776504,0.008763595581
whatsapp vs in_app,in_app,0.2496858368,0.005417392658
whatsapp vs in_app,in_app,0.2516066336,0.003307965433
whatsapp vs in_app,in_app,0.2535274304,0.001995446392
whatsapp vs in_app,in_app,0.2554482272,0.001189247117
whatsapp vs in_app,in_app,0.257369024,0.0007003260861
whatsapp vs in_app,in_app,0.2592898208,0.0004075366111
whatsapp vs in_app,in_app,0.2612106176,0.00023437531
whatsapp vs in_app,in_app,0.2631314144,0.0001332218915
whatsapp vs in_app,in_app,0.2650522112,7.48507748e-05
whatsapp vs in_app,in_app,0.266973008,4.157299636e-05
whatsapp vs in_app,in_app,0.2688938048,2.282742631e-05
whatsapp vs in_app,in_app,0.2708146016,1.239276992e-05
whatsapp vs in_app,in_app,0.2727353984,6.652422644e-06
whatsapp vs in_app,in_app,0.2746561952,3.531217621e-06
whatsapp vs in_app,in_app,0.276576992,1.853679107e-06
whatsapp vs in_app,in_app,0.2784977887,9.623683179e-07
whatsapp vs in_app,in_app,0.2804185855,4.941685582e-07
whatsapp vs in_app,in_app,0.2823393823,2.509951714e-07
whatsapp vs in_app,in_app,0.2842601791,1.261074195e-07
whatsapp vs in_app,in_app,0.2861809759,6.267994595e-08
whatsapp vs in_app,in_app,0.2881017727,3.082166769e-08
whatsapp vs in_app,in_app,0.2900225695,1.499509495e-08
whatsapp vs in_app,in_app,0.2919433663,7.218269404e-09
whatsapp vs in_app,in_app,0.2938641631,3.438208123e-09
whatsapp vs in_app,in_app,0.2957849599,1.620578611e-09
whatsapp vs in_app,in_app,0.2977057567,7.559095171e-10
whatsapp vs in_app,in_app,0.2996265535,3.489421728e-10
whatsapp vs in_app,in_app,0.3015473503,1.594198852e-10
whatsapp vs in_app,in_app,0.3034681471,7.208711516e-11
whatsapp vs in_app,in_app,0.3053889439,3.226405659e-11
whatsapp vs in_app,in_app,0.3073097407,1.429373864e-11
whatsapp vs in_app,in_app,0.3092305375,6.268403589e-12
whatsapp vs in_app,in_app,0.3111513343,2.721262061e-12
whatsapp vs in_app,in_app,0.3130721311,1.169508824e-12
whatsapp vs in_app,in_app,0.3149929279,4.97591725e-13
whatsapp vs voice_transcript,whatsapp,0.111225997,6.785489446e-13
whatsapp vs voice_transcript,whatsapp,0.1129383242,2.37289741e-12
whatsapp vs voice_transcript,whatsapp,0.1146506513,7.996541771e-12
whatsapp vs voice_transcript,whatsapp,0.1163629785,2.599545568e-11
whatsapp vs voice_transcript,whatsapp,0.1180753056,8.160023424e-11
whatsapp vs voice_transcript,whatsapp,0.1197876328,2.475667332e-10
whatsapp vs voice_transcript,whatsapp,0.1214999599,7.265921289e-10
whatsapp vs voice_transcript,whatsapp,0.1232122871,2.064717586e-09
whatsapp vs voice_transcript,whatsapp,0.1249246142,5.685394123e-09
whatsapp vs voice_transcript,whatsapp,0.1266369414,1.518217624e-08
whatsapp vs voice_transcript,whatsapp,0.1283492685,3.93469057e-08
whatsapp vs voice_transcript,whatsapp,0.1300615957,9.90390681e-08
whatsapp vs voice_transcript,whatsapp,0.1317739228,2.422845025e-07
whatsapp vs voice_transcript,whatsapp,0.13348625,5.764473579e-07
whatsapp vs voice_transcript,whatsapp,0.1351985771,1.334716632e-06
whatsapp vs voice_transcript,whatsapp,0.1369109043,3.009425642e-06
whatsapp vs voice_transcript,whatsapp,0.1386232314,6.611542455e-06
whatsapp vs voice_transcript,whatsapp,0.1403355586,1.416108011e-05
whatsapp vs voice_transcript,whatsapp,0.1420478857,2.95872717e-05
whatsapp vs voice_transcript,whatsapp,0.1437602129,6.033372541e-05
whatsapp vs voice_transcript,whatsapp,0.14547254,0.0001201393803
whatsapp vs voice_transcript,whatsapp,0.1471848672,0.0002337200637
whatsapp vs voice_transcript,whatsapp,0.1488971943,0.0004444262262
whatsapp vs voice_transcript,whatsapp,0.1506095215,0.0008264124782
whatsapp vs voice_transcript,whatsapp,0.1523218486,0.001503422449
whatsapp vs voice_transcript,whatsapp,0.1540341758,0.002676942254
whatsapp vs voice_transcript,whatsapp,0.1557465029,0.004667144642
whatsapp vs voice_transcript,whatsapp,0.1574588301,0.007970621863
whatsapp vs voice_transcript,whatsapp,0.1591711572,0.01333921978
whatsapp vs voice_transcript,whatsapp,0.1608834844,0.02188411302
whatsapp vs voice_transcript,whatsapp,0.1625958115,0.03520833269
whatsapp vs voice_transcript,whatsapp,0.1643081387,0.05556899476
whatsapp vs voice_transcript,whatsapp,0.1660204658,0.08606723967
whatsapp vs voice_transcript,whatsapp,0.167732793,0.1308592555
whatsapp vs voice_transcript,whatsapp,0.1694451201,0.1953757803
whatsapp vs voice_transcript,whatsapp,0.1711574473,0.2865305021
whatsapp vs voice_transcript,whatsapp,0.1728697744,0.4128904496
whatsapp vs voice_transcript,whatsapp,0.1745821016,0.5847747964
whatsapp vs voice_transcript,whatsapp,0.1762944287,0.8142437586
whatsapp vs voice_transcript,whatsapp,0.1780067559,1.114937878
whatsapp vs voice_transcript,whatsapp,0.179719083,1.501731344
whatsapp vs voice_transcript,whatsapp,0.1814314102,1.990172169
whatsapp vs voice_transcript,whatsapp,0.1831437373,2.595697456
whatsapp vs voice_transcript,whatsapp,0.1848560645,3.332633337
whatsapp vs voice_transcript,whatsapp,0.1865683916,4.213014971
whatsapp vs voice_transcript,whatsapp,0.1882807188,5.245289897
whatsapp vs voice_transcript,whatsapp,0.1899930459,6.432994721
whatsapp vs voice_transcript,whatsapp,0.1917053731,7.773516802
whatsapp vs voice_transcript,whatsapp,0.1934177002,9.257065447
whatsapp vs voice_transcript,whatsapp,0.1951300274,10.86597798
whatsapp vs voice_transcript,whatsapp,0.1968423545,12.5744728
whatsapp vs voice_transcript,whatsapp,0.1985546817,14.34893391
whatsapp vs voice_transcript,whatsapp,0.2002670088,16.14877103
whatsapp vs voice_transcript,whatsapp,0.201979336,17.92784944
whatsapp vs voice_transcript,whatsapp,0.2036916631,19.6364299
whatsapp vs voice_transcript,whatsapp,0.2054039903,21.22350674
whatsapp vs voice_transcript,whatsapp,0.2071163174,22.63938808
whatsapp vs voice_transcript,whatsapp,0.2088286446,23.8383318
whatsapp vs voice_transcript,whatsapp,0.2105409717,24.78103818
whatsapp vs voice_transcript,whatsapp,0.2122532989,25.43680706
whatsapp vs voice_transcript,whatsapp,0.213965626,25.78519347
whatsapp vs voice_transcript,whatsapp,0.2156779532,25.81703827
whatsapp vs voice_transcript,whatsapp,0.2173902803,25.53480454
whatsapp vs voice_transcript,whatsapp,0.2191026075,24.95220984
whatsapp vs voice_transcript,whatsapp,0.2208149346,24.09320365
whatsapp vs voice_transcript,whatsapp,0.2225272618,22.99039024
whatsapp vs voice_transcript,whatsapp,0.2242395889,21.68303721
whatsapp vs voice_transcript,whatsapp,0.2259519161,20.21483363
whatsapp vs voice_transcript,whatsapp,0.2276642432,18.63156921
whatsapp vs voice_transcript,whatsapp,0.2293765704,16.97889742
whatsapp vs voice_transcript,whatsapp,0.2310888975,15.30032306
whatsapp vs voice_transcript,whatsapp,0.2328012247,13.63552287
whatsapp vs voice_transcript,whatsapp,0.2345135518,12.01906968
whatsapp vs voice_transcript,whatsapp,0.236225879,10.47959164
whatsapp vs voice_transcript,whatsapp,0.2379382061,9.039361215
whatsapp vs voice_transcript,whatsapp,0.2396505333,7.714278134
whatsapp vs voice_transcript,whatsapp,0.2413628604,6.514186843
whatsapp vs voice_transcript,whatsapp,0.2430751876,5.443454802
whatsapp vs voice_transcript,whatsapp,0.2447875147,4.501731711
whatsapp vs voice_transcript,whatsapp,0.2464998419,3.684811242
whatsapp vs voice_transcript,whatsapp,0.248212169,2.985524342
whatsapp vs voice_transcript,whatsapp,0.2499244962,2.394604782
whatsapp vs voice_transcript,whatsapp,0.2516368233,1.90148157
whatsapp vs voice_transcript,whatsapp,0.2533491505,1.494967382
whatsapp vs voice_transcript,whatsapp,0.2550614776,1.163825912
whatsapp vs voice_transcript,whatsapp,0.2567738048,0.8972129963
whatsapp vs voice_transcript,whatsapp,0.2584861319,0.6849959326
whatsapp vs voice_transcript,whatsapp,0.2601984591,0.5179623397
whatsapp vs voice_transcript,whatsapp,0.2619107862,0.3879342965
whatsapp vs voice_transcript,whatsapp,0.2636231134,0.2878055949
whatsapp vs voice_transcript,whatsapp,0.2653354405,0.2115202001
whatsapp vs voice_transcript,whatsapp,0.2670477677,0.1540088844
whatsapp vs voice_transcript,whatsapp,0.2687600948,0.1110989694
whatsapp vs voice_transcript,whatsapp,0.270472422,0.07940958422
whatsapp vs voice_transcript,whatsapp,0.2721847491,0.05624216899
whatsapp vs voice_transcript,whatsapp,0.2738970763,0.03947338563
whatsapp vs voice_transcript,whatsapp,0.2756094034,0.02745529643
whatsapp vs voice_transcript,whatsapp,0.2773217306,0.01892574376
whatsapp vs voice_transcript,whatsapp,0.2790340577,0.01293033612
whatsapp vs voice_transcript,whatsapp,0.2807463849,0.008756308848
whatsapp vs voice_transcript,whatsapp,0.282458712,0.005877741454
whatsapp vs voice_transcript,whatsapp,0.2841710392,0.003911120466
whatsapp vs voice_transcript,whatsapp,0.2858833663,0.002579976729
whatsapp vs voice_transcript,whatsapp,0.2875956935,0.001687237703
whatsapp vs voice_transcript,whatsapp,0.2893080206,0.001093966666
whatsapp vs voice_transcript,whatsapp,0.2910203478,0.0007032668433
whatsapp vs voice_transcript,whatsapp,0.2927326749,0.0004482752884
whatsapp vs voice_transcript,whatsapp,0.2944450021,0.0002833334831
whatsapp vs voice_transcript,whatsapp,0.2961573292,0.0001775819322
whatsapp vs voice_transcript,whatsapp,0.2978696564,0.000110373866
whatsapp vs voice_transcript,whatsapp,0.2995819835,6.803285016e-05
whatsapp vs voice_transcript,whatsapp,0.3012943107,4.15885577e-05
whatsapp vs voice_transcript,whatsapp,0.3030066378,2.521443319e-05
whatsapp vs voice_transcript,whatsapp,0.304718965,1.516217925e-05
whatsapp vs voice_transcript,whatsapp,0.3064312921,9.043312988e-06
whatsapp vs voice_transcript,whatsapp,0.3081436193,5.350113805e-06
whatsapp vs voice_transcript,whatsapp,0.3098559464,3.139666837e-06
whatsapp vs voice_transcript,whatsapp,0.3115682736,1.827697554e-06
whatsapp vs voice_transcript,whatsapp,0.3132806007,1.055455733e-06
whatsapp vs voice_transcript,whatsapp,0.3149929279,6.04651222e-07
whatsapp vs voice_transcript,voice_transcript,0.111225997,1.804060795e-11
whatsapp vs voice_transcript,voice_transcript,0.1129383242,5.725609386e-11
whatsapp vs voice_transcript,voice_transcript,0.1146506513,1.754891678e-10
whatsapp vs voice_transcript,voice_transcript,0.1163629785,5.199444694e-10
whatsapp vs voice_transcript,voice_transcript,0.1180753056,1.490538119e-09
whatsapp vs voice_transcript,voice_transcript,0.1197876328,4.138020215e-09
whatsapp vs voice_transcript,voice_transcript,0.1214999599,1.113455677e-08
whatsapp vs voice_transcript,voice_transcript,0.1232122871,2.906269499e-08
whatsapp vs voice_transcript,voice_transcript,0.1249246142,7.364080856e-08
whatsapp vs voice_transcript,voice_transcript,0.1266369414,1.81277577e-07
whatsapp vs voice_transcript,voice_transcript,0.1283492685,4.33832897e-07
whatsapp vs voice_transcript,voice_transcript,0.1300615957,1.010069421e-06
whatsapp vs voice_transcript,voice_transcript,0.1317739228,2.289369949e-06
whatsapp vs voice_transcript,voice_transcript,0.13348625,5.054651116e-06
whatsapp vs voice_transcript,voice_transcript,0.1351985771,1.087778909e-05
whatsapp vs voice_transcript,voice_transcript,0.1369109043,2.283063534e-05
whatsapp vs voice_transcript,voice_transcript,0.1386232314,4.675922821e-05
whatsapp vs voice_transcript,voice_transcript,0.1403355586,9.350257233e-05
whatsapp vs voice_transcript,voice_transcript,0.1420478857,0.0001826471436
whatsapp vs voice_transcript,voice_transcript,0.1437602129,0.0003487010379
whatsapp vs voice_transcript,voice_transcript,0.14547254,0.0006509605333
whatsapp vs voice_transcript,voice_transcript,0.1471848672,0.001188829707
whatsapp vs voice_transcript,voice_transcript,0.1488971943,0.002124924675
whatsapp vs voice_transcript,voice_transcript,0.1506095215,0.00371890264
whatsapp vs voice_transcript,voice_transcript,0.1523218486,0.006375516744
whatsapp vs voice_transcript,voice_transcript,0.1540341758,0.01071077677
whatsapp vs voice_transcript,voice_transcript,0.1557465029,0.01764010832
whatsapp vs voice_transcript,voice_transcript,0.1574588301,0.0284918218
whatsapp vs voice_transcript,voice_transcript,0.1591711572,0.04514778036
whatsapp vs voice_transcript,voice_transcript,0.1608834844,0.07021066449
whatsapp vs voice_transcript,voice_transcript,0.1625958115,0.1071935182
whatsapp vs voice_transcript,voice_transcript,0.1643081387,0.1607223181
whatsapp vs voice_transcript,voice_transcript,0.1660204658,0.2367363354
whatsapp vs voice_transcript,voice_transcript,0.167732793,0.3426645302
whatsapp vs voice_transcript,voice_transcript,0.1694451201,0.4875498957
whatsapp vs voice_transcript,voice_transcript,0.1711574473,0.6820885816
whatsapp vs voice_transcript,voice_transcript,0.1728697744,0.9385479946
whatsapp vs voice_transcript,voice_transcript,0.1745821016,1.270529134
whatsapp vs voice_transcript,voice_transcript,0.1762944287,1.692544248
whatsapp vs voice_transcript,voice_transcript,0.1780067559,2.219392156
whatsapp vs voice_transcript,voice_transcript,0.179719083,2.865330231
whatsapp vs voice_transcript,voice_transcript,0.1814314102,3.643063376
whatsapp vs voice_transcript,voice_transcript,0.1831437373,4.562594493
whatsapp vs voice_transcript,voice_transcript,0.1848560645,5.63000559
whatsapp vs voice_transcript,voice_transcript,0.1865683916,6.846260518
whatsapp vs voice_transcript,voice_transcript,0.1882807188,8.20613616
whatsapp vs voice_transcript,voice_transcript,0.1899930459,9.697395487
whatsapp vs voice_transcript,voice_transcript,0.1917053731,11.3003111
whatsapp vs voice_transcript,voice_transcript,0.1934177002,12.98763038
whatsapp vs voice_transcript,voice_transcript,0.1951300274,14.72504374
whatsapp vs voice_transcript,voice_transcript,0.1968423545,16.47217795
whatsapp vs voice_transcript,voice_transcript,0.1985546817,18.1840905
whatsapp vs voice_transcript,voice_transcript,0.2002670088,19.81319321
whatsapp vs voice_transcript,voice_transcript,0.201979336,21.31148982
whatsapp vs voice_transcript,voice_transcript,0.2036916631,22.63297721
whatsapp vs voice_transcript,voice_transcript,0.2054039903,23.73603853
whatsapp vs voice_transcript,voice_transcript,0.2071163174,24.58565112
whatsapp vs voice_transcript,voice_transcript,0.2088286446,25.15524386
whatsapp vs voice_transcript,voice_transcript,0.2105409717,25.42806633
whatsapp vs voice_transcript,voice_transcript,0.2122532989,25.39797295
whatsapp vs voice_transcript,voice_transcript,0.213965626,25.06957447
whatsapp vs voice_transcript,voice_transcript,0.2156779532,24.4577619
whatsapp vs voice_transcript,voice_transcript,0.2173902803,23.58665781
whatsapp vs voice_transcript,voice_transcript,0.2191026075,22.48809305
whatsapp vs voice_transcript,voice_transcript,0.2208149346,21.19973843
whatsapp vs voice_transcript,voice_transcript,0.2225272618,19.76303875
whatsapp vs voice_transcript,voice_transcript,0.2242395889,18.22110061
whatsapp vs voice_transcript,voice_transcript,0.2259519161,16.61667525
whatsapp vs voice_transcript,voice_transcript,0.2276642432,14.99035708
whatsapp vs voice_transcript,voice_transcript,0.2293765704,13.37908949
whatsapp vs voice_transcript,voice_transcript,0.2310888975,11.81503637
whatsapp vs voice_transcript,voice_transcript,0.2328012247,10.32484374
whatsapp vs voice_transcript,voice_transcript,0.2345135518,8.929284749
whatsapp vs voice_transcript,voice_transcript,0.236225879,7.643254705
whatsapp vs voice_transcript,voice_transcript,0.2379382061,6.476063326
whatsapp vs voice_transcript,voice_transcript,0.2396505333,5.431959111
whatsapp vs voice_transcript,voice_transcript,0.2413628604,4.510815552
whatsapp vs voice_transcript,voice_transcript,0.2430751876,3.708910313
whatsapp vs voice_transcript,voice_transcript,0.2447875147,3.019734863
whatsapp vs voice_transcript,voice_transcript,0.2464998419,2.434782058
whatsapp vs voice_transcript,voice_transcript,0.248212169,1.944271102
whatsapp vs voice_transcript,voice_transcript,0.2499244962,1.537781896
whatsapp vs voice_transcript,voice_transcript,0.2516368233,1.204782704
whatsapp vs voice_transcript,voice_transcript,0.2533491505,0.9350455486
whatsapp vs voice_transcript,voice_transcript,0.2550614776,0.7189522382
whatsapp vs voice_transcript,voice_transcript,0.2567738048,0.5477001939
whatsapp vs voice_transcript,voice_transcript,0.2584861319,0.4134213363
whatsapp vs voice_transcript,voice_transcript,0.2601984591,0.3092294119
whatsapp vs voice_transcript,voice_transcript,0.2619107862,0.2292116254
whatsapp vs voice_transcript,voice_transcript,0.2636231134,0.1683796913
whatsapp vs voice_transcript,voice_transcript,0.2653354405,0.1225938151
whatsapp vs voice_transcript,voice_transcript,0.2670477677,0.08847102393
whatsapp vs voice_transcript,voice_transcript,0.2687600948,0.06328697805
whatsapp vs voice_transcript,voice_transcript,0.270472422,0.04487815296
whatsapp vs voice_transcript,voice_transcript,0.2721847491,0.03154922856
whatsapp vs voice_transcript,voice_transcript,0.2738970763,0.02198876666
whatsapp vs voice_transcript,voice_transcript,0.2756094034,0.01519483292
whatsapp vs voice_transcript,voice_transcript,0.2773217306,0.01041113033
whatsapp vs voice_transcript,voice_transcript,0.2790340577,0.00707343061
whatsapp vs voice_transcript,voice_transcript,0.2807463849,0.004765575471
whatsapp vs voice_transcript,voice_transcript,0.282458712,0.003184020479
whatsapp vs voice_transcript,voice_transcript,0.2841710392,0.002109760929
whatsapp vs voice_transcript,voice_transcript,0.2858833663,0.001386464098
whatsapp vs voice_transcript,voice_transcript,0.2875956935,0.0009036964202
whatsapp vs voice_transcript,voice_transcript,0.2893080206,0.0005842451039
whatsapp vs voice_transcript,voice_transcript,0.2910203478,0.0003746672283
whatsapp vs voice_transcript,voice_transcript,0.2927326749,0.0002383380907
whatsapp vs voice_transcript,voice_transcript,0.2944450021,0.0001504031212
whatsapp vs voice_transcript,voice_transcript,0.2961573292,9.415728438e-05
whatsapp vs voice_transcript,voice_transcript,0.2978696564,5.847931086e-05
whatsapp vs voice_transcript,voice_transcript,0.2995819835,3.603453418e-05
whatsapp vs voice_transcript,voice_transcript,0.3012943107,2.20303078e-05
whatsapp vs voice_transcript,voice_transcript,0.3030066378,1.336359788e-05
whatsapp vs voice_transcript,voice_transcript,0.304718965,8.043464883e-06
whatsapp vs voice_transcript,voice_transcript,0.3064312921,4.803913768e-06
whatsapp vs voice_transcript,voice_transcript,0.3081436193,2.847045449e-06
whatsapp vs voice_transcript,voice_transcript,0.3098559464,1.674384705e-06
whatsapp vs voice_transcript,voice_transcript,0.3115682736,9.772188312e-07
whatsapp vs voice_transcript,voice_transcript,0.3132806007,5.660018053e-07
whatsapp vs voice_transcript,voice_transcript,0.3149929279,3.253467716e-07
